province,day,S,E,I,R
Uruzgan,0.0,121162.80447849,0.0,1.0,10533.120021509996
Uruzgan,0.25,121161.96463894825,0.8267472178107227,0.9522349959052689,10533.180878838022
Uruzgan,0.5,121161.15409586244,1.5992744363219478,0.9315160454887644,10533.23961365575
Uruzgan,0.75,121160.35084452995,2.3409078195344764,0.9349271756227974,10533.297820474892
Uruzgan,1.0,121159.5350243571,3.0721467582754163,0.9603904069286432,10533.356938477707
Uruzgan,1.25,121158.6882519893,3.8114071285527436,1.0065410452360202,10533.418299836934
Uruzgan,1.5,121157.79304965753,4.5756479820477285,1.0726312206120179,10533.483171139822
Uruzgan,1.75,121156.83234612741,5.380907556678469,1.1584567615838148,10533.55278955435
Uruzgan,2.0,121155.78903237586,6.2427689255716174,1.2643036658833555,10533.628395032698
Uruzgan,2.25,121154.64555581627,7.176773432785354,1.3909110264514248,10533.71125972451
Uruzgan,2.5,121153.38354074566,8.198795601377475,1.5394481595000276,10533.802715493486
Uruzgan,2.75,121151.98342274719,9.325392806700162,1.711504019286596,10533.904180426845
Uruzgan,3.0,121150.42408760289,10.574139767899512,1.909087606244392,10534.017185022976
Uruzgan,3.25,121148.68250567063,11.963957243564202,2.1346383718485518,10534.143398713964
Uruzgan,3.5,121146.73335323528,13.515443453092038,2.3910459718777255,10534.284657339771
Uruzgan,3.75,121144.54861310011,15.251215765050633,2.6816789983281035,10534.442992136528
Uruzgan,4.0,121142.09714673048,17.196269899553723,3.010422571388749,10534.620660798591
Uruzgan,4.25,121139.34423030097,19.378363628352744,3.3817248988212136,10534.82018117188
Uruzgan,4.5,121136.25104693534,21.828431826903447,3.8006530963780043,10535.044368141387
Uruzgan,4.75,121132.77412697524,24.58103994550585,4.272958769573592,10535.296374309693
Uruzgan,5.0,121128.86472767283,27.674883190766582,4.80515403973545,10535.579735096673
Uruzgan,5.25,121124.46814305795,31.15333912033759,5.4045988826450495,10535.898418939074
Uruzgan,5.5,121119.52293392729,35.06508190645711,6.079600837231155,10536.25688332903
Uruzgan,5.75,121113.96006687252,39.46476727117269,6.8395283481165805,10536.660137508206
Uruzgan,6.0,121107.70195047063,44.413797665412524,7.694939168807688,10537.113812695168
Uruzgan,6.25,121100.66135484623,49.981178728739444,8.657725558027618,10537.62424086701
Uruzgan,6.5,121092.74019989108,56.24447875124983,9.7412781688044,10538.198543188882
Uruzgan,6.75,121083.82819562934,63.29090424028123,10.960670807900398,10538.844729322482
Uruzgan,7.0,121073.80131623833,71.21850621993715,12.332868544475316,10539.571808997254
Uruzgan,7.25,121062.52008717693,80.13753347757438,13.87696195683346,10540.38991738867
Uruzgan,7.5,121049.82766252101,90.1719507897835,15.614430655980783,10541.31045603322
Uruzgan,7.75,121035.54766677321,101.46114235175457,17.569439641228794,10542.346251233803
Uruzgan,8.0,121019.48177339314,114.16182217871622,19.76917234989095,10543.511732078245
Uruzgan,8.25,121001.40698748211,128.45017698701758,22.244204957458088,10544.823130573419
Uruzgan,8.5,120981.07259790858,144.52426868259874,25.028926819062843,10546.298706589761
Uruzgan,8.75,120958.19676010919,162.60672669354264,28.162012545561005,10547.959000651716
Uruzgan,9.0,120932.46266619496,182.94776390438338,31.68695189717497,10549.827118003495
Uruzgan,9.25,120903.51425459787,205.82855327709376,35.65264435165396,10551.929047773388
Uruzgan,9.5,120870.9514064382,231.56500605426385,40.11406598606276,10554.294021521502
Uruzgan,9.75,120834.32457044683,260.5119964320278,45.13301715665761,10556.954915964508
Uruzgan,10.0,120793.12875422438,293.0680805154635,50.77896015033184,10559.948705109846
Uruzgan,10.25,120746.79680952954,329.68076495584137,57.129957548802956,10563.316967965842
Uruzgan,10.5,120694.69193861347,370.85238076721816,64.27372234919667,10567.106458270138
Uruzgan,10.75,120636.09933940184,417.14662451740355,72.30879242671158,10571.36974365406
Uruzgan,11.0,120570.21690173367,469.195832786016,81.3458430361834,10576.165922444146
Uruzgan,11.25,120496.14486122823,527.7090593322035,91.50915225390833,10581.561427185674
Uruzgan,11.5,120412.87431124506,593.4810280883222,102.93823564654338,10587.630925020081
Uruzgan,11.75,120319.27447260906,667.4020343344727,115.78966722345315,10594.458325833026
Uruzgan,12.0,120214.07861306393,750.4688707005256,130.2391056353214,10602.137910600237
Uruzgan,12.25,120095.8685099927,843.7968511513684,146.48354543428616,10610.775593421671
Uruzgan,12.5,119963.0573562714,948.6329984300808,164.74381360926955,10620.49033168926
Uruzgan,12.75,119813.87101140665,1066.3704551540125,185.26733293495656,10631.415700504398
Uruzgan,13.0,119646.32751388053,1198.564163654586,208.3311737694736,10643.701648695418
Uruzgan,13.25,119458.21479022394,1346.9478389415378,234.24541569844357,10657.516455136094
Uruzgan,13.5,119247.06652349424,1513.4522311775504,263.35683975584084,10673.048905572383
Uruzgan,13.75,119010.13619366162,1700.2246271433369,296.0529686240831,10690.510710570972
Uruzgan,14.0,118744.36934208513,1909.6494988087115,332.7664713906145,10710.139187715555
Uruzgan,14.25,118446.37420183055,2144.370124941358,373.9799424282647,10732.200230799837
Uruzgan,14.5,118112.39093173438,2407.310921895164,420.2310570760308,10756.99158929444
Uruzgan,14.75,117738.25981464256,2701.7001060624566,472.1180976217331,10784.846481673256
Uruzgan,15.0,117319.38894291318,3031.092162314899,530.3058295724471,10816.137565199479
Uruzgan,15.25,116850.72211522765,3399.389410967048,595.5316908025707,10851.281283002747
Uruzgan,15.5,116326.707916385,3810.861743630302,668.6122337147705,10890.742606269934
Uruzgan,15.75,115741.27125204643,4270.163330618384,750.4497323001347,10935.040185035057
Uruzgan,16.0,115087.78897500425,4782.344782706832,842.0388289875583,10984.751913301368
Uruzgan,16.25,114359.07164737029,5352.858890872631,944.4730547524792,11040.520907004606
Uruzgan,16.5,113547.35398149099,5987.557637194111,1058.9510010991964,11103.061880215706
Uruzgan,16.75,112644.29704307255,6692.6777094879935,1186.7818588083844,11173.167888631066
Uruzgan,17.0,111641.0058867336,7474.811257612679,1329.3899653181752,11251.717390335541
Uruzgan,17.25,110528.06691173319,8340.858122468711,1488.3179173052222,11339.681548492881
Uruzgan,17.5,109295.60982944435,9297.955290297925,1665.2277102697897,11438.13166998794
Uruzgan,17.75,107933.39967114993,10353.378927123817,1861.899264490051,11548.246637236205
Uruzgan,18.0,106430.9646570958,11514.414105296106,2080.225590584653,11671.32014702345
Uruzgan,18.25,104777.76589118275,12788.187344058828,2322.203744462055,11808.767520296375
Uruzgan,18.5,102963.41460751384,14181.457471793166,2589.9206299577722,11962.131790735224
Uruzgan,18.75,100977.94191537172,15700.361224990476,2885.5326408048163,12133.088718833002
Uruzgan,19.0,98812.1244877002,17350.1115896707,3211.2381084916683,12323.450314137439
Uruzgan,19.25,96457.86722845206,19134.64932732813,3569.2415597160048,12535.16638450383
Uruzgan,19.5,93908.64046883288,21056.251548282497,3961.7089106043804,12770.32357228027
Uruzgan,19.75,91159.96457032485,23115.105679514934,4390.712960661082,13031.14128949916
Uruzgan,20.0,88209.92894868331,25308.862693219868,4858.168922883258,13319.963935213582
Uruzgan,20.25,85059.72564029321,27632.18982411294,5365.760258196616,13639.248777397264
Uruzgan,20.5,81714.170002869,30076.349795009213,5914.85578251832,13991.548919603501
Uruzgan,20.75,78182.17365006903,32628.84011422846,6506.419876450056,14379.490859252495
Uruzgan,21.0,74477.12823870078,35273.13135237995,7140.918619675966,14805.746289243338
Uruzgan,21.25,70617.1544983336,37988.546264990444,7818.225732715225,15272.998003960753
Uruzgan,21.5,66625.17030876757,40750.320903532534,8537.533241565347,15783.90004613458
Uruzgan,21.75,62528.736027772364,43529.88324832493,9297.272657091562,16341.032566811176
Uruzgan,22.0,58359.645637370115,46295.37358186374,10095.053028323406,16946.852252442764
Uruzgan,22.25,54153.24890899257,49012.4136854593,10927.622329041931,17603.639576506226
Uruzgan,22.5,49947.511978837574,51645.10986389553,11790.858132813848,18313.444524453083
Uruzgan,22.75,45781.84957650148,54157.24980619903,12679.792337926618,19078.0327793729
Uruzgan,23.0,41695.78861914026,56513.62846419714,13588.672818792562,19898.834597870078
Uruzgan,23.25,37727.546128622416,58681.41725247652,14511.062408126061,20776.89871077504
Uruzgan,23.5,33912.62045341066,60631.47775676436,15439.972768913962,21712.853520911063
Uruzgan,23.75,30282.50025913369,62339.51881096351,16368.02780371349,22706.877626189347
Uruzgan,24.0,26863.58886651537,63787.00572721596,17287.648628491126,23758.681277777585
Uruzgan,24.25,23676.42249734327,64961.75202572696,18191.250157895993,24867.499819033826
Uruzgan,24.5,20735.232251873033,65858.15447097058,19071.438287534642,26032.09948962178
Uruzgan,24.75,18047.865659275354,66477.06681935937,19921.19674660174,27250.795274763557
Uruzgan,25.0,15616.048834256871,66825.34220524997,20734.053628967686,28521.4798315255
Uruzgan,25.25,13435.940091914626,66915.10286797782,21504.21951393169,29841.662026175894
Uruzgan,25.5,11498.904695720681,66762.81488341591,22226.69187065285,31208.513050210586
Uruzgan,25.75,9792.430300485603,66388.25286494603,22897.323458220653,32618.917876347747
Uruzgan,26.0,8301.100060260189,65813.44007970451,23512.854428180057,34069.529931855286
Uruzgan,26.25,7007.549698562771,65061.637210972534,24070.910894647437,35556.82669581729
Uruzgan,26.5,5893.351712330344,64156.433865060004,24569.974700993662,37077.164221616025
Uruzgan,26.75,4939.782724959452,63120.98343411241,25009.329260467126,38626.82908046105
Uruzgan,27.0,4128.453583427616,61977.396431474925,25388.98821377528,40202.08627132221
Uruzgan,27.25,3441.7928066882305,60746.29703510789,25709.61233247482,41799.22232572909
Uruzgan,27.5,2863.3903168781185,59446.53073480087,25972.420460536625,43414.58298778443
Uruzgan,27.75,2378.2151670213375,58095.0049725957,26179.09910418959,45044.60525619341
Uruzgan,28.0,1972.7266861216199,56706.63961708179,26331.714348122932,46685.84384867371
Uruzgan,28.25,1634.9008847943232,55294.4022978777,26432.629016200382,48334.99230112764
Uruzgan,28.5,1354.1930050856583,53869.405470074125,26484.42692074534,49988.89910409492
Uruzgan,28.75,1121.4553348346299,52441.04450794298,26489.845296292013,51644.57936093043
Uruzgan,29.0,928.8267128719317,51017.15937531403,26451.71592086054,53299.22249095354
Uruzgan,29.25,769.6068131810129,49604.20627258774,26372.914890445467,54950.19652378583
Uruzgan,29.5,638.1251916240484,48207.429141926805,26256.32065003587,56595.04951641334
Uruzgan,29.75,529.6123273075367,46831.02391892128,26104.779664200323,58231.50858957091
Uruzgan,30.0,440.07753584035083,45478.29095367515,25921.0789733459,59857.47703713866
Uruzgan,30.25,366.19672183907244,44151.77304653713,25707.92481668438,61471.02991493948
Uruzgan,30.5,305.2114642801583,42853.37808006061,25467.92649426951,63070.40846138978
Uruzgan,30.75,254.83992392899555,41584.48623933198,25203.584684684825,64654.01365205426
Uruzgan,31.0,213.1993439849942,40346.04251912127,24917.28349251029,66220.3991443835
Uruzgan,31.25,178.73944212140066,39138.63566307312,24611.285568773696,67768.26382603185
Uruzgan,31.5,150.18571500643066,37962.56492046882,24287.729727480088,69296.44413704472
Uruzgan,31.75,126.49159773069033,36817.89603264054,23948.630561402926,70803.9063082259
Uruzgan,32.0,106.79837830959976,35704.50786313771,23595.879629356557,72289.73862919619
Uruzgan,32.25,90.40178380151556,34622.131030086755,23231.24786003087,73753.14382608091
Uruzgan,32.5,76.72428453758044,33570.379720489895,22856.388871720545,75193.43162325204
Uruzgan,32.75,65.29221678674865,32548.77778476446,22472.842965196087,76610.01153325276
Uruzgan,33.0,55.71694660138732,31556.780051922047,22082.041590893274,78002.38591058335
Uruzgan,33.25,47.6794121053396,30593.78966340334,21685.312125448017,79370.14329904337
Uruzgan,33.5,40.91744992402542,29659.172134949342,21283.882836481294,80712.95207864541
Uruzgan,33.75,35.215436189814156,28752.266707287432,20878.887924998755,82030.55443152405
Uruzgan,34.0,30.395816252264762,27872.395489701088,20471.372575366193,83322.76061868052
Uruzgan,34.25,26.31219376515339,27018.870787397886,20062.29794560173,84589.4435732353
Uruzgan,34.5,22.843690175776047,26191.00095362651,19652.546052343227,85830.53380385455
Uruzgan,34.75,19.89034137162882,25388.09504089918,19242.92452331043,87046.01459441881
Uruzgan,35.0,17.369344428279,24609.466472821125,18834.171181152735,88235.91750159791
Uruzgan,35.25,15.211992317584988,23854.435925980815,18426.958451173705,89400.31813052794
Uruzgan,35.5,13.36117089474834,23122.333569610513,18021.897581011202,90539.33217848359
Uruzgan,35.75,11.769314484223859,22412.50078536695,17619.542660910676,91653.1117392382
Uruzgan,36.0,10.396733034305699,21724.29146855734,17220.394446812705,92741.84185159569
Uruzgan,36.25,9.210242657803867,21057.072990701665,16824.903986556255,93805.73728008431
Uruzgan,36.5,8.182043070313268,20410.22688943441,16433.476051715374,94845.03951577994
Uruzgan,36.75,7.288796549045242,19783.14933904206,16046.472377760196,95860.01398664873
Uruzgan,37.0,6.510870945196556,19175.251445065565,15664.214719642998,96850.94746434627
Uruzgan,37.25,5.831716683168975,18585.95939797309,15286.987729087921,97818.14565625586
Uruzgan,37.5,5.237353278771822,18014.714514328985,14915.041660455512,98761.93097193677
Uruzgan,37.75,4.7159454578069155,17460.97318852756,14548.594912483628,99682.64045353104
Uruzgan,38.0,4.257452663033505,16924.20677379726,14187.836413431954,100580.6238601078
Uruzgan,38.25,3.853338751014981,16403.901407638365,13832.927857220011,101456.24189639064
Uruzgan,38.5,3.496331126158657,15899.557793986947,13484.00579808836,102309.86457679857
Uruzgan,38.75,3.180220541831343,15410.690952074188,13141.183611175305,103141.8697162087
Uruzgan,39.0,2.899694404255044,14936.82994006261,12804.55332624078,103952.6415392924
Uruzgan,39.25,2.6501977151718,14477.517559985949,12474.187341658126,104742.5694006408
Uruzgan,39.5,2.4278168423486886,14032.310049188738,12150.140025833183,105512.04660813577
Uruzgan,39.75,2.229182178960192,13600.77676235168,11832.449213076266,106261.46934239313
Uruzgan,40.0,2.0513865844819184,13182.499848758558,11521.13759567587,106991.23566898113
Uruzgan,40.25,1.891916758136519,12777.073926403495,11216.214023125576,107701.74463371283
Uruzgan,40.5,1.7485955447749495,12384.105755247285,10917.674713750714,108393.39543545726
Uruzgan,40.75,1.6195330701374269,12003.213909852582,10625.504388467842,109066.58666860948
Uruzgan,41.0,1.5030856154984513,11634.02845770169,10339.677315655512,109721.71564102735
Uruzgan,41.25,1.3978208440166553,11276.190642152404,10060.1582813627,110359.17775564092
Uruzgan,41.5,1.3024881345471664,10929.352563738665,9786.903509820393,110979.36593830644
Uruzgan,41.75,1.2159933365736193,10593.176870966305,9519.861504510138,111582.67013118704
Uruzgan,42.0,1.1373776109599294,10267.336463873271,9258.973813096418,112169.4768454194
Uruzgan,42.25,1.0657989309437725,9951.514184690015,9004.175785819176,112740.16873055992
Uruzgan,42.5,1.0005165443565391,9645.402538150278,8755.397218956921,113295.1242263485
Uruzgan,42.75,0.9408777553442945,9348.703403815984,8512.562991332543,113834.71722709617
Uruzgan,43.0,0.8863061335285184,9061.127751816932,8275.593654390503,114359.31678765909
Uruzgan,43.25,0.836292083679773,8782.395390526674,8044.405930589501,114869.2868868002
Uruzgan,43.5,0.790383922294674,8512.23467635567,7818.913261788949,115364.98617793314
Uruzgan,43.75,0.7481810045859104,8250.382291968106,7599.026197367694,115846.76782965967
Uruzgan,44.0,0.7093269759399643,7996.582956234146,7384.652892414943,116314.97932437502
Uruzgan,44.25,0.6735047464331572,7750.589227116738,7175.699413148849,116769.96235498803
Uruzgan,44.5,0.6404312968568324,7512.161218410553,6972.0701755080745,117212.05267478457
Uruzgan,44.75,0.6098540331562591,7281.066414616731,6773.66820333164,117641.58002801852
Uruzgan,45.0,0.5815467704815963,7057.079417411233,6580.395473975602,118058.86806184273
Uruzgan,45.25,0.5553069582517406,6839.981733109039,6392.153196601165,118464.2342633316
Uruzgan,45.5,0.5309528035279656,6629.5615982781965,6208.842006056315,118857.98994286201
Uruzgan,45.75,0.5083208344737935,6425.61370199789,6030.362304845081,119240.4401723226
Uruzgan,46.0,0.4872640757566312,6227.939080705712,5856.6143480129995,119611.88380720558
Uruzgan,46.25,0.4676498696105668,6036.344852669131,5687.498526962604,119972.6134704987
Uruzgan,46.5,0.4493585685763148,5850.644039492466,5522.91554285952,120322.91555907948
Uruzgan,46.75,0.4322820774339088,5670.655462194726,5362.766470924889,120663.070284803
Uruzgan,47.0,0.41632239784858255,5496.203449971059,5206.953032860256,120993.35169477088
Uruzgan,47.25,0.40139083235572576,5327.117731512731,5055.377667549433,121314.02771010554
Uruzgan,47.5,0.3874068994365583,5163.2333231706825,4907.94359115076,121625.36017877917
Uruzgan,47.75,0.3742973366954029,5004.390245138924,4764.555018412415,121927.60493911202
Uruzgan,48.0,0.36199558980408886,4850.433437686138,4625.117198252365,122221.01186847176
Uruzgan,48.25,0.35044104492474903,4701.21267036819,4489.536443927216,122505.82494465973
Uruzgan,48.5,0.3395783031917422,4556.5822654876365,4357.720307369777,122782.28234883945
Uruzgan,48.75,0.3293568546954018,4416.40101427236,4229.577610393707,123050.61651847929
Uruzgan,49.0,0.3197305383767112,4280.532117098393,4105.018441635107,123311.05421072818
Uruzgan,49.25,0.3106570217075251,4148.842934199634,3983.9542797351305,123563.81662904359
Uruzgan,49.5,0.3020975463565368,4021.204873504758,3866.298033947475,123809.11949500148
Uruzgan,49.75,0.2940165854483086,3897.4933537071847,3751.964024829436,124047.17310487799
Uruzgan,50.0,0.2863814714089003,3777.5876188795255,3640.8680481296387,124278.18245151949
Uruzgan,50.25,0.27916215357738794,3661.370574329793,3532.9274236741207,124502.34733984257
Uruzgan,50.5,0.27233101247792235,3548.728754816556,3428.0609791589236,124719.86243501211
Uruzgan,50.75,0.2658625950481297,3439.5522252920873,3326.189061954873,124930.91735015805
Uruzgan,51.0,0.2597333839618649,3333.7343713160135,3227.2335816113264,125135.69681368876
Uruzgan,51.25,0.25392170235776557,3231.1718558599573,3131.1180048747997,125334.38071756295
Uruzgan,51.5,0.24840752262362095,3131.764576828571,3037.7673395851402,125527.14417606372
Uruzgan,51.75,0.24317228913661743,3035.4154759839457,2947.1081554563475,125714.15769627063
Uruzgan,52.0,0.23819882891320887,2942.030451826732,2859.0685844400805,125895.58726490433
Uruzgan,52.25,0.23347124016785367,2851.5183356136067,2773.5783016328446,126071.59439151344
Uruzgan,52.5,0.22897476237421965,2763.7907754553253,2690.568522233014,126242.33622754934
Uruzgan,52.75,0.22469567553875952,2678.7620905422473,2609.971995717358,126407.96571806492
Uruzgan,53.0,0.22062124616335504,2596.3492445788975,2531.7229929314253,126568.63164124358
Uruzgan,53.25,0.2167396326122906,2516.471800060612,2455.757291218909,126724.47866908793
Uruzgan,53.5,0.21303979298236247,2439.0517535453055,2382.0121560175303,126875.64755064425
Uruzgan,53.75,0.20951144845976938,2364.013487582021,2310.4263295774426,127022.27517139215
Uruzgan,54.0,0.20614501921094877,2291.2837481927445,2240.940013632793,127164.49459315532
Uruzgan,54.25,0.20293155741224952,2220.7915303078157,2173.4948469635833,127302.43519117126
Uruzgan,54.5,0.1998627015702616,2152.467980885794,2108.033882329549,127436.22277408316
Uruzgan,54.75,0.19693064369801339,2086.2463807107747,2044.5015730986668,127565.97961554694
Uruzgan,55.0,0.1941280797725445,2022.062090816929,1982.8437541195385,127691.82452698384
Uruzgan,55.25,0.19144816245231847,1959.8524248727567,1923.0076047013665,127813.87302226349
Uruzgan,55.5,0.1888844830399707,1899.5566219038203,1864.9416362668292,127932.23735734638
Uruzgan,55.75,0.18643103488555873,1841.115822876874,1808.5956764040975,128047.02656968423
Uruzgan,56.0,0.18408217668543822,1784.472963260573,1753.9208315863032,128158.34662297652
Uruzgan,56.25,0.18183261204844353,1729.5727151453204,1700.8694638226605,128266.30048842005
Uruzgan,56.5,0.17967736828052502,1676.3614732573997,1649.3951785585211,128370.98817081586
Uruzgan,56.75,0.17761176867786363,1624.7872914210861,1599.4527970176896,128472.50679979262
Uruzgan,57.0,0.1756314093281476,1574.7997944665892,1550.9983179420121,128570.95075618214
Uruzgan,57.25,0.17373214762451444,1526.3501617670022,1503.9889064945733,128666.41169959087
Uruzgan,57.5,0.17191008199152627,1479.3910996418915,1458.3828776812934,128758.97861259489
Uruzgan,57.75,0.17016153031306366,1433.8767467159341,1414.1396510662648,128848.73794068756
Uruzgan,58.0,0.16848302124135933,1389.7626457684985,1371.21973519262,128935.77363601771
Uruzgan,58.25,0.16687127988228528,1347.005729147419,1329.5847156658688,129020.1671839069
Uruzgan,58.5,0.1653232114362399,1305.5642484420748,1289.1972180757061,129101.99771027085
Uruzgan,58.75,0.16383589065809795,1265.397723351502,1250.0208795852775,129181.34206117265
Uruzgan,59.0,0.16240655352116498,1226.466931231108,1212.0203398944172,129258.27482232104
Uruzgan,59.25,0.16103258494396602,1188.7338665788116,1175.1612169597781,129332.86838387654
Uruzgan,59.5,0.15971150741077633,1152.161673403555,1139.4100674351157,129405.19304765399
Uruzgan,59.75,0.15844097594243095,1116.7146317596844,1104.734376850566,129475.31705041388
Uruzgan,60.0,0.15721876912896335,1082.3581387451886,1071.1025459152515,129543.3065965705
Uruzgan,60.25,0.15604277885262152,1049.0586407350286,1038.483848589446,129609.22596789674
Uruzgan,60.5,0.15491100598078225,1016.783611115129,1006.8484171852028,129673.13756069377
Uruzgan,60.75,0.1538215540183616,985.5015394863349,976.1672331161362,129735.10190584359
Uruzgan,61.0,0.15277262118119844,955.1818806256906,946.412093451838,129795.17775330137
Uruzgan,61.25,0.15176249528335756,925.7950177163225,917.5555860889069,129853.42213369955
Uruzgan,61.5,0.15078954982601253,897.3122545786933,889.5710827914841,129909.89037308007
Uruzgan,61.75,0.14985223802737493,869.7057840273661,862.4327169196164,129964.63614681506
Uruzgan,62.0,0.148949087291012,842.9486405987705,836.1153504803586,130017.71155983365
Uruzgan,62.25,0.14807869668311063,817.0146911818626,810.5945664861326,130069.16716363539
Uruzgan,62.5,0.1472397326131923,791.8786187954727,785.8466563783261,130119.05198509365
Uruzgan,62.75,0.14643092359083662,767.5158733930778,761.8485845101478,130167.41361117325
Uruzgan,63.0,0.1456510581902507,743.9026580100077,738.5779775103366,130214.29821342153
Uruzgan,63.25,0.1448989818608029,721.0159194644373,716.0131162375786,130259.75056531618
Uruzgan,63.5,0.14417359273910618,698.8333081562239,694.1329057651669,130303.81411248594
Uruzgan,63.75,0.14347383929302612,677.3331555959064,672.9168581548745,130346.53101240999
Uruzgan,64.0,0.14279871822855378,656.494468421116,652.345086935057,130387.94214592567
Uruzgan,64.25,0.14214727126232837,636.2969003436723,632.3982853162333,130428.0871670689
Uruzgan,64.5,0.14151858248282126,616.7207220848486,613.0577027373777,130467.00455659536
Uruzgan,64.75,0.14091177696920115,597.7468155761429,594.3051396633697,130504.73163298359
Uruzgan,65.0,0.14032601843815937,579.3566574077481,576.1229341124383,130541.30458246144
Uruzgan,65.25,0.13976050654347744,561.532284875686,558.4939345815801,130576.75852003625
Uruzgan,65.5,0.13921447584677,544.2562883550534,541.4014935428362,130611.12750362633
Uruzgan,65.75,0.1386871941070707,527.511802281009,524.829459626141,130644.4445508988
Uruzgan,66.0,0.13817795987552667,511.2824731501228,508.7621515528456,130676.74169733722
Uruzgan,66.25,0.13768610147983112,495.55244814535473,493.18434860369075,130708.05001714954
Uruzgan,66.5,0.1372109757891407,480.3063695359122,478.0812854719403,130738.39963401642
Uruzgan,66.75,0.13675196630252007,465.52934945526704,463.43863126981256,130767.81976730868
Uruzgan,67.0,0.13630848195455988,451.2069532611618,449.2424755055317,130796.33876275142
Uruzgan,67.25,0.1358799562861993,437.32519558421666,435.479324349391,130823.98410011017
Uruzgan,67.5,0.13546584598828187,423.87052275732543,422.1360856488848,130850.78242574786
Uruzgan,67.75,0.1350656295805632,410.8297920598608,409.20005122100395,130876.75959108962
Uruzgan,68.0,0.1346788068246816,398.19026765859627,396.6588930986563,130901.940660436
Uruzgan,68.25,0.1343048976773951,385.9396099803701,384.5006542049575,130926.34993091706
Uruzgan,68.5,0.13394344094820426,374.06585309787204,372.71372879079394,130950.01097467047
Uruzgan,68.75,0.1335939938215235,362.55739947536375,361.28685770482593,130972.94664882607
Uruzgan,69.0,0.13325613110452117,351.40301390144214,350.20912286979035,130995.17910709773
Uruzgan,69.25,0.13292944402212725,340.5918023251537,339.4699287298404,131016.72983950106
Uruzgan,69.5,0.13261353972289439,330.113204350061,329.0589955524445,131037.61968655784
Uruzgan,69.75,0.1323080407323118,319.95698936197863,318.9663557779522,131057.86884681942
Uruzgan,70.0,0.1320125839832816,310.1132395256433,309.1823389158511,131077.4969089746
Uruzgan,70.25,0.13172682022684112,300.5723391529,299.69756202238926,131096.52287200457
Uruzgan,70.5,0.13145041365573656,291.32497199713737,290.50292709876237,131114.96515049052
Uruzgan,70.75,0.13118304116159463,282.3621089502692,281.5896100026404,131132.841598006
Uruzgan,71.0,0.13092439167148115,273.6749948719961,272.94904856230204,131150.1695321741
Uruzgan,71.25,0.13067416587247563,265.2551459928202,264.5729401000957,131166.96573974128
Uruzgan,71.5,0.13043207567837944,257.0943420424786,256.4532342211506,131183.24649166077
Uruzgan,71.75,0.1301978435377465,249.18461172015546,248.5821195878961,131199.0275708485
Uruzgan,72.0,0.129971202201567,241.5182294825378,240.95202090764928,131214.3242784077
Uruzgan,72.25,0.12975189435162884,234.0877109497302,233.55559463693052,131229.15144251907
Uruzgan,72.5,0.12953967194843713,226.88579873086377,226.385715970191,131243.52344562707
Uruzgan,72.75,0.129334295996852,219.9054581101978,219.435474824511,131257.45423276935
Uruzgan,73.0,0.1291355362741651,213.13987411005925,212.69817303239122,131270.95731732136
Uruzgan,73.25,0.12894317078871292,206.5824395733433,206.16731331472837,131284.0458039412
Uruzgan,73.5,0.12875698549491837,200.22674902741886,199.836593564248,131296.73240042292
Uruzgan,73.75,0.12857677410336912,194.0665967266699,193.6999049433756,131309.02942155593
Uruzgan,74.0,0.12840233765653666,188.09596754916234,187.75132338845174,131320.9488067248
Uruzgan,74.25,0.12823348419542918,182.3090291805043,181.9851022974619,131332.50213503794
Uruzgan,74.5,0.12807002862117275,176.70013048091397,176.39567093999722,131343.70062855055
Uruzgan,74.75,0.12791179238466382,171.26379523253684,170.97762856752036,131354.55516440765
Uruzgan,75.0,0.12775860312304294,165.9947131867448,165.72573599418868,131365.07629221602
Uruzgan,75.25,0.12761029454396047,160.88773823456157,160.63491383220628,131375.27423763878
Uruzgan,75.5,0.12746670621241296,155.93788456415257,155.70023883280876,131385.1589098969
Uruzgan,75.75,0.12732768318647128,151.14031741527498,150.91693514528464,131394.73991975634
Uruzgan,76.0,0.12719307590411283,146.49035074739368,146.28037208409253,131404.02658409267
Uruzgan,76.25,0.12706274003403178,141.98344488851802,141.786061860038,131413.02793051148
Uruzgan,76.5,0.12693653615135728,137.61519815054987,137.42965161364808,131421.75271369974
Uruzgan,76.75,0.1268143296039642,133.38134359711532,133.20692032511494,131430.20942174824
Uruzgan,77.0,0.12669599040630086,129.2777474979297,129.11377730455993,131438.40627920718
Uruzgan,77.25,0.12658139297650411,125.3004025505258,125.14625571920928,131446.35126033737
Uruzgan,77.5,0.126470415971393,121.44542354564167,121.30050844187458,131454.05209759658
Uruzgan,77.75,0.12636294221114552,117.709046257322,117.57280695911393,131461.51628384143
Uruzgan,78.0,0.12625885847958318,114.08762243247385,113.9595365608088,131468.75108214832
Uruzgan,78.25,0.12615805533394805,110.577614558259,110.45719131376501,131475.7635360727
Uruzgan,78.5,0.1260604270449953,107.17559481730508,107.0623730363033,131482.56047171942
Uruzgan,78.75,0.12596587145668642,103.87824175874977,103.77178808335375,131489.1485042865
Uruzgan,79.0,0.1258742897831538,100.68233455848599,100.58224181483534,131495.53404933694
Uruzgan,79.25,0.12578558655186223,97.58475177219654,97.49063737890512,131501.7233252624
Uruzgan,79.5,0.12569966951041514,94.58246932082383,94.49397375255384,131507.72235725718
Uruzgan,79.75,0.1256164494288363,91.67255480456892,91.58934024408705,131513.53698850196
Uruzgan,80.0,0.125535840037379,88.85216589331156,88.7739149274094,131519.17288333928
Uruzgan,80.25,0.12545775796123176,86.11854903636836,86.04496337689876,131524.6355298288
Uruzgan,80.5,0.12538212255049855,83.46903452910472,83.39983388321721,131529.93024946516
Uruzgan,80.75,0.12530885580096685,80.90103427200842,80.83595527348434,131535.06220159875
Uruzgan,81.0,0.12523788230865018,78.41204091398615,78.35083606550043,131540.03638513826
Uruzgan,81.25,0.12516912913443445,75.99962395282877,75.94206067420502,131544.85764624388
Uruzgan,81.5,0.12510252570660227,73.66142684819121,73.60728659936495,131549.5306840268
Uruzgan,81.75,0.12503800378730925,71.39516636173333,71.34424377235872,131554.06005186218
Uruzgan,82.0,0.12497549737280376,69.19862974930695,69.15073181552754,131558.45016293784
Uruzgan,82.25,0.12491494258231316,67.06967138379493,67.02461674611642,131562.70529692757
Uruzgan,82.5,0.1248562776286619,65.00621208152147,64.96383031119,131566.82960132972
Uruzgan,82.75,0.12479944275076353,63.00623728708144,62.96636820922659,131570.827095061
Uruzgan,83.0,0.12474438009697464,61.06779347235423,61.03028656850848,131574.7016755791
Uruzgan,83.25,0.12469103369417495,59.18898730675681,59.15370113050504,131578.4571205291
Uruzgan,83.5,0.12463934940406692,57.36798456366965,57.33478617346966,131582.09708991353
Uruzgan,83.75,0.12458927481246683,55.60300666908636,55.57177113059054,131585.62513292558
Uruzgan,84.0,0.12454075919240336,53.892329609731995,53.8629395168065,131589.04469011433
Uruzgan,84.25,0.12449375347374501,52.23428321567255,52.20662821923126,131592.35909481166
Uruzgan,84.5,0.12444821015035351,50.62724825621842,50.601224646280855,131595.5715788874
Uruzgan,84.75,0.12440408323156989,49.069654932453055,49.04516524551902,131598.68527573886
Uruzgan,85.0,0.12436132822119346,47.559982392231916,47.53693502211938,131601.70322125748
Uruzgan,85.25,0.12431990204523147,46.096756487663015,46.07506533310228,131604.62835827726
Uruzgan,85.5,0.12427976299256253,44.67854788352306,44.65813202567032,131607.46354032788
Uruzgan,85.75,0.12424087069850841,43.30397165608624,43.28475503862907,131610.21153243465
Uruzgan,86.0,0.12420318609335868,41.97168572610284,41.95359685779302,131612.87501423009
Uruzgan,86.25,0.12416667133555817,40.68038869783585,40.66336038662685,131615.45658424427
Uruzgan,86.5,0.12413128979574337,39.428819419740606,39.41278851066138,131617.95876077987
Uruzgan,86.75,0.12409700602331578,38.21575600354453,38.200663128240095,131620.38398386227
Uruzgan,87.0,0.12406378567760754,37.04001357827386,37.02580293464239,131622.73461970148
Uruzgan,87.25,0.12403159550965408,35.90044373680918,35.88706287430297,131625.01296179346
Uruzgan,87.5,0.12400040334079741,34.795933939904245,34.78333355011785,131627.2212321067
Uruzgan,87.75,0.12397017799955362,33.725405445099554,33.713539177712924,131629.36158519925
Uruzgan,88.0,0.12394088929810043,32.68781255315912,32.676636839950845,131631.43610971767
Uruzgan,88.25,0.123912508017664,31.682142215372174,31.67161609657024,131633.44682918012
Uruzgan,88.5,0.12388500585696002,30.707412342408933,30.697497311801392,131635.39570534
Uruzgan,88.75,0.12385835540110193,29.762670781587836,29.7533306422083,131637.28464022087
Uruzgan,89.0,0.12383253011131527,28.846995041315335,28.83819576223958,131639.11547666643
Uruzgan,89.25,0.12380750428616984,27.959491029148893,27.951200614726858,131640.8900008519
Uruzgan,89.5,0.12378325302403229,27.099291799680078,27.091480170877777,131642.6099447765
Uruzgan,89.75,0.12375975221424178,26.265557303152153,26.258196179994528,131644.27698676471
Uruzgan,90.0,0.12373697851080412,25.4574735434555,25.45053633461584,131645.89275314347
Uruzgan,90.25,0.12371490929094907,24.674251185293464,24.66771289009522,131647.4588210154
Uruzgan,90.5,0.12369352264553102,23.915125256839268,23.908962368989272,131648.9767188516
Uruzgan,90.75,0.12367279736277409,23.179354645351385,23.173545060103415,131650.44792749724
Uruzgan,91.0,0.12365271288692091,22.466220700860532,22.46074363356209,131651.87388295276
Uruzgan,91.25,0.12363324930643596,21.77502685018411,21.769862757394552,131653.25597714318
Uruzgan,91.5,0.12361438734345748,21.105098280711694,21.100228782835423,131654.5955585492
Uruzgan,91.75,0.12359610831788892,20.45578072501757,20.45118853798397,131655.89393462875
Uruzgan,92.0,0.12357839413109,19.82643991280328,19.82210878342419,131657.15237290974
Uruzgan,92.25,0.12356122725884716,19.216461364315492,19.21237600627381,131658.37210140223
Uruzgan,92.5,0.12354459072319812,18.625249439082253,18.62139547528308,131659.554310495
Uruzgan,92.75,0.12352846807127245,18.052226615705983,18.048590525222092,131660.7001543911
Uruzgan,93.0,0.1235128433699532,17.496833332115084,17.49340239752289,131661.81075142708
Uruzgan,93.25,0.12349770118595374,16.958527318326286,16.955289576954215,131662.8871854036
Uruzgan,93.5,0.12348302656095933,16.436782744576025,16.433726944797556,131663.93050728412
Uruzgan,93.75,0.12346880500627298,15.931090051556204,15.928205609635667,131664.94173553388
Uruzgan,94.0,0.12345502249033838,15.440955539495345,15.438232498440966,131665.92185693965
Uruzgan,94.25,0.12344166541237378,14.9659004611144,14.963329454461107,131666.87182841907
Uruzgan,94.5,0.12342872059586826,14.50546080506924,14.503033021547537,131667.79257745284
Uruzgan,94.75,0.1234161752811033,14.059187056171549,14.05689420523804,131668.68500256338
Uruzgan,95.0,0.1234040171006829,13.626643351683853,13.624477633245087,131669.54997499802
Uruzgan,95.25,0.123392234070617,13.207407176836066,13.2053612522978,131670.38833933685
Uruzgan,95.5,0.12338081458543976,12.801069211333058,12.799136175003637,131671.20091379914
Uruzgan,95.75,0.12336974739851708,12.407232650698758,12.405406004248288,131671.9884915977
Uruzgan,96.0,0.12335902160963334,12.025512777630876,12.023786406356887,131672.75184179447
Uruzgan,96.25,0.12334862666157874,11.655536854651862,11.653905003910507,131673.49170951484
Uruzgan,96.5,0.12333855232594854,11.2969436369067,11.295400890482739,131674.20881692035
Uruzgan,96.75,0.12332878868775507,10.949382837857673,10.947924098440284,131674.90386427508
Uruzgan,97.0,0.12331932614221527,10.612515024468083,10.611135494327813,131675.57753015513
Uruzgan,97.25,0.12331015538584872,10.286011314933276,10.284706477614392,131676.23047205215
Uruzgan,97.5,0.12330126739945009,9.969552785700019,9.968318389864564,131676.8633275571
Uruzgan,97.75,0.12329265344416891,9.6628303385067,9.661662382123582,131677.47671462598
Uruzgan,98.0,0.12328430505644648,9.365544531772203,9.36443924672842,131678.07123191652
Uruzgan,98.25,0.12327621403165095,9.077405009747498,9.076358848355335,131678.64745992795
Uruzgan,98.5,0.12326837241863065,8.798130314000911,8.797139936046545,131679.2059613776
Uruzgan,98.75,0.12326077251652134,8.52744777881249,8.526510038768842,131679.74728140997
Uruzgan,99.0,0.12325340686153376,8.2650930703647,8.264205005994906,131680.27194851686
Uruzgan,99.25,0.12324626821895687,8.010809907629081,8.00996872937465,131680.78047509486
Uruzgan,99.5,0.12323934958099568,7.7643499916374665,7.763553072076258,131681.2733575868
Uruzgan,99.75,0.12323264415741672,7.525472680326021,7.524717544496918,131681.7510771311
Uruzgan,100.0,0.12322614536529244,7.293944629173114,7.293228945848432,131682.21410027967
Uruzgan,100.25,0.12321984682692395,7.06953972136465,7.068861294412577,131682.66287913747
Uruzgan,100.5,0.12321374236425527,6.852038875251461,6.851395635426909,131683.09785174704
Uruzgan,100.75,0.1232078259873743,6.641229640623841,6.6406196383403,131683.51944289514
Uruzgan,101.0,0.12320209189186868,6.436906107337656,6.436327505602821,131683.92806429527
Uruzgan,101.25,0.12319653445578731,6.238868802223511,6.238319869736931,131684.32411479368
Uruzgan,101.5,0.12319114822884267,6.046924309606264,6.0464034147021835,131684.70798112755
Uruzgan,101.75,0.123185927928432,5.860885132007618,5.860390736871518,131685.08003820328
Uruzgan,102.0,0.1231808684377831,5.680569627973506,5.680100282914334,131685.44064922078
Uruzgan,102.25,0.12317596479764241,5.50580172018142,5.505356058491476,131685.79016625663
Uruzgan,102.5,0.12317121220030236,5.336410685300748,5.33598741851596,131686.1289306841
Uruzgan,102.75,0.12316660598825657,5.1722311086512125,5.171829021841056,131686.45727326363
Uruzgan,103.0,0.12316214164883048,5.013102696364096,5.012720643749834,131686.77551451835
Uruzgan,103.25,0.12315781480660042,4.8588700080696245,4.8585069091177715,131687.08396526813
Uruzgan,103.5,0.12315362122186306,4.709382404005485,4.709037239577408,131687.3829267353
Uruzgan,103.75,0.12314955678784101,4.564493948215094,4.564165756847774,131687.67269073825
Uruzgan,104.0,0.12314561752261556,4.424063123787125,4.423750998439326,131687.95354026035
Uruzgan,104.25,0.12314179956694081,4.2879527561360495,4.287655841038669,131688.22574960339
Uruzgan,104.5,0.12313809918269833,4.156029960146382,4.155747447694691,131688.4895844931
Uruzgan,104.75,0.12313451274625364,4.028165905650182,4.027897033646663,131688.74530254808
Uruzgan,105.0,0.12313103674476014,3.904235686966784,3.9039797360440383,131688.99315354036
Uruzgan,105.25,0.12312766777518712,3.784118289753305,3.7838745808108776,131689.23337946177
Uruzgan,105.5,0.12312440253991613,3.6676964359044684,3.6674643277497716,131689.46621483393
Uruzgan,105.75,0.12312123784153872,3.5548563995385662,3.5546352867677995,131689.69188707598
Uruzgan,106.0,0.12311817058184732,3.4454879719528604,3.4452772828557605,131689.91061657472
Uruzgan,106.25,0.12311519775961921,3.3394843841150115,3.3392835786602184,131690.1226168396
Uruzgan,106.5,0.12311231646469578,3.236742097051491,3.2365506651242337,131690.32809492148
Uruzgan,106.75,0.12310952387652559,3.1371607505170567,3.1369782102069594,131690.5272515155
Uruzgan,107.0,0.12310681726304709,3.040643124370195,3.040469020281408,131690.7202810382
Uruzgan,107.25,0.12310419397575109,2.9470949637438144,2.9469288654983252,131690.9073719769
Uruzgan,107.5,0.12310165144699456,2.856424883957178,2.856266384794895,131691.08870707994
Uruzgan,107.75,0.1230991871893173,2.7685443469425026,2.7683930623279047,131691.26446340367
Uruzgan,108.0,0.12309679879235465,2.683367552163085,2.683223118497469,131691.43481253067
Uruzgan,108.25,0.12309448391885358,2.6008112953548426,2.6006733688247925,131691.59992085202
Uruzgan,108.5,0.12309224030391125,2.5207949418393576,2.520663197279736,131691.7599496207
Uruzgan,108.75,0.12309006575361923,2.4432403789789507,2.443114508769822,131691.91505504661
Uruzgan,109.0,0.12308795814060956,2.368071858154058,2.3679515712584833,131692.06538861257
Uruzgan,109.25,0.12308591540281551,2.2952159509007646,2.295100971936021,131692.21109716187
Uruzgan,109.5,0.12308393554279776,2.224601525503971,2.224491593819966,131692.35232294525
Uruzgan,109.75,0.1230820166244319,2.1561596295153933,2.1560544983686993,131692.4892038556
Uruzgan,110.0,0.12308015677047214,2.089823403290403,2.0897228390845974,131692.62187360096
Uruzgan,110.25,0.12307835416205745,2.025528062742536,2.025431844272814,131692.75046173893
Uruzgan,110.5,0.12307660703705477,1.9632108407828504,1.963118758520338,131692.87509379376
Uruzgan,110.75,0.12307491368664286,1.902810865974367,1.902722721437648,131692.995891499
Uruzgan,111.0,0.12307327245463404,1.8442691385429353,1.8441847436823702,131693.11297284544
Uruzgan,111.25,0.12307168173682095,1.7875285075129896,1.7874476841029914,131693.22645212675
Uruzgan,111.5,0.12307013997792064,1.7325335621349707,1.7324561412385926,131693.33644015677
Uruzgan,111.75,0.12306864567005879,1.6792305780527008,1.6791563995189982,131693.44304437685
Uruzgan,112.0,0.12306719735238908,1.6275675040014133,1.6274964159645464,131693.5463688828
Uruzgan,112.25,0.12306579360944217,1.5774939032559963,1.5774257616681797,131693.64651454156
Uruzgan,112.5,0.12306443306854795,1.5289608619896924,1.5288955302073943,131693.74357917483
Uruzgan,112.75,0.12306311439937444,1.4819209729634446,1.4818583213397578,131693.8376575914
Uruzgan,113.0,0.1230618363133714,1.436328315957514,1.4362682214407396,131693.9288416264
Uruzgan,113.25,0.12306059756116637,1.3921383651713684,1.3920807109537638,131694.0172203264
Uruzgan,113.5,0.1230593969314922,1.3493079511019823,1.3492526262871831,131694.10288002575
Uruzgan,113.75,0.12305823325088279,1.3077952498738288,1.307742149145202,131694.1859043678
Uruzgan,114.0,0.12305710538230719,1.2675597347376284,1.2675087580496682,131694.26637440192
Uruzgan,114.25,0.12305601222307916,1.228562101692884,1.22851315399775,131694.34436873216
Uruzgan,114.5,0.12305495270450244,1.1907642569180719,1.1907172478959864,131694.41996354258
Uruzgan,114.75,0.12305392579146446,1.1541293024641146,1.154084146256987,131694.49323262557
Uruzgan,115.0,0.1230529304803526,1.1186214620971064,1.118578077075006,131694.56424753042
Uruzgan,115.25,0.1230519657981009,1.0842060473890323,1.08416435593033,131694.63307763095
Uruzgan,115.5,0.12305103080194774,1.0508494491782703,1.050809377450435,131694.69979014265
Uruzgan,115.75,0.12305012457853683,1.0185191056468124,1.0184805833992434,131694.76445018646
Uruzgan,116.0,0.12304924624205335,0.9871834359572448,0.9871463963398013,131694.82712092155
Uruzgan,116.25,0.1230483949339027,0.9568118288458787,0.9567762082307605,131694.8878635681
Uruzgan,116.5,0.12304756982245607,0.9273746336603531,0.9273403714647867,131694.94673742514
Uruzgan,116.75,0.12304677010156606,0.8988431075165648,0.898810146044681,131695.00379997643
Uruzgan,117.0,0.12304599498949993,0.8711893773210009,0.8711576616184987,131695.05910696616
Uruzgan,117.25,0.12304524372872913,0.8443864323154611,0.8443559100252321,131695.11271241403
Uruzgan,117.5,0.12304451558554495,0.8184081104571214,0.8183787316782641,131695.16466864236
Uruzgan,117.75,0.12304380984839432,0.7932290391405149,0.7932007563063583,131695.21502639478
Uruzgan,118.0,0.12304312582744498,0.7688246197213278,0.7687973874818542,131695.26383486707
Uruzgan,118.25,0.12304246285441266,0.7451710214132673,0.7451447965176822,131695.3111417193
Uruzgan,118.5,0.12304182028180781,0.7222451544850196,0.7222198956720436,131695.35699312965
Uruzgan,118.75,0.12304119748162841,0.7000246236897446,0.7000002915910399,131695.40143388734
Uruzgan,119.0,0.12304059384516951,0.6784877214947607,0.678464278539737,131695.44450740624
Uruzgan,119.25,0.123040008782864,0.6576134224586212,0.6575908327793744,131695.4862557361
Uruzgan,119.5,0.12303944172324208,0.6373813461637441,0.6373595755099519,131695.52671963672
Uruzgan,119.75,0.123038892112086,0.6177717271044691,0.6177507427657412,131695.56593863812
Uruzgan,120.0,0.12303835941228786,0.5987654096305571,0.5987451803593742,131695.6039510507
Uruzgan,120.25,0.12303784310368501,0.5803438421284505,0.5803243380636788,131695.6407939768
Uruzgan,120.5,0.12303734268189437,0.5624890354739763,0.5624702280743379,131695.6765033939
Uruzgan,120.75,0.12303685765783175,0.5451835459092679,0.5451654078905318,131695.71111418866
Uruzgan,121.0,0.12303638755757554,0.5284104702020823,0.5283929754745857,131695.74466016688
Uruzgan,121.25,0.1230359319221494,0.5121534379280936,0.5121365615355589,131695.77717406873
Uruzgan,121.5,0.12303549030639856,0.49639657141787885,0.4963802894847353,131695.8086876489
Uruzgan,121.75,0.12303506227872192,0.4811244762109436,0.4811087658914691,131695.83923169575
Uruzgan,122.0,0.1230346474209518,0.46632223678797485,0.46630707621558093,131695.8688360397
Uruzgan,122.25,0.12303424532807021,0.4519754064769439,0.4519607747152869,131695.89752957362
Uruzgan,122.5,0.12303385560721544,0.43806997203631237,0.4380558490371138,131695.92534032345
Uruzgan,122.75,0.12303347787751363,0.4245923476540416,0.4245787142159059,131695.9522954604
Uruzgan,123.0,0.12303311176997551,0.41152937128545275,0.4115162090127278,131695.97842130807
Uruzgan,123.25,0.1230327569271938,0.39886829387428036,0.3988555851377746,131696.00374336418
Uruzgan,123.5,0.12303241300247049,0.3865967482402316,0.3865844761432165,131696.02828636274
Uruzgan,123.75,0.12303207965969438,0.37470274471307924,0.3746908930579325,131696.0520742827
Uruzgan,124.0,0.12303175657324941,0.3631746678796893,0.36316322113455635,131696.07513035455
Uruzgan,124.25,0.12303144342774844,0.3520012671003896,0.35199021036734074,131696.09747707922
Uruzgan,124.5,0.12303113991724422,0.3411716283747782,0.3411609473622784,131696.11913628448
Uruzgan,124.75,0.12303084574512464,0.3306751706076768,0.33066485160355524,131696.14012913217
Uruzgan,125.0,0.1230305606240255,0.32050164251029845,0.3204916723547666,131696.16047612464
Uruzgan,125.25,0.12303028427564656,0.31064111604932765,0.31063148210891306,131696.18019711768
Uruzgan,125.5,0.12303001643001463,0.3010839601664004,0.3010746503115414,131696.1993113732
Uruzgan,125.75,0.1230297568253735,0.2918208368556322,0.2918118394387626,131696.217837567
Uruzgan,126.0,0.12302950520809676,0.2828426980624716,0.2828340018962175,131696.23579379494
Uruzgan,126.25,0.12302926133260812,0.27414078284802185,0.2741323771836926,131696.25319757874
Uruzgan,126.5,0.1230290249606963,0.2657065929569837,0.2656984674661841,131696.27006591472
Uruzgan,126.75,0.12302879586136459,0.25753188745506755,0.2575240322119297,131696.2864152846
Uruzgan,127.0,0.12302857381075796,0.24960868012904758,0.2496010855925994,131696.30226166057
Uruzgan,127.25,0.12302835859214911,0.24192923900138177,0.2419218959978097,131696.3176205065
Uruzgan,127.5,0.12302814999537695,0.2344860663009246,0.23447896600822318,131696.33250681782
Uruzgan,127.75,0.12302794781659503,0.22727188949159782,0.22726502342517346,131696.3469351394
Uruzgan,128.0,0.12302775185823338,0.22027965991330234,0.22027301991165815,131696.36091956843
Uruzgan,128.25,0.12302756192897567,0.2135025519752643,0.2134961301855481,131696.37447375603
Uruzgan,128.5,0.12302737784343082,0.20693395144020219,0.20692774030508065,131696.38761093054
Uruzgan,128.75,0.12302719942173121,0.20056744109774044,0.2005614333436957,131696.40034392625
Uruzgan,129.0,0.12302702648951126,0.19439679999950507,0.19439098862519152,131696.412685185
Uruzgan,129.25,0.12302685887784982,0.18841600140689274,0.18841037967151075,131696.42464676016
Uruzgan,129.5,0.123026696423197,0.18261921018676008,0.18261377159869843,131696.4362403219
Uruzgan,129.75,0.12302653896687504,0.17700076500592946,0.17699550331308145,131696.44747719282
Uruzgan,130.0,0.12302638635500367,0.17155517566792594,0.17155008484823175,131696.45836835323
Uruzgan,130.25,0.12302623843845473,0.16627712149812207,0.16627219575018518,131696.46892444443
Uruzgan,130.5,0.1230260950728594,0.16116145160419604,0.16115668533775884,131696.4791557681
Uruzgan,130.75,0.12302595611827619,0.15620317303229375,0.15619856085980857,131696.4890723101
Uruzgan,131.0,0.12302582143892808,0.15139744139295594,0.15139297812191133,131696.49868375916
Uruzgan,131.25,0.12302569090319397,0.14673956055318912,0.14673524117845466,131696.50799950748
Uruzgan,131.5,0.12302556438355808,0.1422249808363495,0.1422208005325465,131696.51702865434
Uruzgan,131.75,0.12302544175659033,0.13784929832363443,0.13784525243757664,131696.5257800076
Uruzgan,132.0,0.1230253229025342,0.13360824015016498,0.13360432419445192,131696.53426211287
Uruzgan,132.25,0.12302520770523304,0.12949766187758752,0.12949387152438413,131696.542483259
Uruzgan,132.5,0.12302509605210778,0.1255135466998461,0.12550987777469907,131696.5504514796
Uruzgan,132.75,0.12302498783414624,0.12165200506300645,0.12164845353858722,131696.55817455368
Uruzgan,133.0,0.12302488294576706,0.11790926981196445,0.11790583180221655,131696.56566001556
Uruzgan,133.25,0.12302478128450735,0.11428168504715247,0.11427835680220852,131696.57291517698
Uruzgan,133.5,0.12302468275100639,0.11076570554393864,0.11076248344507367,131696.57994712837
Uruzgan,133.75,0.12302458724897267,0.10735789557699359,0.107354776131624,131696.58676274115
Uruzgan,134.0,0.123024494685202,0.10405492956786297,0.10405190940443751,131696.59336866645
Uruzgan,134.25,0.12302440496937438,0.10085358483752639,0.10085066070094365,131696.5997713496
Uruzgan,134.5,0.12302431801383577,0.09775073382374765,0.09774790257125546,131696.6059770457
Uruzgan,134.75,0.12302423373359539,0.09474334398019088,0.09474060257729136,131696.6119918198
Uruzgan,135.0,0.12302415204629005,0.09182847651013785,0.09182582202653677,131696.6178215495
Uruzgan,135.25,0.12302407287221528,0.08900328747221936,0.08900071707766627,131696.62347192268
Uruzgan,135.5,0.1230239961341162,0.08626502032478117,0.0862625312853988,131696.62894845236
Uruzgan,135.75,0.12302392175701578,0.08361099979427278,0.08360858946923294,131696.63425648908
Uruzgan,136.0,0.12302384966821402,0.08103863184926517,0.08103629768746612,131696.6394012209
Uruzgan,136.25,0.12302377979725804,0.07854540263275177,0.07854314216953212,131696.6443876755
Uruzgan,136.5,0.1230237120759699,0.0761288794547254,0.07612669030848465,131696.64922071825
Uruzgan,136.75,0.12302364643828403,0.07378670499231496,0.07378458486149253,131696.6539050638
Uruzgan,137.0,0.12302358282007494,0.07151659114464456,0.07151453780502172,131696.65844528834
Uruzgan,137.25,0.12302352115915569,0.06931631897499015,0.06931433027699455,131696.66284582968
Uruzgan,137.5,0.12302346139525938,0.06718373805523725,0.06718181192127093,131696.66711098872
Uruzgan,137.75,0.12302340347004591,0.06511676670175584,0.06511490112347086,131696.6712449288
Uruzgan,138.0,0.12302334732702995,0.06311338941115698,0.06311158244689492,131696.6752516809
Uruzgan,138.25,0.12302329291137776,0.06117164960815941,0.06116989938075146,131696.6791351582
Uruzgan,138.5,0.12302324016989825,0.059289649326291785,0.05928795402087336,131696.68289915656
Uruzgan,138.75,0.12302318905103811,0.05746554903621438,0.05746390689804625,131696.68654735512
Uruzgan,139.0,0.1230231395048553,0.055697566698382155,0.055695976030684116,131696.69008331787
Uruzgan,139.25,0.1230230914830513,0.05398397891549507,0.053982438077237876,131696.6935104916
Uruzgan,139.5,0.12302304493875334,0.05232311316143506,0.05232162056550613,131696.69683222144
Uruzgan,139.75,0.12302299982647365,0.05071334632785515,0.0507119004392883,131696.7000517535
Uruzgan,140.0,0.12302295610210946,0.0491531047241795,0.04915170405838462,131696.7031722352
Uruzgan,140.25,0.12302291372292125,0.047640863300093934,0.04763950642111092,131696.70619671664
Uruzgan,140.5,0.12302287264755993,0.04617514661974442,0.0461738321384334,131696.70912814868
Uruzgan,140.75,0.12302283283597772,0.044754525677451695,0.04475325224984799,131696.71196938932
Uruzgan,141.0,0.12302279424929047,0.04337761298831614,0.043376379314195246,131696.71472321352
Uruzgan,141.25,0.12302275684977562,0.04204306251375022,0.042041867335195694,131696.71739231338
Uruzgan,141.5,0.12302272060087138,0.04074956963226988,0.040748411732242286,131696.71997929813
Uruzgan,141.75,0.12302268546714745,0.0394958700958292,0.0394947482967615,131696.72248669624
Uruzgan,142.0,0.12302265141435961,0.038280741978377233,0.0382796551406897,131696.72491695156
Uruzgan,142.25,0.12302261840929243,0.03710300006111272,0.03710194708197184,131696.72727243454
Uruzgan,142.5,0.12302258641969906,0.03596149368742722,0.035960473499589356,131696.72955544648
Uruzgan,142.75,0.12302255541430131,0.0348551067629051,0.034854118333560086,131696.7317682196
Uruzgan,143.0,0.12302252536278682,0.03378275765594755,0.033781799985565644,131696.73391291706
Uruzgan,143.25,0.12302249623578702,0.03274339841076151,0.03274247053195576,131696.7359916349
Uruzgan,143.5,0.12302246800492433,0.031736016432045266,0.03173511740837398,131696.73800639823
Uruzgan,143.75,0.12302244064265995,0.0307596290539573,0.030758757978944822,131696.7399591724
Uruzgan,144.0,0.12302241412225785,0.02981328225531518,0.029812438251520485,131696.74185186546
Uruzgan,144.25,0.12302238841778479,0.028896050659595583,0.028895232877680838,131696.74368632812
Uruzgan,144.5,0.12302236350410876,0.028007037480028946,0.028006245097829847,131696.745464354
Uruzgan,144.75,0.12302233935687643,0.027145373714646745,0.027144605936261453,131696.7471876811
Uruzgan,145.0,0.12302231595256498,0.0263102199969733,0.026309476051785668,131696.74885798807
Uruzgan,145.25,0.12302229326835244,0.025500761967007703,0.025500041108888746,131696.75047690375
Uruzgan,145.5,0.12302227128207774,0.024716208848299608,0.02471551035485957,131696.7520460096
Uruzgan,145.75,0.12302224997224077,0.023955793447949195,0.02395511661978967,131696.75356684005
Uruzgan,146.0,0.12302222931800232,0.0232187721566072,0.02321811631657319,131696.7550408823
Uruzgan,146.25,0.12302220929916544,0.022504424281375255,0.022503788773825698,131696.75646957773
Uruzgan,146.5,0.1230221898962135,0.021812053405988442,0.021811437596013384,131696.7578543192
Uruzgan,146.75,0.12302217109024483,0.02114098505715549,0.02114038832988587,131696.75919645562
Uruzgan,147.0,0.12302215286289826,0.02049056404739406,0.02048998580740325,131696.76049729736
Uruzgan,147.25,0.12302213519635288,0.019860154467722005,0.019859594138427583,131696.76175811628
Uruzgan,147.5,0.12302211807332807,0.019249139687657346,0.019248596710722883,131696.76298014564
Uruzgan,147.75,0.12302210147707887,0.01865692219156139,0.01865639602630312,131696.76416458038
Uruzgan,148.0,0.12302208539138816,0.01808292329709019,0.018082413419885472,131696.76531257798
Uruzgan,148.25,0.12302206980060024,0.01752658435651099,0.01752609026017172,131696.76642525566
Uruzgan,148.5,0.1230220546895134,0.01698736292006094,0.016986884113339033,131696.76750369836
Uruzgan,148.75,0.12302204004336413,0.01646473217619108,0.016464268183302256,131696.7685489597
Uruzgan,149.0,0.12302202584782722,0.015958180951566335,0.015957731311713852,131696.76956206196
Uruzgan,149.25,0.1230220120890157,0.015467213711065533,0.015466777977963943,131696.7705439963
Uruzgan,149.5,0.12302199875347189,0.014991350238313328,0.014990927979721328,131696.7714957231
Uruzgan,149.75,0.12302198582817842,0.014530126027132391,0.014529716824367284,131696.7724181714
Uruzgan,150.0,0.12302197330056026,0.014083092357839345,0.014082695805295463,131696.77331223863
Uruzgan,150.25,0.12302196115839933,0.013649813245238536,0.013649428950005394,131696.77417879674
Uruzgan,150.5,0.12302194938983006,0.013229865283952397,0.013229492865437663,131696.77501869254
Uruzgan,150.75,0.12302193798333941,0.01282283764842145,0.012822476737973924,131696.77583274772
Uruzgan,151.0,0.1230219269277669,0.012428332092904304,0.012427982333436898,131696.77662175873
Uruzgan,151.25,0.12302191621229715,0.012045962685989191,0.012045623731609402,131696.77738649744
Uruzgan,151.5,0.12302190582646809,0.011675356103488226,0.011675027619115,131696.77812771054
Uruzgan,151.75,0.12302189576018074,0.011316151977281108,0.011315833638255508,131696.7788461187
Uruzgan,152.0,0.12302188600362185,0.010968000135212234,0.010967691626995815,131696.7795424223
Uruzgan,152.25,0.12302187654725918,0.010630560433391993,0.01063026145127028,131696.78021730165
Uruzgan,152.5,0.12302186738184158,0.010303502756196766,0.010303213004982742,131696.78087141694
Uruzgan,152.75,0.1230218584983989,0.009986507016268926,0.009986226210006513,131696.78150540835
Uruzgan,153.0,0.12302184988824018,0.00967926308882388,0.009678990950493327,131696.78211989615
Uruzgan,153.25,0.12302184154294343,0.009381470446478545,0.009381206707709894,131696.7827154814
Uruzgan,153.5,0.12302183345439557,0.009092839584119503,0.009092583984863817,131696.78329274306
Uruzgan,153.75,0.12302182561472237,0.008813089520814985,0.00881284180909451,131696.78385224313
Uruzgan,154.0,0.12302181801627145,0.00854194719142699,0.008541707123103738,131696.78439452773
Uruzgan,154.25,0.12302181065161227,0.008279147446611287,0.008278914785155612,131696.7849201272
Uruzgan,154.5,0.1230218035135361,0.008024433052817415,0.00802420756907659,131696.78542955592
Uruzgan,154.75,0.12302179659505609,0.0077775546922886785,0.0077773361642554766,131696.78592331262
Uruzgan,155.0,0.12302178988940075,0.007538270734033262,0.007538058946620882,131696.7864018805
Uruzgan,155.25,0.1230217833900236,0.007306347575145437,0.007306142319949769,131696.78686572678
Uruzgan,155.5,0.12302177709061266,0.007081559979546443,0.0070813610546009865,131696.78731530195
Uruzgan,155.75,0.12302177098503218,0.0068636890023261905,0.006863496211919793,131696.78775104386
Uruzgan,156.0,0.12302176506731971,0.006652521879993385,0.006652335034491207,131696.7881733781
Uruzgan,156.25,0.123021759331686,0.006447852030475529,0.006447670946140013,131696.78858271777
Uruzgan,156.5,0.12302175377251504,0.006249479053118921,0.006249303551930756,131696.7889794637
Uruzgan,156.75,0.12302174838436401,0.006057208728688658,0.006057038638167744,131696.7893640043
Uruzgan,157.0,0.1230217431619576,0.005870852812903747,0.005870687965935861,131696.7897367161
Uruzgan,157.25,0.1230217381001973,0.005690229372856808,0.00569006960750857,131696.79009796298
Uruzgan,157.5,0.12302173319417123,0.005515163133003918,0.005515008292329649,131696.79044809545
Uruzgan,157.75,0.12302172843910372,0.005345483680111626,0.005345333612013573,131696.79078745432
Uruzgan,158.0,0.12302172383035281,0.005181025371419883,0.005180879928511103,131696.79111637094
Uruzgan,158.25,0.12302171936341023,0.005021627334642051,0.0050214863741092925,131696.791435167
Uruzgan,158.5,0.12302171503390141,0.004867133467964892,0.004866996851431483,131696.7917441547
Uruzgan,158.75,0.12302171083758545,0.0047173924400485765,0.004717260033437306,131696.79204363676
Uruzgan,159.0,0.12302170677035391,0.004572257647125107,0.004572129320522315,131696.7923339063
Uruzgan,159.25,0.12302170282822399,0.004431586965878491,0.004431462593404141,131696.79261524766
Uruzgan,159.5,0.12302169900737056,0.004295243902602666,0.004295123362247487,131696.79288793379
Uruzgan,159.75,0.12302169530408223,0.004163096020250908,0.004162979193760374,131696.79315222954
Uruzgan,160.0,0.12302169171474944,0.004035014515944838,0.004034901288715352,131696.79340839252
Uruzgan,160.25,0.12302168823586448,0.003910874220974419,0.003910764481949505,131696.7936566731
Uruzgan,160.5,0.12302168486402149,0.003790553600797957,0.0037904472423644425,131696.79389731435
Uruzgan,160.75,0.12302168159591642,0.0036739347550420985,0.003673831672926306,131696.79413055204
Uruzgan,161.0,0.12302167842834712,0.003560903417501833,0.003560803510665768,131696.7943566147
Uruzgan,161.25,0.12302167535821046,0.0034513488576949996,0.0034512520282352637,131696.7945757238
Uruzgan,161.5,0.1230216723825033,0.003345163912100542,0.0033450700651453872,131696.79478809368
Uruzgan,161.75,0.12302166949834357,0.0032422457363197286,0.003242154779905298,131696.79499393003
Uruzgan,162.0,0.12302166670293026,0.0031424943802453144,0.0031424062252333536,131696.79519343274
Uruzgan,162.25,0.12302166399353887,0.0030458126229510793,0.0030457271829513574,131696.79538679624
Uruzgan,162.5,0.12302166136752138,0.002952105972691827,0.00295202316398456,131696.79557420954
Uruzgan,162.75,0.12302165882230623,0.0028612826669033842,0.002861202408361658,131696.79575585615
Uruzgan,163.0,0.12302165635539838,0.0027732536722026037,0.0027731758852147935,131696.79593191412
Uruzgan,163.25,0.12302165396437925,0.002687932684387361,0.0026878572927795563,131696.7961025561
Uruzgan,163.5,0.12302165164690607,0.002605236104245322,0.0026051630342044225,131696.79626794925
Uruzgan,163.75,0.12302164940070612,0.0025250828330504005,0.002525012013052463,131696.7964282558
Uruzgan,164.0,0.12302164722360341,0.0024473952225201705,0.002447326583231827,131696.79658363102
Uruzgan,164.25,0.12302164511348847,0.002372097998089273,0.0023720314723004706,131696.79673422547
Uruzgan,164.5,0.12302164306830833,0.002299117902456807,0.00229905342502369,131696.79688018563
Uruzgan,164.75,0.12302164108606657,0.0022283836955863307,0.0022283212033741197,131696.79702165406
Uruzgan,165.0,0.12302163916482331,0.0021598261547058615,0.0021597655865317317,131696.79715876913
Uruzgan,165.25,0.12302163730269519,0.002093378074307875,0.002093319370883839,131696.79729166528
Uruzgan,165.5,0.12302163549785539,0.002028974266149305,0.002028917370025092,131696.7974204729
Uruzgan,165.75,0.1230216337485336,0.001966551559251546,0.001966496414757479,131696.79754531832
Uruzgan,166.0,0.12302163205301414,0.001906048730556784,0.0019059952837485817,131696.79766632398
Uruzgan,166.25,0.12302163040963665,0.0018474065327117384,0.0018473547313140471,131696.79778360837
Uruzgan,166.5,0.12302162881681386,0.0017905683257018123,0.0017905181190342304,131696.7978972848
Uruzgan,166.75,0.1230216272730031,0.0017354790605724822,0.0017354303995046456,131696.7980074633
Uruzgan,167.0,0.12302162577670273,0.0016820851532426213,0.0016820379901528485,131696.79811425114
Uruzgan,167.25,0.12302162432645217,0.0016303344845044994,0.0016302887732384359,131696.79821775245
Uruzgan,167.5,0.1230216229208319,0.0015801764000237823,0.0015801320958530464,131696.79831806864
Uruzgan,167.75,0.12302162155846344,0.0015315617103395325,0.00153151876992036,131696.79841529802
Uruzgan,168.0,0.12302162023800935,0.0014844426908642086,0.0014844010721960983,131696.79850953605
Uruzgan,168.25,0.12302161895817326,0.0014387730818836663,0.0014387327442680234,131696.79860087528
Uruzgan,168.5,0.12302161771769966,0.0013945080808739655,0.0013944689848729619,131696.79868940526
Uruzgan,168.75,0.12302161651536905,0.0013516041727552127,0.0013515662801551883,131696.79877521307
Uruzgan,169.0,0.12302161535001839,0.001310019854350234,0.0013099831281046562,131696.79885838172
Uruzgan,169.25,0.12302161422052295,0.0012697149920006267,0.001269679396191509,131696.79893899144
Uruzgan,169.5,0.12302161312578726,0.001230650494852912,0.0012306159946614405,131696.79901712044
Uruzgan,169.75,0.12302161206474509,0.001192788314858533,0.0011927548765356957,131696.7990928448
Uruzgan,170.0,0.12302161103635938,0.001156091446773858,0.0011560590376110697,131696.79916623852
Uruzgan,170.25,0.12302161003962235,0.0011205239281601776,0.0011204925164599083,131696.79923737358
Uruzgan,170.5,0.12302160907355542,0.0010860508393837065,0.0010860203944301082,131696.79930631974
Uruzgan,170.75,0.1230216081372092,0.0010526383036155824,0.0010526087956451162,131696.7993731448
Uruzgan,171.0,0.1230216072296636,0.0010202534868318667,0.0010202248870039305,131696.79943791445
Uruzgan,171.25,0.1230216063500274,0.000988864588132647,0.0009888368685004706,131696.79950069223
Uruzgan,171.5,0.12302160549743488,0.0009584407141766258,0.000958413847661524,131696.79956153999
Uruzgan,171.75,0.12302160467106316,0.0009289525022299431,0.0009289264625780674,131696.7996205164
Uruzgan,172.0,0.12302160387011647,0.0009003715560457515,0.0009003463178009208,131696.7996776783
Uruzgan,172.25,0.12302160309381939,0.0008726702052284951,0.0008726457437117842,131696.799733081
Uruzgan,172.5,0.12302160234141685,0.0008458215052339087,0.0008457977965232383,131696.7997867784
Uruzgan,172.75,0.12302160161217406,0.0008197992373690183,0.0008197762582787438,131696.79983882295
Uruzgan,173.0,0.12302160090537664,0.0007945779087921408,0.0007945556368526415,131696.7998892656
Uruzgan,173.25,0.12302160022033053,0.0007701327525128844,0.0007701111659501533,131696.7999381559
Uruzgan,173.5,0.12302159955636198,0.0007464397273921483,0.0007464188051073807,131696.79998554196
Uruzgan,173.75,0.12302159891281762,0.0007234755181421224,0.0007234552396913059,131696.80003147037
Uruzgan,174.0,0.12302159828906442,0.000701217535326288,0.0007011978808997911,131696.80007598634
Uruzgan,174.25,0.12302159768448843,0.000679643871034985,0.0006796248214383728,131696.80011913364
Uruzgan,174.5,0.12302159709849664,0.0006587333646248684,0.0006587149012577292,131696.80016095468
Uruzgan,174.75,0.12302159653052726,0.0006384659690065353,0.0006384480738311581,131696.80020148944
Uruzgan,175.0,0.12302159598003394,0.0006188221883097383,0.0006188048438356379,131696.80024077703
Uruzgan,175.25,0.12302159544648412,0.0005997830191275237,0.0005997662083976102,131696.80027885534
Uruzgan,175.5,0.12302159492935909,0.0005813299505162317,0.0005813136570929791,131696.8003157615
Uruzgan,175.75,0.12302159442815386,0.0005634449639954965,0.0005634291719471122,131696.80035153148
Uruzgan,176.0,0.12302159394237731,0.0005461105335482463,0.0005460952274348394,131696.80038620034
Uruzgan,176.25,0.12302159347155209,0.0005293096256207032,0.0005292947904804545,131696.80041980214
Uruzgan,176.5,0.12302159301521465,0.0005130256991223832,0.0005130113204577133,131696.80045237
Uruzgan,176.75,0.12302159257291526,0.0004972427054260964,0.000497228769189835,131696.80048393598
Uruzgan,177.0,0.12302159214421794,0.00048194508836794654,0.00048193158094950205,131696.8005145312
Uruzgan,177.25,0.12302159172870059,0.0004671177837602426,0.000467104691971784,131696.80054418583
Uruzgan,177.5,0.12302159132595232,0.0004527461309346636,0.0004527334419997235,131696.80057292915
Uruzgan,177.75,0.12302159093558462,0.0004388162658146722,0.00043880396734570856,131696.80060078888
Uruzgan,178.0,0.1230215905572246,0.0004253148815973035,0.0004253029615800731,131696.80062779164
Uruzgan,178.25,0.1230215901905084,0.00041222899590258647,0.0004122174426870414,131696.8006539634
Uruzgan,178.5,0.12302158983508134,0.0003995459507735441,0.00039953475306472814,131696.8006793295
Uruzgan,178.75,0.12302158949059777,0.00038725341267619346,0.0003872425595251384,131696.80070391457
Uruzgan,179.0,0.12302158915672115,0.0003753393724995455,0.00037532885329416755,131696.80072774267
Uruzgan,179.25,0.12302158883312402,0.00036379214555560537,0.0003637819500116014,131696.8007508371
Uruzgan,179.5,0.12302158851948804,0.0003526003715793721,0.00035259048973111613,131696.80077322066
Uruzgan,179.75,0.12302158821550394,0.0003417530147288388,0.0003417434369202783,131696.80079491538
Uruzgan,180.0,0.12302158792087152,0.0003312393635849925,0.00033123008046054487,131696.80081594267
Uruzgan,180.25,0.12302158763529973,0.00032104903115181437,0.00032104003364726307,131696.80083632335
Uruzgan,180.5,0.12302158735850657,0.0003111719548562795,0.00031116323418967063,131696.8008560775
Uruzgan,180.75,0.12302158709021811,0.0003015983597559181,0.00030158990741947474,131696.80087522467
Uruzgan,181.0,0.12302158683017181,0.00029231887795351676,0.0002923106857021535,131696.80089378366
Uruzgan,181.25,0.1230215865781208,0.000283324699742824,0.0002833167595784955,131696.800911772
Uruzgan,181.5,0.1230215863338245,0.0002746072398597694,0.00027459954402517863,131696.80092920692
Uruzgan,181.75,0.1230215860970481,0.0002661581195653021,0.000266150660538108,131696.80094610516
Uruzgan,182.0,0.12302158586756255,0.0002579691666453906,0.0002579619371324164,131696.80096248307
Uruzgan,182.25,0.12302158564514466,0.00025003241541102277,0.00025002540834246425,131696.80097835656
Uruzgan,182.5,0.12302158542957699,0.00024234010669820598,0.00024233331522183934,131696.8009937412
Uruzgan,182.75,0.12302158522064786,0.000234884687867967,0.0002348781053433572,131696.80100865202
Uruzgan,183.0,0.12302158501815143,0.00022765881280635209,0.0002276524327990607,131696.80102310376
Uruzgan,183.25,0.12302158482188759,0.0002206553419244268,0.00022064915820022046,131696.8010371107
Uruzgan,183.5,0.12302158463166209,0.00021386734215827634,0.0002138613486773346,131696.8010506867
Uruzgan,183.75,0.12302158444728639,0.00020728808696900516,0.00020728227788012872,131696.80106384523
Uruzgan,184.0,0.1230215842685778,0.00020091105634273716,0.00020090542597755594,131696.80107659928
Uruzgan,184.25,0.12302158409535927,0.00019472993300894773,0.00019472447587623437,131696.80108896154
Uruzgan,184.5,0.12302158392745868,0.000188738574690609,0.00018873328547133888,131696.80110094426
Uruzgan,184.75,0.1230215837647162,0.0001829312782347271,0.00018292615176975332,131696.80111255884
Uruzgan,185.0,0.12302158360697804,0.00017730255586084268,0.0001772975871448645,131696.8011238163
Uruzgan,185.25,0.12302158345409396,0.00017184704605457276,0.00017184223023259602,131696.8011347273
Uruzgan,185.5,0.12302158330591724,0.00016655951356761055,0.00016655484593140798,131696.80114530236
Uruzgan,185.75,0.1230215831623047,0.0001614348494177256,0.0001614303254022971,131696.80115555172
Uruzgan,186.0,0.12302158302311672,0.0001564680708887638,0.00015646368606879677,131696.80116548526
Uruzgan,186.25,0.1230215828882172,0.0001516543215306473,0.00015165007161697694,131696.80117511275
Uruzgan,186.5,0.12302158275747357,0.0001469888711593746,0.0001469847519954442,131696.80118444367
Uruzgan,186.75,0.12302158263075684,0.00014246711585702045,0.00014246312341534173,131696.80119348716
Uruzgan,187.0,0.1230215825079415,0.00013808457797173597,0.00013808070835034936,131696.80120225225
Uruzgan,187.25,0.12302158238890562,0.0001338369061177485,0.00013383315553668344,131696.8012107476
Uruzgan,187.5,0.1230215822735308,0.00012971987517536185,0.00012971623997309707,131696.80121898165
Uruzgan,187.75,0.12302158216170216,0.00012572938629095586,0.00012572586292087986,131696.80122696262
Uruzgan,188.0,0.12302158205330838,0.00012186146687698697,0.00012185805190385803,131696.80123469848
Uruzgan,188.25,0.12302158194824131,0.00011811225772790285,0.00011810894782466728,131696.8012421969
Uruzgan,188.5,0.12302158184639753,0.00011447806785632463,0.00011447485979937849,131696.80124946526
Uruzgan,188.75,0.12302158174768173,0.00011095549699291672,0.00011095238765396109,131696.8012565104
Uruzgan,189.0,0.12302158165200121,0.00010754123697683486,0.00010753822332029594,131696.80126333894
Uruzgan,189.25,0.12302158155926532,0.00010423205318993075,0.00010422913227089879,131696.8012699573
Uruzgan,189.5,0.1230215814693855,0.0001010247845567521,0.0001010219535189202,131696.80127637184
Uruzgan,189.75,0.12302158138227517,9.791634354454268e-05,9.791359961814556e-05,131696.8012825887
Uruzgan,190.0,0.12302158129784993,9.490371616324222e-05,9.490105666299516e-05,131696.80128861396
Uruzgan,190.25,0.12302158121602734,9.198396196548648e-05,9.198138428852403e-05,131696.80129445347
Uruzgan,190.5,0.12302158113672708,8.915421404660723e-05,8.915171567042211e-05,131696.80130011297
Uruzgan,190.75,0.12302158105987084,8.641167904463223e-05,8.640925752501416e-05,131696.80130559806
Uruzgan,191.0,0.12302158098538242,8.375363714028531e-05,8.375129010925977e-05,131696.80131091413
Uruzgan,191.25,0.12302158091318766,8.117744205698623e-05,8.117516722075339e-05,131696.80131606653
Uruzgan,191.5,0.12302158084321446,7.868052106085082e-05,7.867831619772426e-05,131696.80132106037
Uruzgan,191.75,0.12302158077539278,7.626037496069089e-05,7.625823791903652e-05,131696.80132590065
Uruzgan,192.0,0.12302158070965466,7.391457810801427e-05,7.391250680418912e-05,131696.80133059225
Uruzgan,192.25,0.12302158064593417,7.164077839702483e-05,7.163877081331585e-05,131696.80133513984
Uruzgan,192.5,0.1230215805841673,6.943669171505449e-05,6.94347458977716e-05,131696.80133954802
Uruzgan,192.75,0.12302158052429288,6.730013500816956e-05,6.729824906480102e-05,131696.80134382113
Uruzgan,193.0,0.12302158046625543,6.522912924165325e-05,6.522730133514991e-05,131696.80134796316
Uruzgan,193.25,0.1230215804100012,6.322175546037864e-05,6.321998380747187e-05,131696.8013519779
Uruzgan,193.5,0.12302158035547754,6.127613506683861e-05,6.127441793690941e-05,131696.80135586913
Uruzgan,193.75,0.12302158030263292,5.939042982114593e-05,5.938876553509397e-05,131696.80135964055
Uruzgan,194.0,0.12302158025141698,5.75628418410332e-05,5.756122877014587e-05,131696.80136329573
Uruzgan,194.25,0.12302158020178044,5.579161360185288e-05,5.5790050166674376e-05,131696.8013668382
Uruzgan,194.5,0.1230215801536752,5.4075027936577286e-05,5.407351260577764e-05,131696.80137027137
Uruzgan,194.75,0.12302158010705426,5.24114080357986e-05,5.2409939325042735e-05,131696.8013735986
Uruzgan,195.0,0.12302158006187176,5.079911744772884e-05,5.0797693918545646e-05,131696.80137682316
Uruzgan,195.25,0.12302158001808298,4.923656007819987e-05,4.923518033685127e-05,131696.8013799483
Uruzgan,195.5,0.12302157997564431,4.772218019066344e-05,4.772084288701344e-05,131696.80138297705
Uruzgan,195.75,0.12302157993451329,4.625446240619112e-05,4.625316623257485e-05,131696.8013859125
Uruzgan,196.0,0.12302157989464858,4.483193170347436e-05,4.4830675393567146e-05,131696.80138875754
Uruzgan,196.25,0.12302157985600999,4.3453153418824444e-05,4.345193574651089e-05,131696.8013915151
Uruzgan,196.5,0.12302157981855842,4.211673324617253e-05,4.211555302441552e-05,131696.80139418793
Uruzgan,196.75,0.12302157978225596,4.082131723706959e-05,4.082017331677943e-05,131696.80139677878
Uruzgan,197.0,0.12302157974706576,3.956559180068651e-05,3.956448306958988e-05,131696.8013992902
Uruzgan,197.25,0.12302157971295208,3.834828038913804e-05,3.8347205770738384e-05,131696.80140172486
Uruzgan,197.5,0.12302157967988178,3.7168201168531195e-05,3.7167159619448266e-05,131696.801404085
Uruzgan,197.75,0.12302157964782494,3.602428599113695e-05,3.6023276497923804e-05,131696.80140637283
Uruzgan,198.0,0.12302157961675231,3.491549149931507e-05,3.4914513077763806e-05,131696.80140859043
Uruzgan,198.25,0.12302157958663523,3.384079487103473e-05,3.383984656560107e-05,131696.80141073983
Uruzgan,198.5,0.12302157955744562,3.2799193819874466e-05,3.279827470310232e-05,131696.80141282303
Uruzgan,198.75,0.12302157952915596,3.17897065950222e-05,3.1788815766968267e-05,131696.801414842
Uruzgan,199.0,0.12302157950173931,3.081137198127525e-05,3.081050856893356e-05,131696.80141679867
Uruzgan,199.25,0.12302157947516931,2.9863249299040313e-05,2.9862412455766796e-05,131696.80141869493
Uruzgan,199.5,0.12302157944942019,2.8944418404333457e-05,2.894360730927055e-05,131696.80142053257
Uruzgan,199.75,0.12302157942446672,2.8053979688780157e-05,2.8053193546281335e-05,131696.80142231347
Uruzgan,200.0,0.12302157940028427,2.719105407961526e-05,2.7190292118669635e-05,131696.8014240393
Uruzgan,200.25,0.12302157937684878,2.6354783039682993e-05,2.6354044513339868e-05,131696.80142571186
Uruzgan,200.5,0.12302157935413678,2.5544328567436975e-05,2.5543612752230438e-05,131696.80142733277
Uruzgan,200.75,0.12302157933212533,2.4758873196940206e-05,2.4758179392313683e-05,131696.80142890368
Uruzgan,201.0,0.12302157931079213,2.3997619997865074e-05,2.39969475255959e-05,131696.8014304262
Uruzgan,201.25,0.12302157929011541,2.325979257549334e-05,2.3259140779117346e-05,131696.80143190184
Uruzgan,201.5,0.12302157927007398,2.2544635070716175e-05,2.254400331495223e-05,131696.80143333215
Uruzgan,201.75,0.12302157925064724,2.18514121600341e-05,2.1850799830208733e-05,131696.8014347186
Uruzgan,202.0,0.12302157923181517,2.1179409055557037e-05,2.117881555702897e-05,131696.8014360626
Uruzgan,202.25,0.1230215792135583,2.0527931505004308e-05,2.052735626258902e-05,131696.80143736556
Uruzgan,202.5,0.12302157919585786,1.9896309426885848e-05,1.9895751884176968e-05,131696.8014386288
Uruzgan,202.75,0.1230215791786973,1.92839524645205e-05,1.928341208165318e-05,131696.80143985353
Uruzgan,203.0,0.12302157916206154,1.8690322429664628e-05,1.8689798681855532e-05,131696.8014410408
Uruzgan,203.25,0.12302157914593576,1.811489105549076e-05,1.8114383432760125e-05,131696.80144219165
Uruzgan,203.5,0.12302157913030545,1.7557139525053588e-05,1.755664753196043e-05,131696.80144330714
Uruzgan,203.75,0.12302157911515632,1.701655847128998e-05,1.701608162666731e-05,131696.80144438831
Uruzgan,204.0,0.12302157910047436,1.6492647977018963e-05,1.6492185813708994e-05,131696.80144543614
Uruzgan,204.25,0.12302157908624582,1.5984917574941733e-05,1.5984469639531106e-05,131696.8014464516
Uruzgan,204.5,0.12302157907245724,1.549288624764166e-05,1.5492452100196642e-05,131696.80144743566
Uruzgan,204.75,0.12302157905909539,1.5016082427584276e-05,1.5015661641385981e-05,131696.80144838925
Uruzgan,205.0,0.12302157904614731,1.4554043997117283e-05,1.4553636158396887e-05,131696.80144931335
Uruzgan,205.25,0.12302157903360035,1.4106318288470543e-05,1.4105922996144488e-05,131696.8014502088
Uruzgan,205.5,0.12302157902144205,1.36724620837561e-05,1.3672078949161323e-05,131696.8014510765
Uruzgan,205.75,0.12302157900966028,1.325204161496815e-05,1.3251670261597278e-05,131696.80145191733
Uruzgan,206.0,0.12302157899824312,1.2844632563983068e-05,1.2844272627219642e-05,131696.80145273215
Uruzgan,206.25,0.12302157898717898,1.2449820062559387e-05,1.244947118941308e-05,131696.8014535218
Uruzgan,206.5,0.12302157897645648,1.2067198692337819e-05,1.2066860541179631e-05,131696.80145428702
Uruzgan,206.75,0.12302157896606453,1.1696372484841231e-05,1.1696044725138723e-05,131696.80145502868
Uruzgan,207.0,0.12302157895599228,1.1336954921474672e-05,1.133663723352716e-05,131696.8014557475
Uruzgan,207.25,0.12302157894622918,1.098856893352534e-05,1.0988261008199124e-05,131696.8014564443
Uruzgan,207.5,0.12302157893676494,1.0650846902162617e-05,1.0650548440626187e-05,131696.80145711973
Uruzgan,207.75,0.12302157892758948,1.0323430658438045e-05,1.0323141371897291e-05,131696.80145777456
Uruzgan,208.0,0.12302157891869307,1.0005971483285335e-05,1.0005691092718771e-05,131696.8014584095
Uruzgan,208.25,0.12302157891006624,9.698132041937835e-06,9.697860277777367e-06,131696.80145902516
Uruzgan,208.5,0.12302157890170086,9.399622018223481e-06,9.399358619035368e-06,131696.80145962216
Uruzgan,208.75,0.1230215788935899,9.110190796887766e-06,9.109935508260851e-06,131696.80146020104
Uruzgan,209.0,0.12302157888572647,8.829592702801025e-06,8.829345277208535e-06,131696.80146076222
Uruzgan,209.25,0.1230215788781038,8.557585821662679e-06,8.55734601835685e-06,131696.80146130626
Uruzgan,209.5,0.12302157887071523,8.293932000001224e-06,8.293699584907925e-06,131696.80146183356
Uruzgan,209.75,0.12302157886355417,8.038396845174247e-06,8.038171590787594e-06,131696.80146234462
Uruzgan,210.0,0.12302157885661415,7.790749725368408e-06,7.790531410645397e-06,131696.8014628399
Uruzgan,210.25,0.12302157884988883,7.550763769599454e-06,7.550552179854579e-06,131696.8014633199
Uruzgan,210.5,0.12302157884337196,7.318215867712213e-06,7.318010794512084e-06,131696.80146378497
Uruzgan,210.75,0.12302157883705739,7.092886670380597e-06,7.092687911438568e-06,131696.80146423564
Uruzgan,211.0,0.12302157883093906,6.8745605891075955e-06,6.874367948178384e-06,131696.8014646723
Uruzgan,211.25,0.12302157882501105,6.663025796225284e-06,6.662839082999595e-06,131696.80146509537
Uruzgan,211.5,0.12302157881926754,6.45807422489482e-06,6.457893254893964e-06,131696.80146550527
Uruzgan,211.75,0.12302157881370278,6.259501569106441e-06,6.259326163576962e-06,131696.80146590242
Uruzgan,212.0,0.12302157880831116,6.0671072836794654e-06,6.0669372694877596e-06,131696.8014662872
Uruzgan,212.25,0.12302157880308716,5.880694584262299e-06,5.880529793789238e-06,131696.80146666002
Uruzgan,212.5,0.12302157879802539,5.700070447332424e-06,5.699910718367976e-06,131696.8014670213
Uruzgan,212.75,0.12302157879312053,5.525045610196407e-06,5.5248907858342616e-06,131696.80146737132
Uruzgan,213.0,0.12302157878836739,5.355434570989898e-06,5.355284499522084e-06,131696.80146771055
Uruzgan,213.25,0.12302157878376087,5.191055588677625e-06,5.19091012348914e-06,131696.8014680393
Uruzgan,213.5,0.12302157877929598,5.031730683053403e-06,5.031589682516825e-06,131696.80146835797
Uruzgan,213.75,0.12302157877496783,4.8772856347401264e-06,4.877148962110246e-06,131696.80146866685
Uruzgan,214.0,0.12302157877077168,4.727549985189772e-06,4.727417508498209e-06,131696.80146896633
Uruzgan,214.25,0.12302157876670282,4.582357036683397e-06,4.582228628633226e-06,131696.8014692567
Uruzgan,214.5,0.1230215787627567,4.4415438523311424e-06,4.441419390191513e-06,131696.80146953833
Uruzgan,214.75,0.12302157875892886,4.304951294403643e-06,4.3048306599033244e-06,131696.80146981153
Uruzgan,215.0,0.12302157875521554,4.1724448793376484e-06,4.172327957973679e-06,131696.80147007655
Uruzgan,215.25,0.12302157875161389,4.04392427029219e-06,4.043810950372929e-06,131696.80147033356
Uruzgan,215.5,0.12302157874812114,3.919288893302709e-06,3.919179065954808e-06,131696.80147058284
Uruzgan,215.75,0.12302157874473447,3.7984393435943825e-06,3.7983329027300186e-06,131696.80147082455
Uruzgan,216.0,0.12302157874145116,3.681277385582114e-06,3.681174227866232e-06,131696.80147105886
Uruzgan,216.25,0.12302157873826845,3.5677059528705383e-06,3.5676059776880926e-06,131696.80147128602
Uruzgan,216.5,0.12302157873518368,3.4576291482540214e-06,3.4575322576772134e-06,131696.80147150616
Uruzgan,216.75,0.12302157873219419,3.3509522437166588e-06,3.350858342472178e-06,131696.80147171952
Uruzgan,217.0,0.12302157872929735,3.2475816804322774e-06,3.2474906758685387e-06,131696.80147192627
Uruzgan,217.25,0.12302157872649058,3.1474250687644333e-06,3.1473368708188213e-06,131696.80147212656
Uruzgan,217.5,0.12302157872377133,3.0503911882664137e-06,3.0503057094325184e-06,131696.80147232066
Uruzgan,217.75,0.12302157872113706,2.9563899876812364e-06,2.956307142976096e-06,131696.80147250864
Uruzgan,218.0,0.12302157871858528,2.865332584941649e-06,2.865252291872988e-06,131696.80147269077
Uruzgan,218.25,0.12302157871611355,2.77713126717013e-06,2.7770534457035986e-06,131696.80147286717
Uruzgan,218.5,0.12302157871371942,2.691699490678889e-06,2.6916240632053038e-06,131696.80147303804
Uruzgan,218.75,0.12302157871140053,2.6089518809698627e-06,2.6088787722724484e-06,131696.80147320352
Uruzgan,219.0,0.12302157870915448,2.5288042327347235e-06,2.5287333699563487e-06,131696.80147336383
Uruzgan,219.25,0.12302157870697898,2.4511735098548696e-06,2.4511048224652896e-06,131696.80147351907
Uruzgan,219.5,0.12302157870487171,2.3759778454014316e-06,2.3759112651645273e-06,131696.80147366947
Uruzgan,219.75,0.12302157870283043,2.3031365416352704e-06,2.303072002576288e-06,131696.80147381517
Uruzgan,220.0,0.12302157870085288,2.232570070006978e-06,2.2325075083797693e-06,131696.8014739563
Uruzgan,220.25,0.12302157869893689,2.164200071156874e-06,2.1641394254111366e-06,131696.80147409302
Uruzgan,220.5,0.1230215786970803,2.097949354915012e-06,2.0978905656635277e-06,131696.80147422553
Uruzgan,220.75,0.12302157869528096,2.0337419003011745e-06,2.0336849102870487e-06,131696.80147435394
Uruzgan,221.0,0.12302157869353679,1.9715028555248733e-06,1.9714476095887778e-06,131696.80147447842
Uruzgan,221.25,0.12302157869184571,1.911158537985352e-06,1.9111049830327626e-06,131696.8014745991
Uruzgan,221.5,0.1230215786902057,1.8526364342715847e-06,1.8525845192400222e-06,131696.80147471617
Uruzgan,221.75,0.12302157868861475,1.795865200162275e-06,1.7958148759885422e-06,131696.8014748297
Uruzgan,222.0,0.1230215786870709,1.7407746606258573e-06,1.7407258802132829e-06,131696.8014749399
Uruzgan,222.25,0.12302157868557223,1.6872958098204953e-06,1.6872485280061715e-06,131696.80147504684
Uruzgan,222.5,0.12302157868411706,1.6353696866175787e-06,1.6353238598908043e-06,131696.80147515069
Uruzgan,222.75,0.12302157868270468,1.5849702535586613e-06,1.5849258391381524e-06,131696.80147525147
Uruzgan,223.0,0.12302157868133416,1.5360646387067006e-06,1.5360215947322951e-06,131696.8014753493
Uruzgan,223.25,0.12302157868000456,1.488619118808918e-06,1.4885774043654454e-06,131696.80147544417
Uruzgan,223.5,0.12302157867871492,1.4426001570740813e-06,1.4425597321861368e-06,131696.80147553622
Uruzgan,223.75,0.12302157867746434,1.397974403172503e-06,1.3979352287992259e-06,131696.80147562549
Uruzgan,224.0,0.12302157867625188,1.3547086932360423e-06,1.3546707312658893e-06,131696.801475712
Uruzgan,224.25,0.1230215786750766,1.3127700498581041e-06,1.312733263103627e-06,131696.8014757959
Uruzgan,224.5,0.12302157867393759,1.272125682093639e-06,1.2720900342862594e-06,131696.80147587718
Uruzgan,224.75,0.12302157867283393,1.2327429854591431e-06,1.232708441243929e-06,131696.80147595593
Uruzgan,225.0,0.12302157867176473,1.1945895419326595e-06,1.1945560668631004e-06,131696.80147603224
Uruzgan,225.25,0.12302157867072908,1.1576331199537757e-06,1.157600680486559e-06,131696.80147610616
Uruzgan,225.5,0.12302157866972606,1.1218416744236257e-06,1.1218102379134128e-06,131696.80147617773
Uruzgan,225.75,0.1230215786687548,1.0871833467048897e-06,1.0871528813990906e-06,131696.80147624706
Uruzgan,226.0,0.12302157866781441,1.053626464621793e-06,1.0535969396553439e-06,131696.80147631417
Uruzgan,226.25,0.123021578666904,1.021139542460107e-06,1.0211109278502447e-06,131696.80147637913
Uruzgan,226.5,0.1230215786660227,9.896912809671494e-07,9.896635476081877e-07,131696.80147644205
Uruzgan,226.75,0.12302157866516963,9.592505673517827e-07,9.592236870098888e-07,131696.8014765029
Uruzgan,227.0,0.12302157866434395,9.297864752844168e-07,9.297604205923852e-07,131696.80147656184
Uruzgan,227.25,0.12302157866354475,9.012682648970056e-07,9.012430093490363e-07,131696.8014766189
Uruzgan,227.5,0.12302157866277122,8.736653827830503e-07,8.736409007295237e-07,131696.8014766741
Uruzgan,227.75,0.12302157866202248,8.469474619975969e-07,8.469237286398494e-07,131696.80147672753
Uruzgan,228.0,0.12302157866129769,8.21084322057238e-07,8.21061313442338e-07,131696.80147677925
Uruzgan,228.25,0.12302157866059603,7.96045968940112e-07,7.960236619556355e-07,131696.80147682934
Uruzgan,228.5,0.12302157865991664,7.718025950859022e-07,7.717809674547096e-07,131696.80147687782
Uruzgan,228.75,0.1230215786592587,7.483245793958391e-07,7.483036096708495e-07,131696.80147692477
Uruzgan,229.0,0.12302157865862137,7.255824872326977e-07,7.255621547916663e-07,131696.80147697026
Uruzgan,229.25,0.12302157865800385,7.035470704208002e-07,7.035273554610929e-07,131696.80147701432
Uruzgan,229.5,0.12302157865740533,6.821892672460135e-07,6.821701507793835e-07,131696.80147705704
Uruzgan,229.75,0.12302157865682499,6.614802024557502e-07,6.614616663031143e-07,131696.80147709846
Uruzgan,230.0,0.12302157865626201,6.413911872589702e-07,6.413732140451826e-07,131696.80147713865
Uruzgan,230.25,0.12302157865571563,6.218937193261777e-07,6.218762924748085e-07,131696.80147717762
Uruzgan,230.5,0.12302157865518501,6.029594827894235e-07,6.029425865175328e-07,131696.80147721551
Uruzgan,230.75,0.1230215786546694,5.845603482423042e-07,5.84543967555218e-07,131696.8014772523
Uruzgan,231.0,0.12302157865416799,5.666683727399623e-07,5.66652493426049e-07,131696.80147728807
Uruzgan,231.25,0.12302157865368005,5.492565579196271e-07,5.492411665238267e-07,131696.8014773229
Uruzgan,231.5,0.12302157865320552,5.323233909924852e-07,5.323084741020645e-07,131696.80147735678
Uruzgan,231.75,0.12302157865274439,5.158685595364288e-07,5.158541037473722e-07,131696.8014773897
Uruzgan,232.0,0.12302157865229645,4.998840258712904e-07,4.998700180048115e-07,131696.80147742166
Uruzgan,232.25,0.12302157865186145,4.843616783064486e-07,4.843481054110644e-07,131696.8014774527
Uruzgan,232.5,0.12302157865143917,4.692933311408271e-07,4.6928018049443266e-07,131696.80147748283
Uruzgan,232.75,0.12302157865102939,4.5467072466289604e-07,4.54657983774838e-07,131696.80147751208
Uruzgan,233.0,0.12302157865063187,4.404855251506708e-07,4.404731817638221e-07,131696.80147754046
Uruzgan,233.25,0.12302157865024638,4.2672932487171273e-07,4.267173669645466e-07,131696.80147756796
Uruzgan,233.5,0.12302157864987266,4.133936420831288e-07,4.1338205787179316e-07,131696.80147759465
Uruzgan,233.75,0.12302157864951048,4.004699210315717e-07,4.0045869897196323e-07,131696.8014776205
Uruzgan,234.0,0.12302157864915962,3.8794953195324e-07,3.8793866074307837e-07,131696.80147764552
Uruzgan,234.25,0.12302157864881981,3.7582377107387785e-07,3.7581323965478005e-07,131696.80147766977
Uruzgan,234.5,0.12302157864849081,3.640838606087752e-07,3.640736581683297e-07,131696.80147769325
Uruzgan,234.75,0.12302157864817238,3.5272094876276793e-07,3.5271106473660847e-07,131696.80147771598
Uruzgan,235.0,0.12302157864786425,3.4172610973023727e-07,3.417165338041179e-07,131696.801477738
Uruzgan,235.25,0.1230215786475662,3.310903436951103e-07,3.31081065806979e-07,131696.80147775923
Uruzgan,235.5,0.12302157864727796,3.2080457683086006e-07,3.207955871729331e-07,131696.8014777798
Uruzgan,235.75,0.12302157864699927,3.108596613005052e-07,3.108509503213414e-07,131696.80147779972
Uruzgan,236.0,0.12302157864672987,3.0124637525661e-07,3.0123793366318485e-07,131696.80147781892
Uruzgan,236.25,0.1230215786464695,2.919554228412846e-07,2.919472416010646e-07,131696.80147783752
Uruzgan,236.5,0.1230215786462179,2.8297743418618485e-07,2.829695045292015e-07,131696.80147785548
Uruzgan,236.75,0.12302157864597481,2.743029654125122e-07,2.7429527883343673e-07,131696.80147787282
Uruzgan,237.0,0.12302157864573995,2.659224986310141e-07,2.6591504689123093e-07,131696.8014778896
Uruzgan,237.25,0.12302157864551307,2.5782644194198347e-07,2.578192170716651e-07,131696.80147790577
Uruzgan,237.5,0.1230215786452939,2.5000512943525917e-07,2.4999812373544e-07,131696.80147792143
Uruzgan,237.75,0.12302157864508213,2.424488211902256e-07,2.4244202723487635e-07,131696.80147793653
Uruzgan,238.0,0.12302157864487753,2.351477032758131e-07,2.3514111391391481e-07,131696.80147795114
Uruzgan,238.25,0.1230215786446798,2.280918877504977e-07,2.2808549610811618e-07,131696.80147796523
Uruzgan,238.5,0.12302157864448866,2.21271412662301e-07,2.2126521214466086e-07,131696.80147797888
Uruzgan,238.75,0.12302157864430384,2.1467624204879046e-07,2.1467022634234946e-07,131696.80147799206
Uruzgan,239.0,0.12302157864412505,2.0829626593707926e-07,2.0829042901160243e-07,131696.80147800484
Uruzgan,239.25,0.12302157864395201,2.021213003438264e-07,2.0211563645446035e-07,131696.80147801718
Uruzgan,239.5,0.12302157864378442,1.9614108727523645e-07,1.9613559096458344e-07,131696.80147802914
Uruzgan,239.75,0.123021578643622,1.9034529472705982e-07,1.903399608272522e-07,131696.80147804072
Uruzgan,240.0,0.12302157864346445,1.847235166845928e-07,1.8471834031936672e-07,131696.801478052
Uruzgan,240.25,0.1230215786433115,1.792652731226769e-07,1.7926024970944746e-07,131696.8014780629
Uruzgan,240.5,0.12302157864316282,1.7396001000569983e-07,1.7395513525763443e-07,131696.8014780735
Uruzgan,240.75,0.12302157864301813,1.6879709928759515e-07,1.6879236921568787e-07,131696.80147808383
Uruzgan,241.0,0.12302157864287713,1.637658389118417e-07,1.6376124982698787e-07,131696.8014780939
Uruzgan,241.25,0.12302157864273953,1.5885545281146445e-07,1.5885100132653443e-07,131696.8014781037
Uruzgan,241.5,0.123021578642605,1.5405509090903372e-07,1.5405077394094733e-07,131696.8014781133
Uruzgan,241.75,0.12302157864247326,1.4935382911666584e-07,1.4934964388846697e-07,131696.8014781227
Uruzgan,242.0,0.12302157864234425,1.4475055193394232e-07,1.4474649569992737e-07,131696.80147813194
Uruzgan,242.25,0.12302157864221844,1.4026057227752698e-07,1.4025664186286572e-07,131696.8014781409
Uruzgan,242.5,0.12302157864209579,1.3588409242820932e-07,1.3588028465239925e-07,131696.80147814966
Uruzgan,242.75,0.12302157864197631,1.3162066800089632e-07,1.3161697969588459e-07,131696.8014781582
Uruzgan,243.0,0.12302157864185999,1.274697734771827e-07,1.2746620148963984e-07,131696.80147816648
Uruzgan,243.25,0.1230215786417468,1.2343080220535105e-07,1.2342734339894461e-07,131696.80147817457
Uruzgan,243.5,0.12302157864163672,1.195030664003717e-07,1.1949971765803995e-07,131696.80147818243
Uruzgan,243.75,0.12302157864152975,1.156857971439029e-07,1.1568255537012845e-07,131696.80147819006
Uruzgan,244.0,0.12302157864142585,1.1197814438429057e-07,1.1197500650737416e-07,131696.80147819748
Uruzgan,244.25,0.123021578641325,1.0837917693656848e-07,1.0837613991090261e-07,131696.80147820467
Uruzgan,244.5,0.12302157864122715,1.0488788248245827e-07,1.048849432908008e-07,131696.80147821165
Uruzgan,244.75,0.1230215786411323,1.0150316757036929e-07,1.0150032322611731e-07,131696.80147821843
Uruzgan,245.0,0.12302157864104041,9.822385761539874e-08,9.822110516486207e-08,131696.80147822498
Uruzgan,245.25,0.12302157864095142,9.504869689933165e-08,9.504603342400659e-08,131696.80147823133
Uruzgan,245.5,0.12302157864086533,9.197634857064077e-08,9.197377118948385e-08,131696.80147823747
Uruzgan,245.75,0.12302157864078207,8.900539464448674e-08,8.900290051618836e-08,131696.8014782434
Uruzgan,246.0,0.12302157864070161,8.613433600271798e-08,8.613192232797598e-08,131696.80147824917
Uruzgan,246.25,0.12302157864062391,8.336159239387068e-08,8.335925641766419e-08,131696.8014782547
Uruzgan,246.5,0.12302157864054891,8.06855024331689e-08,8.068324144703192e-08,131696.80147826005
Uruzgan,246.75,0.12302157864047658,7.810432360252442e-08,7.810213494681957e-08,131696.8014782652
Uruzgan,247.0,0.12302157864040685,7.56162322505369e-08,7.561411331672901e-08,131696.80147827018
Uruzgan,247.25,0.12302157864033968,7.321932359249376e-08,7.321727182542367e-08,131696.80147827498
Uruzgan,247.5,0.123021578640275,7.091161171037024e-08,7.090962461052841e-08,131696.8014782796
Uruzgan,247.75,0.12302157864021278,6.869102955282938e-08,6.868910467862956e-08,131696.80147828403
Uruzgan,248.0,0.12302157864015294,6.655542893522203e-08,6.655356390527502e-08,131696.8014782883
Uruzgan,248.25,0.1230215786400954,6.450258053958684e-08,6.450077303497406e-08,131696.80147829241
Uruzgan,248.5,0.12302157864004012,6.253017391465025e-08,6.252842168119754e-08,131696.80147829637
Uruzgan,248.75,0.12302157863998704,6.063581747582655e-08,6.06341183263777e-08,131696.80147830016
Uruzgan,249.0,0.12302157863993607,5.881703850521781e-08,5.8815390321908465e-08,131696.8014783038
Uruzgan,249.25,0.12302157863988715,5.707128315161383e-08,5.7069683888144984e-08,131696.8014783073
Uruzgan,249.5,0.1230215786398402,5.539591643049235e-08,5.539436411440412e-08,131696.80147831063
Uruzgan,249.75,0.12302157863979515,5.378822222401883e-08,5.378671495896406e-08,131696.80147831384
Uruzgan,250.0,0.12302157863975191,5.224540328104653e-08,5.224393924906458e-08,131696.80147831692
Uruzgan,250.25,0.12302157863971042,5.076458121711655e-08,5.0763158680906897e-08,131696.8014783199
Uruzgan,250.5,0.12302157863967057,4.934279651445778e-08,4.9341413819653766e-08,131696.80147832274
Uruzgan,250.75,0.1230215786396323,4.797700852198691e-08,4.797566409942931e-08,131696.80147832548
Uruzgan,251.0,0.12302157863959551,4.666409545530844e-08,4.66627878233193e-08,131696.8014783281
Uruzgan,251.25,0.1230215786395601,4.5400854396714654e-08,4.53995821633709e-08,131696.80147833063
Uruzgan,251.5,0.123021578639526,4.41840012951857e-08,4.41827631605927e-08,131696.80147833304
Uruzgan,251.75,0.1230215786394931,4.301017096638945e-08,4.3008965724954936e-08,131696.8014783354
Uruzgan,252.0,0.12302157863946132,4.1875917092681644e-08,4.187474363538922e-08,131696.80147833767
Uruzgan,252.25,0.12302157863943054,4.077771222310579e-08,4.077656953978869e-08,131696.80147833988
Uruzgan,252.5,0.12302157863940068,3.971194777339321e-08,3.971083495500794e-08,131696.801478342
Uruzgan,252.75,0.12302157863937162,3.867493402596302e-08,3.8673850266863055e-08,131696.80147834407
Uruzgan,253.0,0.12302157863934325,3.766290012992218e-08,3.766184473013164e-08,131696.8014783461
Uruzgan,253.25,0.12302157863931548,3.6671994101065394e-08,3.6670966468552825e-08,131696.8014783481
Uruzgan,253.5,0.1230215786392882,3.569828282187523e-08,3.5697282474827105e-08,131696.80147835004
Uruzgan,253.75,0.12302157863926128,3.4737752041522035e-08,3.473677861061651e-08,131696.80147835196
Uruzgan,254.0,0.12302157863923462,3.378630637586389e-08,3.378535960654462e-08,131696.80147835385
Uruzgan,254.25,0.1230215786392081,3.283976930744688e-08,3.283884906219644e-08,131696.80147835574
Uruzgan,254.5,0.12302157863918159,3.1893883185504656e-08,3.1892989446118535e-08,131696.80147835764
Uruzgan,254.75,0.12302157863915497,3.094430922595878e-08,3.0943442095818845e-08,131696.80147835953
Uruzgan,255.0,0.12302157863912827,2.999149459742288e-08,2.9990654167388106e-08,131696.80147836145
Uruzgan,255.25,0.12302157863910192,2.905093508431702e-08,2.9050121011032188e-08,131696.8014783633
Uruzgan,255.5,0.12302157863907597,2.8124922715265435e-08,2.8124134591141786e-08,131696.80147836517
Uruzgan,255.75,0.12302157863905044,2.7214233954188633e-08,2.7213471349872158e-08,131696.80147836698
Uruzgan,256.0,0.12302157863902538,2.631960454237442e-08,2.6318867007887246e-08,131696.80147836878
Uruzgan,256.25,0.12302157863900078,2.5441729498477894e-08,2.5441016564359694e-08,131696.80147837053
Uruzgan,256.5,0.12302157863897666,2.458126311852145e-08,2.4580574296970827e-08,131696.80147837225
Uruzgan,256.75,0.12302157863895305,2.3738818975894783e-08,2.373815376191068e-08,131696.80147837393
Uruzgan,257.0,0.12302157863892997,2.291496992135488e-08,2.291432779387796e-08,131696.8014783756
Uruzgan,257.25,0.12302157863890742,2.211024808302603e-08,2.2109628506080088e-08,131696.8014783772
Uruzgan,257.5,0.12302157863888541,2.1325144866399813e-08,2.1324547290233165e-08,131696.80147837877
Uruzgan,257.75,0.12302157863886397,2.056011095433511e-08,2.055953481656199e-08,131696.8014783803
Uruzgan,258.0,0.12302157863884311,1.9815556307058093e-08,1.9815001033800055e-08,131696.8014783818
Uruzgan,258.25,0.12302157863882282,1.9091850162162233e-08,1.9091315169189544e-08,131696.80147838325
Uruzgan,258.5,0.12302157863880314,1.8389321034608304e-08,1.8388805728481337e-08,131696.80147838464
Uruzgan,258.75,0.12302157863878405,1.7708256716724364e-08,1.7707760495935003e-08,131696.801478386
Uruzgan,259.0,0.12302157863876557,1.704890427820578e-08,1.7048426534318804e-08,131696.80147838732
Uruzgan,259.25,0.12302157863874771,1.6411470066115208e-08,1.64110101849097e-08,131696.8014783886
Uruzgan,259.5,0.12302157863873046,1.57961197048826e-08,1.5795677067493343e-08,131696.80147838983
Uruzgan,259.75,0.12302157863871384,1.5202978096305208e-08,1.5202552080364074e-08,131696.80147839102
Uruzgan,260.0,0.12302157863869785,1.4632129419547578e-08,1.4631719400324928e-08,131696.80147839215
Uruzgan,260.25,0.12302157863868247,1.4083617131141564e-08,1.408322248268765e-08,131696.80147839326
Uruzgan,260.5,0.12302157863866774,1.3557443964986288e-08,1.3557064061272637e-08,131696.8014783943
Uruzgan,260.75,0.12302157863865361,1.3053571932348205e-08,1.3053206148409027e-08,131696.80147839533
Uruzgan,261.0,0.12302157863864012,1.2571922321861035e-08,1.2571570034934627e-08,131696.8014783963
Uruzgan,261.25,0.12302157863862724,1.2112375699525816e-08,1.2112036290195937e-08,131696.8014783972
Uruzgan,261.5,0.12302157863861497,1.1674771908710869e-08,1.1674444762048148e-08,131696.80147839806
Uruzgan,261.75,0.12302157863860332,1.1258910070151827e-08,1.1258594576855154e-08,131696.8014783989
Uruzgan,262.0,0.12302157863859227,1.0864548581951594e-08,1.0864244139489537e-08,131696.8014783997
Uruzgan,262.25,0.1230215786385818,1.04914051195804e-08,1.0491111133332571e-08,131696.80147840045
Uruzgan,262.5,0.12302157863857194,1.0139156635875752e-08,1.013887252027423e-08,131696.80147840115
Uruzgan,262.75,0.12302157863856264,9.807439361042448e-09,9.807164540713169e-09,131696.80147840182
Uruzgan,263.0,0.12302157863855391,9.495848802652615e-09,9.495582713556748e-09,131696.80147840243
Uruzgan,263.25,0.12302157863854572,9.203939745645643e-09,9.203681836221017e-09,131696.801478403
Uruzgan,263.5,0.12302157863853809,8.931226252328215e-09,8.930975984630718e-09,131696.80147840356
Uruzgan,263.75,0.12302157863853097,8.677181662374362e-09,8.676938513219277e-09,131696.80147840406
Uruzgan,264.0,0.12302157863852435,8.441238592825346e-09,8.441002054928836e-09,131696.80147840455
Uruzgan,264.25,0.12302157863851823,8.222788938089772e-09,8.222558521210205e-09,131696.801478405
Uruzgan,264.5,0.12302157863851258,8.021183869943519e-09,8.020959102022905e-09,131696.80147840537
Uruzgan,264.75,0.12302157863850739,7.835733837529746e-09,7.835514265835135e-09,131696.80147840575
Uruzgan,265.0,0.12302157863850262,7.665708567358967e-09,7.665493759623804e-09,131696.8014784061
Uruzgan,265.25,0.12302157863849827,7.510337063308937e-09,7.510126608874503e-09,131696.8014784064
Uruzgan,265.5,0.1230215786384943,7.3688076066247336e-09,7.368601117581524e-09,131696.80147840668
Uruzgan,265.75,0.1230215786384907,7.240267755918718e-09,7.240064868247845e-09,131696.80147840694
Uruzgan,266.0,0.12302157863848744,7.1238243471705436e-09,7.12362472188513e-09,131696.80147840717
Uruzgan,266.25,0.12302157863848448,7.018543493727195e-09,7.0183468180137555e-09,131696.80147840737
Uruzgan,266.5,0.12302157863848182,6.923450586302915e-09,6.92325657466279e-09,131696.80147840758
Uruzgan,266.75,0.12302157863847941,6.8375302929792505e-09,6.83733868836997e-09,131696.80147840775
Uruzgan,267.0,0.12302157863847724,6.759726559205058e-09,6.7595371341817486e-09,131696.8014784079
Uruzgan,267.25,0.12302157863847525,6.688942607796494e-09,6.6887551656532665e-09,131696.80147840804
Uruzgan,267.5,0.12302157863847343,6.624040938936981e-09,6.623855314848351e-09,131696.80147840816
Uruzgan,267.75,0.12302157863847174,6.563843330177276e-09,6.563659392339536e-09,131696.8014784083
Uruzgan,268.0,0.12302157863847016,6.5071308364353955e-09,6.506948487208034e-09,131696.8014784084
Uruzgan,268.25,0.12302157863846863,6.452643789996694e-09,6.452462967043764e-09,131696.8014784085
Uruzgan,268.5,0.12302157863846713,6.399081800513778e-09,6.39890247794533e-09,131696.80147840863
Uruzgan,268.75,0.12302157863846562,6.345103755006591e-09,6.344925944520028e-09,131696.80147840874
Uruzgan,269.0,0.12302157863846405,6.2893278178623494e-09,6.289151569883846e-09,131696.80147840883
Uruzgan,269.25,0.1230215786384624,6.230331430835563e-09,6.230156835661477e-09,131696.80147840895
Uruzgan,269.5,0.12302157863846061,6.166651313048051e-09,6.166478501986295e-09,131696.8014784091
Uruzgan,269.75,0.12302157863845865,6.096783460988925e-09,6.096612607500378e-09,131696.80147840924
Uruzgan,270.0,0.12302157863845647,6.019183148514606e-09,6.0190144693544825e-09,131696.80147840938
Uruzgan,270.25,0.12302157863845405,5.932264926848777e-09,5.932098683208068e-09,131696.80147840956
Uruzgan,270.5,0.1230215786384513,5.834402624582442e-09,5.8342391232292926e-09,131696.80147840976
Uruzgan,270.75,0.1230215786384482,5.723929347673914e-09,5.723768942094989e-09,131696.80147840997
Uruzgan,271.0,0.1230215786384447,5.599137479448779e-09,5.598980570990706e-09,131696.80147841023
Uruzgan,271.25,0.12302157863844077,5.458278680599914e-09,5.458125719610663e-09,131696.80147841052
Uruzgan,271.5,0.12302157863843631,5.299650378501737e-09,5.299501863053866e-09,131696.8014784108
Uruzgan,271.75,0.12302157863843159,5.130998266639559e-09,5.1308544783159835e-09,131696.80147841116
Uruzgan,272.0,0.12302157863842676,4.958677530851249e-09,4.958538573456045e-09,131696.8014784115
Uruzgan,272.25,0.12302157863842184,4.783267139533523e-09,4.783133100558927e-09,131696.80147841186
Uruzgan,272.5,0.12302157863841685,4.605329796288489e-09,4.60520074737304e-09,131696.8014784122
Uruzgan,272.75,0.12302157863841182,4.425411939923654e-09,4.425287937310331e-09,131696.80147841256
Uruzgan,273.0,0.12302157863840674,4.244043744451921e-09,4.243924829446284e-09,131696.80147841293
Uruzgan,273.25,0.12302157863840162,4.06173911909159e-09,4.061625318519915e-09,131696.80147841328
Uruzgan,273.5,0.1230215786383965,3.878995708266358e-09,3.87888703493378e-09,131696.80147841366
Uruzgan,273.75,0.12302157863839139,3.6962948916053213e-09,3.6961913447539675e-09,131696.801478414
Uruzgan,274.0,0.12302157863838628,3.5141017839429683e-09,3.514003349710102e-09,131696.8014784144
Uruzgan,274.25,0.1230215786383812,3.332865235319188e-09,3.332771887195344e-09,131696.80147841474
Uruzgan,274.5,0.12302157863837615,3.1530178309792664e-09,3.1529295302663906e-09,131696.80147841512
Uruzgan,274.75,0.12302157863837117,2.974975891373884e-09,2.974892587643473e-09,131696.80147841547
Uruzgan,275.0,0.12302157863836624,2.7991394721591182e-09,2.7990611037103575e-09,131696.80147841581
Uruzgan,275.25,0.12302157863836138,2.6258923641964466e-09,2.6258188585143483e-09,131696.80147841616
Uruzgan,275.5,0.12302157863835661,2.455602093552741e-09,2.4555333677662844e-09,131696.8014784165
Uruzgan,275.75,0.12302157863835193,2.2886199215002707e-09,2.2885558828405387e-09,131696.80147841683
Uruzgan,276.0,0.12302157863834735,2.125280844516702e-09,2.1252213907750203e-09,131696.80147841715
Uruzgan,276.25,0.12302157863834288,1.965903594285098e-09,1.9658486142711756e-09,131696.80147841747
Uruzgan,276.5,0.12302157863833854,1.810790637693919e-09,1.8107400116939854e-09,131696.8014784178
Uruzgan,276.75,0.12302157863833432,1.660228176837021e-09,1.6601817770719668e-09,131696.80147841809
Uruzgan,277.0,0.12302157863833024,1.514486149013659e-09,1.5144438400971686e-09,131696.80147841838
Uruzgan,277.25,0.1230215786383263,1.3738182267284832e-09,1.3737798661251835e-09,131696.80147841867
Uruzgan,277.5,0.1230215786383225,1.2384618176915413e-09,1.2384272561751305e-09,131696.80147841893
Uruzgan,277.75,0.12302157863831886,1.1086380648182796e-09,1.10860714692967e-09,131696.8014784192
Uruzgan,278.0,0.1230215786383154,9.84551846229535e-10,9.845244107349961e-10,131696.80147841945
Uruzgan,278.25,0.12302157863831208,8.663917752515503e-10,8.663676556008398e-10,131696.8014784197
Uruzgan,278.5,0.12302157863830894,7.543302004159601e-10,7.54309225200465e-10,131696.80147841992
Uruzgan,278.75,0.12302157863830597,6.485232054597956e-10,6.485051988706743e-10,131696.80147842012
Uruzgan,279.0,0.12302157863830318,5.491106093254863e-10,5.490953916118024e-10,131696.80147842033
Uruzgan,279.25,0.12302157863830059,4.56215966160857e-10,4.5620335408772514e-10,131696.8014784205
Uruzgan,279.5,0.12302157863829817,3.6994656531913316e-10,3.6993637262584704e-10,131696.80147842068
Uruzgan,279.75,0.12302157863829594,2.903934313589325e-10,2.90385469217113e-10,131696.80147842082
Uruzgan,280.0,0.1230215786382939,2.1763132404426995e-10,2.1762540151600243e-10,131696.80147842097
Uruzgan,280.25,0.12302157863829205,1.517187383445644e-10,1.517146628405293e-10,131696.8014784211
Uruzgan,280.5,0.1230215786382904,9.269790443462202e-11,9.26954821722429e-11,131696.80147842123
Uruzgan,280.75,0.12302157863828893,4.0594787694651146e-11,4.059382415623208e-11,131696.80147842134
Uruzgan,281.0,0.12302157863828767,-4.580911289742616e-12,-4.5806108988839644e-12,131696.80147842143
Uruzgan,281.25,0.1230215786382866,-4.283575672755889e-11,-4.2834387020946515e-11,131696.8014784215
Uruzgan,281.5,0.12302157863828572,-7.41925776224009e-11,-7.419033257426563e-11,131696.80147842158
Uruzgan,281.75,0.12302157863828503,-9.869046777246964e-11,-9.868754025961105e-11,131696.8014784216
Uruzgan,282.0,0.12302157863828453,-1.163847857705788e-10,-1.1638136711421796e-10,131696.80147842164
Uruzgan,282.25,0.12302157863828422,-1.2734715500413407e-10,-1.2734343451178952e-10,131696.80147842166
Uruzgan,282.5,0.12302157863828411,-1.3166546365515465e-10,-1.316616281624902e-10,131696.80147842166
Uruzgan,282.75,0.12302157863828417,-1.2944386470025257e-10,-1.2944009811294744e-10,131696.80147842166
Uruzgan,283.0,0.12302157863828442,-1.2080277591065254e-10,-1.2079925874625666e-10,131696.80147842166
Uruzgan,283.25,0.12302157863828483,-1.0587887985217954e-10,-1.0587578878197377e-10,131696.80147842164
Uruzgan,283.5,0.12302157863828542,-8.48251238852547e-11,-8.482263127612591e-11,131696.80147842158
Uruzgan,283.75,0.12302157863828618,-5.7810720164909345e-11,-5.780899362119745e-11,131696.80147842152
Uruzgan,284.0,0.1230215786382871,-2.5021145640780854e-11,-2.5020347546140682e-11,131696.80147842146
Uruzgan,284.25,0.12302157863828816,1.3341857942898897e-11,1.3341570883630769e-11,131696.80147842137
Uruzgan,284.5,0.1230215786382894,5.7060284047291974e-11,5.705876126623533e-11,131696.8014784213
Uruzgan,284.75,0.12302157863829076,1.0589986133895438e-10,1.0589695886332513e-10,131696.8014784212
Uruzgan,285.0,0.12302157863829227,1.5961005368984183e-10,1.5960563460009677e-10,131696.80147842108
Uruzgan,285.25,0.12302157863829391,2.1792406017729903e-10,2.1791799506527062e-10,131696.80147842097
Uruzgan,285.5,0.12302157863829566,2.805588150840878e-10,2.805509825111173e-10,131696.80147842085
Uruzgan,285.75,0.12302157863829753,3.4721498789834063e-10,3.4720527485342135e-10,131696.80147842073
Uruzgan,286.0,0.1230215786382995,4.175769833136106e-10,4.175652856715315e-10,131696.8014784206
Uruzgan,286.25,0.12302157863830157,4.91312941228828e-10,4.912991642083063e-10,131696.80147842044
Uruzgan,286.5,0.12302157863830372,5.680747367483329e-10,5.680587953701496e-10,131696.80147842027
Uruzgan,286.75,0.12302157863830594,6.474979801818625e-10,6.474797997270096e-10,131696.80147842012
Uruzgan,287.0,0.12302157863830823,7.292020170445381e-10,7.291815335123542e-10,131696.80147841995
Uruzgan,287.25,0.12302157863831058,8.12789928056894e-10,8.127670886231983e-10,131696.8014784198
Uruzgan,287.5,0.12302157863831296,8.978485291448524e-10,8.978232926200872e-10,131696.80147841963
Uruzgan,287.75,0.12302157863831537,9.839483714397307e-10,9.839207087271048e-10,131696.80147841945
Uruzgan,288.0,0.1230215786383178,1.0706437412782497e-09,1.0706136358318687e-09,131696.80147841928
Uruzgan,288.25,0.12302157863832024,1.1574726602025228e-09,1.157440108485532e-09,131696.8014784191
Uruzgan,288.5,0.12302157863832265,1.2439568849600596e-09,1.2439218969027795e-09,131696.80147841893
Uruzgan,288.75,0.12302157863832505,1.3296019075037745e-09,1.3295645069618419e-09,131696.80147841875
Uruzgan,289.0,0.12302157863832743,1.4138969549919677e-09,1.4138571802044813e-09,131696.80147841858
Uruzgan,289.25,0.12302157863832973,1.4963149897883388e-09,1.4962728938359898e-09,131696.80147841843
Uruzgan,289.5,0.12302157863833198,1.576312709461989e-09,1.5762683607251906e-09,131696.80147841826
Uruzgan,289.75,0.12302157863833413,1.6533305467874198e-09,1.6532840294044695e-09,131696.8014784181
Uruzgan,290.0,0.12302157863833618,1.7267926697445192e-09,1.7267440840697193e-09,131696.80147841797
Uruzgan,290.25,0.12302157863833812,1.7961069815185738e-09,1.7960564445803707e-09,131696.80147841782
Uruzgan,290.5,0.12302157863833994,1.860665120500276e-09,1.8606127664594134e-09,131696.8014784177
Uruzgan,290.75,0.1230215786383416,1.9198424602857107e-09,1.9197884408933428e-09,131696.80147841756
Uruzgan,291.0,0.1230215786383431,1.9729981096763463e-09,1.972942594732208e-09,131696.80147841747
Uruzgan,291.25,0.12302157863834438,2.0194749126790763e-09,2.0194180904895917e-09,131696.8014784174
Uruzgan,291.5,0.12302157863834548,2.058599448506163e-09,2.0585415263426137e-09,131696.8014784173
Uruzgan,291.75,0.12302157863834635,2.0896820315752765e-09,2.0896232361319215e-09,131696.80147841724
Uruzgan,292.0,0.12302157863834698,2.112016711509499e-09,2.1119572893616986e-09,131696.80147841718
Uruzgan,292.25,0.12302157863834734,2.1248812731372862e-09,2.124821491199674e-09,131696.80147841715
Uruzgan,292.5,0.12302157863834742,2.1275372364924986e-09,2.127477382477107e-09,131696.80147841715
Uruzgan,292.75,0.12302157863834719,2.1192298568143965e-09,2.1191702396887833e-09,131696.80147841718
Uruzgan,293.0,0.12302157863834662,2.099188124547639e-09,2.099129074993048e-09,131696.8014784172
Uruzgan,293.25,0.12302157863834572,2.066624765342265e-09,2.066566636211749e-09,131696.80147841727
Uruzgan,293.5,0.12302157863834443,2.0207362400537436e-09,2.020679406830299e-09,131696.8014784174
Uruzgan,293.75,0.12302157863834275,1.960922462817446e-09,1.9608673259256817e-09,131696.8014784175
Uruzgan,294.0,0.12302157863834073,1.889277368420682e-09,1.8892243563042424e-09,131696.80147841765
Uruzgan,294.25,0.12302157863833843,1.8071010625131253e-09,1.8070505848342457e-09,131696.8014784178
Uruzgan,294.5,0.12302157863833586,1.7151090157365286e-09,1.7150614546731702e-09,131696.80147841797
Uruzgan,294.75,0.12302157863833303,1.6140027678297737e-09,1.6139584786140694e-09,131696.80147841817
Uruzgan,295.0,0.12302157863832995,1.5044699276288729e-09,1.5044292390855705e-09,131696.8014784184
Uruzgan,295.25,0.12302157863832666,1.387184173066968e-09,1.3871473881518753e-09,131696.80147841864
Uruzgan,295.5,0.12302157863832318,1.262805251174331e-09,1.26277264751276e-09,131696.8014784189
Uruzgan,295.75,0.12302157863831951,1.1319789780783635e-09,1.131950808503574e-09,131696.80147841916
Uruzgan,296.0,0.12302157863831568,9.953372390035976e-10,9.953137320952423e-10,131696.80147841942
Uruzgan,296.25,0.12302157863831172,8.534979882716946e-10,8.534793488942641e-10,131696.80147841971
Uruzgan,296.5,0.12302157863830761,7.070652493014462e-10,7.070516591427114e-10,131696.80147842
Uruzgan,296.75,0.12302157863830339,5.566291146087742e-10,5.566207327182322e-10,131696.8014784203
Uruzgan,297.0,0.12302157863829909,4.027657458067292e-10,4.027627091340476e-10,131696.80147842062
Uruzgan,297.25,0.12302157863829469,2.4603737360549374e-10,2.4603979753895347e-10,131696.8014784209
Uruzgan,297.5,0.12302157863829023,8.699229781237801e-11,8.700027671732031e-11,131696.80147842123
Uruzgan,297.75,0.12302157863828572,-7.38351126681767e-11,-7.382150491090897e-11,131696.80147842155
Uruzgan,298.0,0.12302157863828118,-2.35924419834599e-10,-2.35905129290214e-10,131696.8014784219
Uruzgan,298.25,0.12302157863827662,-3.9876911658818775e-10,-3.987441087295028e-10,131696.80147842222
Uruzgan,298.5,0.12302157863827205,-5.61876626733112e-10,-5.618458859021081e-10,131696.80147842254
Uruzgan,298.75,0.12302157863826749,-7.247683049764113e-10,-7.247318338457888e-10,131696.80147842286
Uruzgan,299.0,0.12302157863826294,-8.869794369279949e-10,-8.869372559627287e-10,131696.80147842318
Uruzgan,299.25,0.12302157863825842,-1.0480592391006422e-09,-1.0480113860195397e-09,131696.8014784235
Uruzgan,299.5,0.12302157863825396,-1.2075708589100017e-09,-1.2075173881472554e-09,131696.80147842382
Uruzgan,299.75,0.12302157863824954,-1.3650913746745945e-09,-1.3650323568413388e-09,131696.80147842414
Uruzgan,300.0,0.1230215786382452,-1.5202117956158086e-09,-1.5201473169616767e-09,131696.80147842446
Uruzgan,300.25,0.12302157863824092,-1.6725370618579033e-09,-1.672467223732582e-09,131696.80147842475
Uruzgan,300.5,0.12302157863823675,-1.8216860444280106e-09,-1.821610962742794e-09,131696.80147842507
Uruzgan,300.75,0.12302157863823267,-1.9672915452561285e-09,-1.9672113499454754e-09,131696.80147842536
Uruzgan,301.0,0.1230215786382287,-2.1090002971751275e-09,-2.1089151316582207e-09,131696.80147842562
Uruzgan,301.25,0.12302157863822484,-2.246472963920747e-09,-2.24638298456304e-09,131696.8014784259
Uruzgan,301.5,0.12302157863822112,-2.379384140131597e-09,-2.3792895157063804e-09,131696.80147842618
Uruzgan,301.75,0.12302157863821753,-2.5074223513491605e-09,-2.5073232624991062e-09,131696.80147842644
Uruzgan,302.0,0.12302157863821409,-2.630290054017782e-09,-2.6301866927165144e-09,131696.80147842667
Uruzgan,302.25,0.1230215786382108,-2.7477036354846886e-09,-2.7475962044983185e-09,131696.8014784269
Uruzgan,302.5,0.12302157863820766,-2.859393413999965e-09,-2.8592821263486662e-09,131696.80147842714
Uruzgan,302.75,0.1230215786382047,-2.965103638716573e-09,-2.9649887171361293e-09,131696.80147842734
Uruzgan,303.0,0.12302157863820191,-3.064592489690345e-09,-3.064474166093702e-09,131696.80147842754
Uruzgan,303.25,0.1230215786381993,-3.1576320778799817e-09,-3.1575105928188054e-09,131696.80147842772
Uruzgan,303.5,0.12302157863819689,-3.244008445147052e-09,-3.2438840472732887e-09,131696.8014784279
Uruzgan,303.75,0.12302157863819466,-3.3235215642559953e-09,-3.323394509783425e-09,131696.80147842807
Uruzgan,304.0,0.12302157863819263,-3.3959853388741273e-09,-3.3958558910399133e-09,131696.8014784282
Uruzgan,304.25,0.1230215786381908,-3.461227603571624e-09,-3.461096032097878e-09,131696.80147842833
Uruzgan,304.5,0.12302157863818917,-3.5190901238215395e-09,-3.51895670437687e-09,131696.80147842845
Uruzgan,304.75,0.12302157863818776,-3.5694285959997944e-09,-3.5692936096608704e-09,131696.80147842856
Uruzgan,305.0,0.12302157863818657,-3.612112647385178e-09,-3.6119763800982713e-09,131696.80147842865
Uruzgan,305.25,0.1230215786381856,-3.647025836159354e-09,-3.646888578201907e-09,131696.8014784287
Uruzgan,305.5,0.12302157863818483,-3.6740656514068532e-09,-3.6739276968490296e-09,131696.80147842877
Uruzgan,305.75,0.1230215786381843,-3.6931435131150787e-09,-3.6930051592813217e-09,131696.8014784288
Uruzgan,306.0,0.12302157863818398,-3.7041847721742954e-09,-3.704046319104882e-09,131696.80147842882
Uruzgan,306.25,0.1230215786381839,-3.7071287103776506e-09,-3.7069904602902443e-09,131696.80147842882
Uruzgan,306.5,0.12302157863818405,-3.7019285404211573e-09,-3.7017907971723676e-09,131696.80147842882
Uruzgan,306.75,0.12302157863818443,-3.6885514059036928e-09,-3.6884144744506336e-09,131696.8014784288
Uruzgan,307.0,0.12302157863818504,-3.6669783813270106e-09,-3.6668425671888463e-09,131696.80147842874
Uruzgan,307.25,0.12302157863818587,-3.637204472095732e-09,-3.6370700808152395e-09,131696.80147842868
Uruzgan,307.5,0.12302157863818693,-3.5992386145173507e-09,-3.599105951122477e-09,131696.80147842862
Uruzgan,307.75,0.12302157863818822,-3.553103675802229e-09,-3.5529730442676434e-09,131696.80147842853
Uruzgan,308.0,0.12302157863818974,-3.4988364540635967e-09,-3.498708156772246e-09,131696.80147842842
Uruzgan,308.25,0.12302157863819149,-3.4364876783175585e-09,-3.4363620155222193e-09,131696.8014784283
Uruzgan,308.5,0.12302157863819346,-3.3661220084830844e-09,-3.365999277767937e-09,131696.80147842815
Uruzgan,308.75,0.12302157863819566,-3.2878180353820184e-09,-3.287698531124177e-09,131696.80147842798
Uruzgan,309.0,0.12302157863819807,-3.201668280739069e-09,-3.201552293570153e-09,131696.8014784278
Uruzgan,309.25,0.12302157863820071,-3.107779197181828e-09,-3.1076670134495152e-09,131696.80147842763
Uruzgan,309.5,0.12302157863820355,-3.0062711682407393e-09,-3.0061630694703167e-09,131696.80147842743
Uruzgan,309.75,0.1230215786382066,-2.8972785083491277e-09,-2.8971747707050526e-09,131696.8014784272
Uruzgan,310.0,0.12302157863820987,-2.780949462843195e-09,-2.7808503565906472e-09,131696.80147842696
Uruzgan,310.25,0.12302157863821332,-2.6574462079619838e-09,-2.657351996928427e-09,131696.80147842673
Uruzgan,310.5,0.12302157863821699,-2.5269448508474485e-09,-2.5268557918841757e-09,131696.80147842647
Uruzgan,310.75,0.12302157863822083,-2.3896354295443787e-09,-2.389551771988079e-09,131696.8014784262
Uruzgan,311.0,0.12302157863822485,-2.2457219130004455e-09,-2.245643898134758e-09,131696.8014784259
Uruzgan,311.25,0.12302157863822907,-2.095422201066206e-09,-2.0953500615832614e-09,131696.8014784256
Uruzgan,311.5,0.12302157863823346,-1.9389681244950705e-09,-1.938902083957054e-09,131696.8014784253
Uruzgan,311.75,0.12302157863823801,-1.7766054449433088e-09,-1.7765457172440373e-09,131696.80147842495
Uruzgan,312.0,0.12302157863824272,-1.6085938549700834e-09,-1.6085406437965393e-09,131696.80147842463
Uruzgan,312.25,0.12302157863824757,-1.4352069780374216e-09,-1.4351604763312996e-09,131696.80147842428
Uruzgan,312.5,0.12302157863825258,-1.2567323685102184e-09,-1.256692757929493e-09,131696.80147842393
Uruzgan,312.75,0.12302157863825772,-1.0734715116562219e-09,-1.0734389620367282e-09,131696.80147842356
Uruzgan,313.0,0.12302157863826298,-8.857398236460809e-10,-8.857144924630206e-10,131696.80147842318
Uruzgan,313.25,0.12302157863826835,-6.938666515532938e-10,-6.938486833828254e-10,131696.8014784228
Uruzgan,313.5,0.12302157863827383,-4.981952733542364e-10,-4.98184799335022e-10,131696.80147842242
Uruzgan,313.75,0.12302157863827941,-2.990828979281515e-10,-2.9908003522290617e-10,131696.801478422
Uruzgan,314.0,0.12302157863828508,-9.690066505714692e-11,-9.690551631421567e-11,131696.8014784216
Uruzgan,314.25,0.12302157863829082,1.0796635457378194e-10,1.079537017589071e-10,131696.8014784212
Uruzgan,314.5,0.12302157863829663,3.151191593767786e-10,3.150986329998538e-10,131696.8014784208
Uruzgan,314.75,0.12302157863830249,5.241448168611387e-10,5.241163610476608e-10,131696.80147842036
Uruzgan,315.0,0.12302157863830838,7.346164636332461e-10,7.345800391768642e-10,131696.80147841995
Uruzgan,315.25,0.12302157863831431,9.460933053966452e-10,9.460488902976199e-10,131696.8014784195
Uruzgan,315.5,0.12302157863832025,1.158120616952012e-09,1.15806820695565e-09,131696.8014784191
Uruzgan,315.75,0.12302157863832619,1.370229742197123e-09,1.3701693513322292e-09,131696.80147841867
Uruzgan,316.0,0.12302157863833213,1.5819380941269054e-09,1.5818697552442312e-09,131696.80147841826
Uruzgan,316.25,0.12302157863833803,1.7927491548334303e-09,1.7926729201441014e-09,131696.80147841782
Uruzgan,316.5,0.1230215786383439,2.002152475505874e-09,2.002068417119846e-09,131696.80147841742
Uruzgan,316.75,0.12302157863834971,2.209623676430546e-09,2.2095318868950612e-09,131696.801478417
Uruzgan,317.0,0.12302157863835546,2.4146244469908917e-09,2.414525039828893e-09,131696.80147841657
Uruzgan,317.25,0.12302157863836112,2.616602545667492e-09,2.6164956559160918e-09,131696.8014784162
Uruzgan,317.5,0.12302157863836669,2.814991800038053e-09,2.8148775847869774e-09,131696.8014784158
Uruzgan,317.75,0.12302157863837213,3.0092121067774064e-09,3.009090745707427e-09,131696.8014784154
Uruzgan,318.0,0.12302157863837743,3.1986694316575097e-09,3.198541127578876e-09,131696.80147841503
Uruzgan,318.25,0.12302157863838259,3.3827558095474645e-09,3.3826207889383853e-09,131696.80147841465
Uruzgan,318.5,0.12302157863838759,3.56084934441351e-09,3.5607078579585846e-09,131696.8014784143
Uruzgan,318.75,0.12302157863839239,3.732314209318982e-09,3.732166532447609e-09,131696.80147841395
Uruzgan,319.0,0.123021578638397,3.896500646424355e-09,3.896347079849244e-09,131696.80147841363
Uruzgan,319.25,0.12302157863840137,4.052744966987271e-09,4.05258583724279e-09,131696.8014784133
Uruzgan,319.5,0.1230215786384055,4.200369551362458e-09,4.2002052113431985e-09,131696.80147841302
Uruzgan,319.75,0.12302157863840937,4.3386828490017765e-09,4.338513678500903e-09,131696.80147841273
Uruzgan,320.0,0.12302157863841298,4.4669793784542575e-09,4.466805784702005e-09,131696.80147841247
Uruzgan,320.25,0.12302157863841627,4.584539727366023e-09,4.584362145568089e-09,131696.80147841224
Uruzgan,320.5,0.12302157863841924,4.690630552480354e-09,4.690449446356385e-09,131696.80147841203
Uruzgan,320.75,0.12302157863842188,4.784504579637583e-09,4.784320441959637e-09,131696.80147841186
Uruzgan,321.0,0.12302157863842414,4.86540060377532e-09,4.8652139569062554e-09,131696.80147841168
Uruzgan,321.25,0.12302157863842603,4.932543488928148e-09,4.932354885360099e-09,131696.80147841154
Uruzgan,321.5,0.1230215786384275,4.985144168227905e-09,4.984954191120707e-09,131696.80147841145
Uruzgan,321.75,0.12302157863842854,5.0223996439034574e-09,5.022208907623126e-09,131696.80147841136
Uruzgan,322.0,0.12302157863842914,5.043492987280875e-09,5.0433021379380345e-09,131696.80147841133
Uruzgan,322.25,0.12302157863842925,5.047593338783332e-09,5.047403054771642e-09,131696.8014784113
Uruzgan,322.5,0.12302157863842886,5.033855907931122e-09,5.0336669004657295e-09,131696.80147841133
Uruzgan,322.75,0.12302157863842796,5.001421973341665e-09,5.001234986997685e-09,131696.80147841142
Uruzgan,323.0,0.1230215786384265,4.94941888272956e-09,4.949234695980462e-09,131696.8014784115
Uruzgan,323.25,0.12302157863842446,4.8769600529064845e-09,4.876779478662556e-09,131696.80147841165
Uruzgan,323.5,0.12302157863842184,4.783144969781215e-09,4.782968855928061e-09,131696.80147841186
Uruzgan,323.75,0.12302157863841859,4.667059188359794e-09,4.666888418296693e-09,131696.8014784121
Uruzgan,324.0,0.12302157863841467,4.527979918061008e-09,4.527816477954094e-09,131696.80147841235
Uruzgan,324.25,0.1230215786384102,4.368251405512555e-09,4.3681103189704355e-09,131696.80147841267
Uruzgan,324.5,0.12302157863840521,4.189876717795009e-09,4.1897758845101186e-09,131696.80147841305
Uruzgan,324.75,0.12302157863839973,3.994226289605728e-09,3.9941823866887386e-09,131696.80147841343
Uruzgan,325.0,0.1230215786383938,3.782642402518499e-09,3.782670910041743e-09,131696.80147841386
Uruzgan,325.25,0.12302157863838746,3.5564391849835393e-09,3.5565544115244257e-09,131696.8014784143
Uruzgan,325.5,0.12302157863838074,3.3169026123274987e-09,3.317117720511934e-09,131696.8014784148
Uruzgan,325.75,0.1230215786383737,3.065290506753457e-09,3.0656175387992628e-09,131696.8014784153
Uruzgan,326.0,0.12302157863836634,2.8028325373409238e-09,2.8032824406012577e-09,131696.80147841581
Uruzgan,326.25,0.12302157863835872,2.5307302200458396e-09,2.5313128725526155e-09,131696.80147841637
Uruzgan,326.5,0.12302157863835086,2.250156917700577e-09,2.2508811537078805e-09,131696.80147841692
Uruzgan,326.75,0.12302157863834279,1.9622578400139377e-09,1.9631314755414493e-09,131696.8014784175
Uruzgan,327.0,0.12302157863833456,1.6681500435711542e-09,1.6691799019475684e-09,131696.80147841809
Uruzgan,327.25,0.12302157863832618,1.368922431833891e-09,1.370114369240332e-09,131696.80147841867
Uruzgan,327.5,0.12302157863831767,1.0656357551402413e-09,1.0669946861536857e-09,131696.80147841928
Uruzgan,327.75,0.12302157863830909,7.593226107047302e-10,7.608525338414274e-10,131696.8014784199
Uruzgan,328.0,0.12302157863830045,4.50987442618315e-10,4.5269146587720005e-10,131696.80147842053
Uruzgan,328.25,0.12302157863829179,1.4160654184837828e-10,1.4348690825450123e-10,131696.80147842114
Uruzgan,328.5,0.12302157863828311,-1.6787195376126052e-10,-1.6581384061332466e-10,131696.80147842175
Uruzgan,328.75,0.12302157863827447,-4.765280594903524e-10,-4.742916098930786e-10,131696.80147842236
Uruzgan,329.0,0.12302157863826586,-7.834699437422211e-10,-7.81055356331721e-10,131696.80147842297
Uruzgan,329.25,0.12302157863825734,-1.0878339280437574e-09,-1.0852421642563517e-09,131696.8014784236
Uruzgan,329.5,0.1230215786382489,-1.3887844870454219e-09,-1.3860172455742252e-09,131696.8014784242
Uruzgan,329.75,0.12302157863824059,-1.685514248521246e-09,-1.682573939772748e-09,131696.80147842478
Uruzgan,330.0,0.12302157863823242,-1.977243993368825e-09,-1.974133713919474e-09,131696.80147842536
Uruzgan,330.25,0.12302157863822441,-2.2632226556093268e-09,-2.2599461626621047e-09,131696.80147842594
Uruzgan,330.5,0.12302157863821658,-2.5427273223874927e-09,-2.5392890082284965e-09,131696.8014784265
Uruzgan,330.75,0.12302157863820895,-2.815063233971627e-09,-2.8114681004266546e-09,131696.80147842705
Uruzgan,331.0,0.12302157863820154,-3.0795637837536103e-09,-3.0758174166447345e-09,131696.80147842757
Uruzgan,331.25,0.12302157863819436,-3.3355905182488825e-09,-3.331699061851036e-09,131696.8014784281
Uruzgan,331.5,0.12302157863818745,-3.5825331370964645e-09,-3.57850326859402e-09,131696.8014784286
Uruzgan,331.75,0.1230215786381808,-3.8198094930589316e-09,-3.815648397002281e-09,131696.80147842906
Uruzgan,332.0,0.12302157863817444,-4.0468655920224484e-09,-4.042580934784584e-09,131696.80147842952
Uruzgan,332.25,0.12302157863816839,-4.263175592996731e-09,-4.258775497229831e-09,131696.80147842993
Uruzgan,332.5,0.12302157863816264,-4.468241808115072e-09,-4.463734827207069e-09,131696.80147843034
Uruzgan,332.75,0.12302157863815721,-4.661594702634336e-09,-4.656989795165512e-09,131696.80147843075
Uruzgan,333.0,0.12302157863815213,-4.842792894934951e-09,-4.838099399134507e-09,131696.8014784311
Uruzgan,333.25,0.12302157863814742,-5.011423156520917e-09,-5.006650764723566e-09,131696.80147843144
Uruzgan,333.5,0.12302157863814306,-5.167100412019811e-09,-5.162259145122338e-09,131696.80147843173
Uruzgan,333.75,0.12302157863813906,-5.30946773918276e-09,-5.304567921100627e-09,131696.80147843203
Uruzgan,334.0,0.12302157863813545,-5.4381963688844815e-09,-5.433248601008393e-09,131696.8014784323
Uruzgan,334.25,0.12302157863813225,-5.552985685123243e-09,-5.548000820775732e-09,131696.80147843252
Uruzgan,334.5,0.12302157863812943,-5.653563225020905e-09,-5.648552343912908e-09,131696.80147843272
Uruzgan,334.75,0.12302157863812702,-5.7396846788228735e-09,-5.734659061510318e-09,131696.8014784329
Uruzgan,335.0,0.123021578638125,-5.811133889898141e-09,-5.80610499223852e-09,131696.80147843304
Uruzgan,335.25,0.12302157863812342,-5.867722854739259e-09,-5.862702282348217e-09,131696.80147843316
Uruzgan,335.5,0.12302157863812226,-5.909291722962346e-09,-5.904291205670262e-09,131696.80147843322
Uruzgan,335.75,0.12302157863812152,-5.9357087973071044e-09,-5.930740163615666e-09,131696.80147843328
Uruzgan,336.0,0.1230215786381212,-5.946870533636792e-09,-5.941945685175583e-09,131696.8014784333
Uruzgan,336.25,0.12302157863812133,-5.942701540938242e-09,-5.937832426921305e-09,131696.8014784333
Uruzgan,336.5,0.12302157863812187,-5.9231545813218606e-09,-5.918353173004305e-09,131696.80147843325
Uruzgan,336.75,0.12302157863812284,-5.888210570021607e-09,-5.883488835156172e-09,131696.8014784332
Uruzgan,337.0,0.12302157863812425,-5.837878575395036e-09,-5.833248452688668e-09,131696.8014784331
Uruzgan,337.25,0.1230215786381261,-5.772195818923245e-09,-5.767669192493692e-09,131696.80147843296
Uruzgan,337.5,0.12302157863812836,-5.691227675210915e-09,-5.686816349043305e-09,131696.8014784328
Uruzgan,337.75,0.12302157863813105,-5.5950676719863075e-09,-5.590783344389721e-09,131696.8014784326
Uruzgan,338.0,0.12302157863813416,-5.483837490101218e-09,-5.479691728165267e-09,131696.80147843238
Uruzgan,338.25,0.1230215786381377,-5.357686963531051e-09,-5.35369117758247e-09,131696.80147843214
Uruzgan,338.5,0.12302157863814164,-5.216794079374746e-09,-5.212959497433981e-09,131696.80147843185
Uruzgan,338.75,0.123021578638146,-5.061364977854855e-09,-5.0577026200926026e-09,131696.80147843153
Uruzgan,339.0,0.12302157863815076,-4.891633952317441e-09,-4.888154605511284e-09,131696.8014784312
Uruzgan,339.25,0.12302157863815591,-4.707863449232188e-09,-4.70457764122313e-09,131696.80147843083
Uruzgan,339.5,0.12302157863816143,-4.510344068192327e-09,-4.507262042341415e-09,131696.80147843043
Uruzgan,339.75,0.12302157863816734,-4.299394561914662e-09,-4.296526251559513e-09,131696.80147843002
Uruzgan,340.0,0.12302157863817362,-4.075361836239548e-09,-4.072716839151e-09,131696.80147842958
Uruzgan,340.25,0.12302157863818025,-3.8386209501309506e-09,-3.836208502969578e-09,131696.8014784291
Uruzgan,340.5,0.12302157863818723,-3.5895751156763626e-09,-3.5874040684490913e-09,131696.8014784286
Uruzgan,340.75,0.12302157863819453,-3.3286556980868808e-09,-3.3267344886035567e-09,131696.80147842807
Uruzgan,341.0,0.12302157863820216,-3.0563222156971413e-09,-3.0546588440271243e-09,131696.80147842754
Uruzgan,341.25,0.1230215786382101,-2.7730623399653622e-09,-2.7716643428941013e-09,131696.80147842696
Uruzgan,341.5,0.12302157863821832,-2.4793918954733296e-09,-2.4782663209589324e-09,131696.80147842638
Uruzgan,341.75,0.12302157863822683,-2.175854859926423e-09,-2.1750082415562385e-09,131696.80147842577
Uruzgan,342.0,0.1230215786382356,-1.8630233641535325e-09,-1.862461695600756e-09,131696.80147842516
Uruzgan,342.25,0.12302157863824459,-1.5414976921071942e-09,-1.541226401587409e-09,131696.80147842452
Uruzgan,342.5,0.12302157863825383,-1.2119062808634407e-09,-1.2119302055912318e-09,131696.80147842385
Uruzgan,342.75,0.12302157863826327,-8.749057206219221e-10,-8.752290812674468e-10,131696.80147842318
Uruzgan,343.0,0.1230215786382729,-5.311807547058459e-10,-5.318071298514039e-10,131696.80147842248
Uruzgan,343.25,0.1230215786382827,-1.8144427956197373e-10,-1.8237658015859866e-10,131696.80147842178
Uruzgan,343.5,0.12302157863829263,1.7356265523934875e-10,1.7232221141530996e-10,131696.80147842108
Uruzgan,343.75,0.12302157863830271,5.330708470042066e-10,5.315207608945019e-10,131696.80147842036
Uruzgan,344.0,0.12302157863831288,8.962829399151172e-10,8.94422456723053e-10,131696.80147841963
Uruzgan,344.25,0.12302157863832314,1.2623734250310275e-09,1.260202559764819e-09,131696.8014784189
Uruzgan,344.5,0.12302157863833345,1.6304886402873216e-09,1.628008203303572e-09,131696.80147841817
Uruzgan,344.75,0.12302157863834379,1.999746770495809e-09,1.9969583930429028e-09,131696.80147841742
Uruzgan,345.0,0.12302157863835414,2.369237847344753e-09,2.3661440071062717e-09,131696.8014784167
Uruzgan,345.25,0.12302157863836448,2.738023749398801e-09,2.7346277960369535e-09,131696.80147841596
Uruzgan,345.5,0.12302157863837476,3.105138202099039e-09,3.101444382798092e-09,131696.8014784152
Uruzgan,345.75,0.12302157863838496,3.4695867777630314e-09,3.4656002627726826e-09,131696.80147841448
Uruzgan,346.0,0.12302157863839508,3.830346895584744e-09,3.826073803763574e-09,131696.80147841378
Uruzgan,346.25,0.12302157863840504,4.186367821634548e-09,4.181815245993482e-09,131696.80147841305
Uruzgan,346.5,0.12302157863841486,4.53657066885929e-09,4.5317467021049124e-09,131696.80147841235
Uruzgan,346.75,0.12302157863842447,4.879848397082202e-09,4.874762157160279e-09,131696.80147841165
Uruzgan,347.0,0.12302157863843387,5.2150658130029866e-09,5.2097274686418344e-09,131696.80147841098
Uruzgan,347.25,0.123021578638443,5.5410595701978e-09,5.535480366451693e-09,131696.80147841034
Uruzgan,347.5,0.12302157863845184,5.856638169119101e-09,5.850830452911738e-09,131696.8014784097
Uruzgan,347.75,0.12302157863846035,6.160581957095949e-09,6.154559202763827e-09,131696.8014784091
Uruzgan,348.0,0.1230215786384685,6.4516431283337145e-09,6.4454199631695804e-09,131696.8014784085
Uruzgan,348.25,0.12302157863847626,6.728545723914261e-09,6.722137953710473e-09,131696.80147840796
Uruzgan,348.5,0.12302157863848359,6.989985631795839e-09,6.9834102663878935e-09,131696.80147840743
Uruzgan,348.75,0.12302157863849045,7.23463058681313e-09,7.2279058656229636e-09,131696.80147840697
Uruzgan,349.0,0.12302157863849679,7.461120170677313e-09,7.454265588256823e-09,131696.8014784065
Uruzgan,349.25,0.12302157863850259,7.668065811975932e-09,7.661102143550284e-09,131696.8014784061
Uruzgan,349.5,0.1230215786385078,7.854050786172973e-09,7.847000113184158e-09,131696.80147840572
Uruzgan,349.75,0.12302157863851237,8.017630215608879e-09,8.01051595125904e-09,131696.8014784054
Uruzgan,350.0,0.12302157863851629,8.157331069500476e-09,8.150177984295302e-09,131696.8014784051
Uruzgan,350.25,0.1230215786385195,8.271652163941067e-09,8.264486411233308e-09,131696.80147840487
Uruzgan,350.5,0.12302157863852195,8.359064161900377e-09,8.351913303433147e-09,131696.8014784047
Uruzgan,350.75,0.1230215786385236,8.418009573224537e-09,8.410902604674894e-09,131696.80147840458
Uruzgan,351.0,0.1230215786385244,8.44690275463614e-09,8.439870131158295e-09,131696.80147840452
Uruzgan,351.25,0.12302157863852434,8.444129909734148e-09,8.437203571503102e-09,131696.80147840455
Uruzgan,351.5,0.12302157863852332,8.4080490889941e-09,8.401262486748864e-09,131696.8014784046
Uruzgan,351.75,0.12302157863852134,8.33699018976773e-09,8.330378310354967e-09,131696.80147840476
Uruzgan,352.0,0.12302157863851831,8.229254956283454e-09,8.222854348200653e-09,131696.80147840496
Uruzgan,352.25,0.12302157863851423,8.083116979645972e-09,8.076965778585018e-09,131696.80147840525
Uruzgan,352.5,0.12302157863850902,7.896821697836404e-09,7.890959652227014e-09,131696.80147840563
Uruzgan,352.75,0.12302157863850265,7.669566605142475e-09,7.66403500759356e-09,131696.80147840607
Uruzgan,353.0,0.12302157863849601,7.432765040393778e-09,7.427601557652137e-09,131696.80147840656
Uruzgan,353.25,0.12302157863848956,7.202162673886538e-09,7.197397271683823e-09,131696.801478407
Uruzgan,353.5,0.12302157863848327,6.977706857052686e-09,6.9733627083331544e-09,131696.80147840746
Uruzgan,353.75,0.12302157863847715,6.759341762527204e-09,6.755435596031996e-09,131696.8014784079
Uruzgan,354.0,0.12302157863847121,6.547008384148124e-09,6.543550832999545e-09,131696.8014784083
Uruzgan,354.25,0.12302157863846544,6.3406445369565375e-09,6.33764048724233e-09,131696.80147840874
Uruzgan,354.5,0.12302157863845982,6.140184857196585e-09,6.137633796554212e-09,131696.80147840912
Uruzgan,354.75,0.12302157863845438,5.945560802315461e-09,5.943457168516382e-09,131696.80147840953
Uruzgan,355.0,0.12302157863844909,5.756700650963414e-09,5.755034180497363e-09,131696.8014784099
Uruzgan,355.25,0.12302157863844396,5.573529502993747e-09,5.572285579653008e-09,131696.80147841026
Uruzgan,355.5,0.12302157863843899,5.395969279462813e-09,5.3951292829265045e-09,131696.8014784106
Uruzgan,355.75,0.12302157863843417,5.223938722630022e-09,5.2234803770483676e-09,131696.80147841095
Uruzgan,356.0,0.12302157863842951,5.057353395957835e-09,5.057251118536447e-09,131696.8014784113
Uruzgan,356.25,0.123021578638425,4.896125684111768e-09,4.896350933695921e-09,131696.80147841162
Uruzgan,356.5,0.12302157863842063,4.740164792960388e-09,4.740686418619302e-09,131696.80147841192
Uruzgan,356.75,0.12302157863841641,4.589376749575319e-09,4.590161339186431e-09,131696.80147841224
Uruzgan,357.0,0.12302157863841233,4.443664402231233e-09,4.444676631064484e-09,131696.80147841253
Uruzgan,357.25,0.12302157863840839,4.302927420405864e-09,4.3041303997079625e-09,131696.8014784128
Uruzgan,357.5,0.12302157863840459,4.1670622947799884e-09,4.168417920358706e-09,131696.80147841308
Uruzgan,357.75,0.12302157863840091,4.0359623372374445e-09,4.037431638045881e-09,131696.80147841334
Uruzgan,358.0,0.12302157863839737,3.909517680865121e-09,3.911061167585987e-09,131696.80147841357
Uruzgan,358.25,0.12302157863839396,3.787615279952958e-09,3.789193293582854e-09,131696.80147841384
Uruzgan,358.5,0.12302157863839067,3.6701389099939527e-09,3.6717119704276443e-09,131696.80147841407
Uruzgan,358.75,0.12302157863838749,3.5569691676841546e-09,3.5584983222988516e-09,131696.8014784143
Uruzgan,359.0,0.12302157863838444,3.4479834709226628e-09,3.4494306431623e-09,131696.8014784145
Uruzgan,359.25,0.12302157863838149,3.3430560588116377e-09,3.3443843967711445e-09,131696.8014784147
Uruzgan,359.5,0.12302157863837866,3.2420579916562826e-09,3.2432322166658746e-09,131696.8014784149
Uruzgan,359.75,0.12302157863837593,3.1448571509648625e-09,3.1458439061743064e-09,131696.80147841512
Uruzgan,360.0,0.1230215786383733,3.0513182394486926e-09,3.0520864384115942e-09,131696.8014784153
Uruzgan,360.25,0.12302157863837078,2.9613027810221447e-09,2.9618239562802154e-09,131696.8014784155
Uruzgan,360.5,0.12302157863836835,2.874669120802635e-09,2.874917772469982e-09,131696.80147841567
Uruzgan,360.75,0.123021578638366,2.7912724251106432e-09,2.791226369458042e-09,131696.80147841581
Uruzgan,361.0,0.12302157863836376,2.710964681469699e-09,2.7106053995088683e-09,131696.801478416
Uruzgan,361.25,0.12302157863836158,2.6335946986063823e-09,2.6329076846742688e-09,131696.80147841614
Uruzgan,361.5,0.12302157863835948,2.5590081064503313e-09,2.557983216793382e-09,131696.80147841628
Uruzgan,361.75,0.12302157863835747,2.487047356134232e-09,2.485679157492676e-09,131696.80147841643
Uruzgan,362.0,0.12302157863835551,2.4175517199938305e-09,2.4158398381859535e-09,131696.80147841657
Uruzgan,362.25,0.12302157863835363,2.3503572915679203e-09,2.348306760074346e-09,131696.80147841672
Uruzgan,362.5,0.1230215786383518,2.285296985598352e-09,2.2829185941463176e-09,131696.80147841683
Uruzgan,362.75,0.12302157863835002,2.222200538030026e-09,2.2195111811776622e-09,131696.80147841698
Uruzgan,363.0,0.1230215786383483,2.1608945060108996e-09,2.157917531731508e-09,131696.8014784171
Uruzgan,363.25,0.12302157863834662,2.101202267891982e-09,2.097967826158311e-09,131696.8014784172
Uruzgan,363.5,0.123021578638345,2.0429440232273383e-09,2.0394894145958606e-09,131696.80147841733
Uruzgan,363.75,0.12302157863834338,1.9859367927740786e-09,1.982306816969278e-09,131696.80147841744
Uruzgan,364.0,0.12302157863834182,1.9299944184923766e-09,1.9262417229910156e-09,131696.80147841756
Uruzgan,364.25,0.12302157863834028,1.874927563545455e-09,1.871112992160856e-09,131696.80147841765
Uruzgan,364.5,0.12302157863833875,1.8205437122995896e-09,1.8167366537659112e-09,131696.80147841776
Uruzgan,364.75,0.12302157863833724,1.7666471703241083e-09,1.7629259068806316e-09,131696.80147841788
Uruzgan,365.0,0.12302157863833574,1.7130390643913944e-09,1.7094911203667922e-09,131696.801478418
Paktika,0.0,79367.8265458534,0.0,1.0,14181.257194146601
Paktika,0.25,79367.05234808075,0.7621266536869801,0.9512348642373302,14181.318030401342
Paktika,0.5,79366.30671163175,1.4727368240045293,0.9276686683760142,14181.37662287588
Paktika,0.75,79365.57074904385,2.152005254401501,0.9265299882401311,14181.434455713515
Paktika,1.0,79364.82747559066,2.817614172595588,0.9457866445855557,14181.492863592171
Paktika,1.25,79364.06126699789,3.485363646201483,0.984035024459076,14181.553074331445
Paktika,1.5,79363.25739555959,4.169686020821109,1.0404130759472106,14181.61624534364
Paktika,1.75,79362.40162727315,4.884084511078381,1.114532922031213,14181.683495293733
Paktika,2.0,79361.47986621287,5.641511795304629,1.2064299409903247,14181.75593205084
Paktika,2.25,79360.47783350157,6.454702949790402,1.3165256242812322,14181.834677924367
Paktika,2.5,79359.3807711611,7.336473663315194,1.4456022266549753,14181.92089294894
Paktika,2.75,79358.17316214084,8.299993363255808,1.5947875936570228,14182.015796902262
Paktika,3.0,79356.83845879778,9.359041645337365,1.7655488929620953,14182.120690663929
Paktika,3.25,79355.3588131281,10.528255097993155,1.959694331204639,14182.236977442712
Paktika,3.5,79353.7148028742,11.823370610831446,2.1793821794899353,14182.366184335486
Paktika,3.75,79351.88514782055,13.261470871886358,2.427136641116445,14182.509984666449
Paktika,4.0,79349.8464109797,14.861237200580966,2.7058702944099164,14182.670221525297
Paktika,4.25,79347.57267953413,16.643214545880944,3.0189130093281116,14182.848932910663
Paktika,4.5,79345.03522042296,18.63009330734106,3.3700473856864672,14183.048378884021
Paktika,4.75,79342.20210537965,20.847012575787733,3.763550897838668,14183.27107114673
Paktika,5.0,79339.03780004157,23.321889430842994,4.2042450590921705,14183.519805468502
Paktika,5.25,79335.50271147225,26.08577906623249,4.697552042462248,14183.797697419055
Paktika,5.5,79331.55268806407,29.17327073457745,5.249559315608418,14184.10822188574
Paktika,5.75,79327.13846532359,32.62292480783774,5.8670929698205825,14184.455256898758
Paktika,6.0,79322.20505047157,36.47775664536669,6.5578005499681655,14184.843132333104
Paktika,6.25,79316.69103822381,40.78577336082129,7.330244311156762,14185.276684104218
Paktika,6.5,79310.5278492255,45.60057023956573,8.194005986036366,14185.761314548903
Paktika,6.75,79303.63888188769,50.981994089558924,9.159804277477186,14186.303059745274
Paktika,7.0,79295.93856740253,56.99688153628495,10.239626452745808,14186.908664608449
Paktika,7.25,79287.33131664062,63.719881078969415,11.446875588930402,14187.585666691488
Paktika,7.5,79277.7103464685,71.23436860376177,12.796535204799742,14188.342489722938
Paktika,7.75,79266.95637172872,79.63346702660917,14.305353217577178,14189.188548027105
Paktika,8.0,79254.93614770181,89.02118181186637,15.992047385152922,14190.134363101168
Paktika,8.25,79241.50084631256,99.51366528486163,17.87753463686851,14191.191693765726
Paktika,8.5,79226.48424764612,111.24062392919538,19.98518696096135,14192.373681463725
Paktika,8.75,79209.70072650352,124.34688423235724,22.341116805745312,14193.69501245838
Paktika,9.0,79190.94301174484,138.99413411379032,24.974495266174713,14195.172098875197
Paktika,9.25,79169.97969405091,155.36285853197086,27.917906668925674,14196.8232807482
Paktika,9.5,79146.55245548268,173.65448951108485,31.207743538539187,14198.669051467696
Paktika,9.75,79120.37299178803,194.0937925848678,34.884646333922404,14200.732309293178
Paktika,10.0,79091.11959609132,216.93151328926518,38.993992749564704,14203.038637869857
Paktika,10.25,79058.43337019057,242.44730900571548,43.586441812206644,14205.616618991502
Paktika,10.5,79021.91402634006,270.9529937977778,48.71853859903245,14208.498181263121
Paktika,10.75,78981.11524101811,302.796124637544,54.453385744738014,14211.718988599616
Paktika,11.0,78935.53951918747,338.3639593441182,60.86138851311566,14215.318872955293
Paktika,11.25,78884.6325255884,378.08781758911016,68.02108071504342,14219.342316107444
Paktika,11.5,78827.77683792636,422.44787701152757,76.02003927421059,14223.83898578791
Paktika,11.75,78764.28507573844,471.97843655859896,84.95589574289109,14228.864331960074
Paktika,12.0,78693.39235850202,527.2736783952016,94.9374535306265,14234.480249572149
Paktika,12.25,78614.2480475057,588.9939578148701,106.0859200013203,14240.755814678116
Paktika,12.5,78525.9067285359,657.8726471811503,118.53626288339143,14247.768101399555
Paktika,12.75,78427.31839703908,734.7235545859942,132.43870057773142,14255.6030877972
Paktika,13.0,78317.31781471072,820.4489300883909,147.96033588154,14264.356659319345
Paktika,13.25,78194.61301718901,916.0480614307928,165.2869423002372,14274.13571907995
Paktika,13.5,78057.77296749117,1022.6264463032277,184.62491142172223,14285.059414783871
Paktika,13.75,77905.21437046392,1141.405508320209,206.20336861448288,14297.260492601374
Paktika,14.0,77735.18769167755,1273.732797413489,230.27646232991117,14310.886788579037
Paktika,14.25,77545.76245653795,1421.0925844849316,257.1258302049,14326.1028687722
Paktika,14.5,77334.8119544474,1585.1167155656838,287.0632410078232,14343.091828979062
Paktika,14.75,77099.99752822469,1767.5955398239012,320.4334069927561,14362.057264958621
Paktika,15.0,76838.7527006629,1970.488660947243,357.6169549304513,14383.225423459375
Paktika,15.25,76548.26747796654,2195.9351825980275,399.03353603040125,14406.847543404998
Paktika,15.5,76225.47327642649,2446.263023750973,445.1450447821831,14433.202395040322
Paktika,15.75,75867.02904642261,2723.9967669611997,496.45890403135485,14462.599022584793
Paktika,16.0,75469.30931867522,3031.8633705704465,553.5313579542941,14495.379692799997
Paktika,16.25,75028.3950729276,3372.794923827554,616.9706955883948,14531.923047656408
Paktika,16.5,74540.068529143,3749.9274522877736,687.4403048095203,14572.647453759662
Paktika,16.75,73999.8131843017,4166.594591786476,765.661429789352,14618.014534122416
Paktika,17.0,73402.82065989125,4626.314747334497,852.4154737933585,14668.532858980854
Paktika,17.25,72744.00617852848,5132.770146409065,948.5456536787842,14724.761761383626
Paktika,17.5,72018.03474039512,5689.775996730524,1054.9577729120947,14787.315229962225
Paktika,17.75,71219.36030272978,6301.23778479698,1172.6198370797465,14856.865815393452
Paktika,18.0,70342.28045237574,6971.094628151788,1302.5601910533169,14934.148468419115
Paktika,18.25,69381.00916737107,7703.246554472971,1445.863812320583,15019.96420583533
Paktika,18.5,68329.7702441161,8501.46366554652,1603.6663536311416,15115.1834767062
Paktika,18.75,67182.91376729094,9369.275403843238,1777.1454943407352,15220.749074525043
Paktika,19.0,65935.0575573353,10309.8386305412,1967.50913934686,15337.678412776593
Paktika,19.25,64581.25477630822,11325.784006869326,2175.9800044416497,15467.064952380768
Paktika,19.5,63117.18773921334,12419.04130355572,2403.7761558625557,15610.078541368342
Paktika,19.75,61539.386407352096,13590.645791178309,2652.087139464771,15767.964402004785
Paktika,20.0,59845.46799665581,14840.529809858916,2922.045452132092,15942.04048135314
Paktika,20.25,58034.39165253027,16167.305934759788,3214.693281806122,16133.692870903787
Paktika,20.5,56106.71930564478,17568.05076218165,3530.9446701714423,16344.369002002097
Paktika,20.75,54064.87057221721,19038.101238202067,3871.543583039507,16575.568346541193
Paktika,21.0,51913.356644087566,20570.8779839937,4237.018722560241,16828.830389358463
Paktika,21.25,49658.97532410114,22157.752359964525,4627.636349635161,17105.719706299144
Paktika,21.5,47310.94750839483,23787.975319546447,5043.352837002351,17407.808075056342
Paktika,21.75,44880.97489997185,25448.68605362015,5483.76911895187,17736.653667456103
Paktika,22.0,42383.200065929246,27125.016560086584,5948.089594140872,18093.77751984327
Paktika,22.25,39834.05352626507,28800.304250357152,6435.088315961326,18480.637647416428
Paktika,22.5,37251.9785748928,30456.418405932116,6943.085409346945,18898.60134982812
Paktika,22.75,34657.032852797725,32074.197923253112,7469.93652749515,19348.916436453994
Paktika,23.0,32070.375789611666,33633.987920008265,8013.037765699849,19832.6822646802
Paktika,23.25,29513.6619570484,35116.25239953443,8569.347767619429,20350.82161579772
Paktika,23.5,27008.370842075958,36502.23057201032,9135.427812707081,20904.054513206615
Paktika,23.75,24575.11207532409,37774.59703928987,9707.499523598912,21492.875101787104
Paktika,24.0,22232.950336348513,38918.0821788628,10281.518579018348,22117.53264577032
Paktika,24.25,19998.794951029857,39920.009636510105,10853.26158974566,22778.01756271436
Paktika,24.5,17886.895145040493,40770.71316382363,11418.422232026189,23474.05319910967
Paktika,24.75,15908.473308128256,41463.80468516501,11972.711963574578,24205.093783132146
Paktika,25.0,14071.516485297729,41996.27830186817,12511.960268812876,24970.32868402121
Paktika,25.25,12380.732250141138,42368.44925894971,13032.209439122431,25768.692791786703
Paktika,25.5,10837.66101211989,42583.74081509566,13529.79938074939,26598.882532035044
Paktika,25.75,9440.92446409784,42648.34370864137,14001.438794715465,27459.376772545318
Paktika,26.0,8186.580796470604,42570.78106720626,14444.260195571344,28348.461680751778
Paktika,26.25,7068.55241229819,42361.415359444094,14855.857505282247,29264.258462975456
Paktika,26.5,6079.090058044229,42031.93482565525,15234.305928673117,30204.7529276274
Paktika,26.75,5209.240561255118,41594.8522526867,15578.165163635802,31167.82576242237
Paktika,27.0,4449.2908974880875,41063.04244585719,15886.467896087735,32151.282500566984
Paktika,27.25,3789.1673204753483,40449.33827071901,16158.69574961007,33152.882399195565
Paktika,27.5,3218.7757765390943,39766.197001663815,16394.74546522294,34170.36549657415
Paktika,27.75,2728.278036367149,39025.44011617323,16594.88829431687,35201.47729314275
Paktika,28.0,2308.3016444297823,38238.06638669852,16759.724918546835,36243.99079032487
Paktika,28.25,1950.0887075292258,37414.130796663754,16890.138635451167,37295.72560035586
Paktika,28.5,1645.589455816314,36562.68164216993,16987.248485576518,38354.564156437234
Paktika,28.75,1387.509969098794,35691.7445826909,17052.36417491987,39418.46501329044
Paktika,29.0,1169.3225577261942,34808.34399928184,17086.943750011786,40485.47343298019
Paktika,29.25,985.2482458049493,33918.55108486439,17092.554986208714,41553.72942312196
Paktika,29.5,830.2189848341962,33027.550428007926,17070.84083094116,42621.47349621673
Paktika,29.75,699.8267851517393,32139.71739527417,17023.48916042337,43687.050399150736
Paktika,30.0,590.2652894928917,31258.700560368346,16952.2068025505,44748.91108758827
Paktika,30.25,498.26817148245203,30387.50472597809,16858.697636796613,45805.613205742855
Paktika,30.5,421.0477338465006,29528.57116940571,16744.644518584788,46855.820318163016
Paktika,30.75,356.2358441378076,28683.85313142363,16611.694643351067,47898.30012108751
Paktika,31.0,301.8288411599982,27854.88505589788,16461.44800455872,48931.92183838341
Paktika,31.25,256.1371622506252,27042.84505879486,16295.448537589695,49955.65298136483
Paktika,31.5,217.7401401502472,26248.61038128943,16115.177588811846,50968.55562974849
Paktika,31.75,185.44599744512806,25472.806019560077,15922.049354379422,51969.78236861538
Paktika,32.0,158.25684141451003,24715.846938601564,15717.407968465603,52958.571991518336
Paktika,32.25,135.33835844715932,23977.974357790943,15502.525955403873,53934.24506835804
Paktika,32.5,115.99375902067752,23259.286739897303,15278.603791796735,54896.1994492853
Paktika,32.75,99.64155916133049,22559.76604774335,15046.770359965687,55843.90577312964
Paktika,33.0,85.79671944286373,21879.299890483228,14808.084105052467,56776.90302502146
Paktika,33.25,74.05472418136537,21217.700094145515,14563.53473740647,57694.79418426667
Paktika,33.5,64.07819456901754,20574.7182065556,14314.045344285953,58597.24199458945
Paktika,33.75,55.58566125038453,19950.058401420494,14060.474805970038,59483.964871359094
Paktika,34.0,48.34218848074035,19343.38816165568,13803.62041744435,60354.732972419246
Paktika,34.25,42.15154773376393,18754.347110330342,13544.220648181476,61209.36443375443
Paktika,34.5,36.84970363904406,18182.554278085736,13282.95797813474,62047.72178014049
Paktika,34.75,32.299399558434246,17627.614064659276,13020.461759046304,62869.708516736
Paktika,35.0,28.385658276597844,17089.12111673594,12757.31106706473,63675.26589792274
Paktika,35.25,25.012046917251617,16566.66430356321,12494.037517621176,64464.36987189837
Paktika,35.5,22.09757924161432,16059.829942963459,12231.128016350734,65237.028201444205
Paktika,35.75,19.574144913156694,15568.204409604232,11969.027431757611,65993.27775372501
Paktika,36.0,17.384376412467265,15091.376232372131,11708.141176926703,66733.18195428871
Paktika,36.25,15.479878750654633,14628.937770140854,11448.837692162757,67456.82839894576
Paktika,36.5,13.819759484124349,14180.48654046611,11191.450822416478,68164.32661763331
Paktika,36.75,12.369407508439341,13745.626262621412,10936.282086042946,68855.80598382723
Paktika,37.0,11.099477568160104,13323.967666105007,10683.602834101453,69531.4137622254
Paktika,37.25,9.985045118581569,12915.129106632658,10433.65630032539,70191.3132879234
Paktika,37.5,9.004902273720237,12518.737024339856,10186.659543068681,70835.68227031777
Paktika,37.75,8.140970647205307,12134.426272857589,9942.805281430627,71464.71121506461
Paktika,38.0,7.377811098492989,11761.840342904843,9702.263628424846,72078.60195757185
Paktika,38.25,6.702213874586598,11400.6314998912,9465.183724539183,72677.56630169506
Paktika,38.5,6.10285550704066,11050.46085159698,9231.695275379916,73261.8247575161
Paktika,38.75,5.570011188063295,10710.998359167828,9001.909997355098,73831.60537228904
Paktika,39.0,5.095313295074787,10381.922802309145,8775.922975584026,74387.14264881177
Paktika,39.25,4.671548371410252,10062.92170764626,8553.81393809433,74928.67654588801
Paktika,39.5,4.2924862712883165,9753.691248020243,8335.648448580772,75456.45155712772
Paktika,39.75,3.9527359378912434,9453.936118350897,8121.479024854492,75970.71586085676
Paktika,40.0,3.6476237466686583,9163.369393308458,7911.346184892423,76471.72053805248
Paktika,40.25,3.37309038216371,8881.712370532105,7705.279427117974,76959.71885196779
Paktika,40.5,3.1256034881167176,8608.69440311205,7503.2981460227475,77434.96558737711
Paktika,40.75,2.9020837280518026,8344.052726146947,7305.4124798388475,77897.71645028619
Paktika,41.0,2.6998418662001145,8087.5322758586335,7111.624109108945,78348.22751316626
Paktika,41.25,2.5165248480899627,7838.885503239192,6921.927007379184,78786.75470453357
Paktika,41.5,2.350070177014426,7597.872190329476,6736.3081240759375,79213.5533554176
Paktika,41.75,2.19866703709574,7364.259264272202,6554.748026371539,79628.87778231919
Paktika,42.0,2.0607224413039917,7137.820604747946,6377.221516697405,80032.98089611338
Paktika,42.25,1.9348327829627787,6918.336865197356,6203.698168723005,80426.11387329671
Paktika,42.5,1.8197593351270522,6705.595285523426,6034.142856859411,80808.52583828208
Paktika,42.75,1.7144066191073668,6499.389506479978,5868.51624633455,81180.4635805664
Paktika,43.0,1.617804738187886,6299.519401582904,5706.775212475047,81542.1713212039
Paktika,43.25,1.5290930691794078,6105.790884373765,5548.873296685552,81893.89046587155
Paktika,43.5,1.4475071152663168,5918.01575647429,5394.761039965554,82235.85943644492
Paktika,43.75,1.3723663558179757,5736.011514498068,5244.386394702765,82568.31346444339
Paktika,44.0,1.3030643334955163,5559.60121130281,5097.694992853079,82891.48447151066
Paktika,44.25,1.2390594951501255,5388.613263981634,4954.630515799474,83205.60090072379
Paktika,44.5,1.1798677816813847,5222.88133040057,4815.13490352544,83510.88763829235
Paktika,44.75,1.1250555261932396,5062.244115968112,4679.1486910668655,83807.56587743887
Paktika,45.0,1.0742340659321004,4906.545266443838,4546.611167137858,84095.85307235242
Paktika,45.25,1.027054027219356,4755.633178782216,4417.460668837192,84375.96283835341
Paktika,45.5,0.9832014741825489,4609.360893221561,4291.63472840241,84648.1049169019
Paktika,45.75,0.9423934161095374,4467.585940425597,4169.070277272179,84912.48512888617
Paktika,46.0,0.9043746852906851,4330.1701894718635,4049.703848109316,85169.30532773359
Paktika,46.25,0.8689149191790875,4196.979767793645,3933.4716518878276,85418.7634053994
Paktika,46.5,0.8358055257166759,4067.8848668890387,3820.309815183765,85661.05325240154
Paktika,46.75,0.8048578327764941,3942.759665494681,3710.1544498277985,85896.3647668448
Paktika,47.0,0.7759006663101876,3821.4822142797757,3602.9417609893535,86124.88386406461
Paktika,47.25,0.7487784979308795,3703.934262247423,3498.6082276251354,86346.79247162957
Paktika,47.5,0.723350124765768,3590.0012117725414,3397.0906204662324,86562.26855763652
Paktika,47.75,0.699486891134841,3479.5719843651623,3298.32611402787,86771.4861547159
Paktika,48.0,0.6770715015046475,3372.538870963074,3202.252415335284,86974.61538220021
Paktika,48.25,0.6559970706703713,3268.7974977339186,3108.8077652040074,87171.82247999148
Paktika,48.5,0.6361658653023948,3168.2467014363397,3017.9310233171477,87363.26984938128
Paktika,48.75,0.6174884399540059,3070.788383332419,2929.5617709958146,87549.11609723188
Paktika,49.0,0.5998830125061921,2976.327479025608,2843.6403079158536,87729.5160700461
Paktika,49.25,0.5832745823017533,2884.771865910185,2760.1076970644644,87904.62090244312
Paktika,49.5,0.5675942285628981,2796.0322060491576,2678.905853361878,88074.57808636047
Paktika,49.75,0.5527787338737578,2710.021912422926,2599.9775447067977,88239.53150413647
Paktika,50.0,0.5387699700043285,2626.6570977048796,2523.266400125258,88399.62147219993
Paktika,50.25,0.5255143213319018,2545.8564109349954,2448.716980483153,88554.98483426058
Paktika,50.5,0.5129624469849392,2467.5409917752763,2376.274788058143,88705.75499771966
Paktika,50.75,0.5010688503043581,2391.6344428831776,2305.8862557760162,88852.06197249057
Paktika,51.0,0.489791461406108,2318.062696917621,2237.498788476492,88994.03246314455
Paktika,51.25,0.4790914008405654,2246.7539368793095,2171.060780373604,89131.78993134631
Paktika,51.5,0.4689327352646442,2177.638578159684,2106.521602381325,89265.4546267238
Paktika,51.75,0.45928217128494375,2110.6491893225093,2043.8316128366032,89395.14365566967
Paktika,52.0,0.4501088097997995,2045.720375474529,1982.9421746274982,89520.97108108825
Paktika,52.25,0.44138402336208343,1982.788756332676,1923.805648390718,89643.04795125332
Paktika,52.5,0.43308123429739676,1921.792934540038,1866.3753846497318,89761.48233957602
Paktika,52.75,0.4251757001183872,1862.6733712964494,1810.605731077107,89876.37946192641
Paktika,53.0,0.4176444241333416,1805.3723462077978,1756.4520295805444,89987.8417197876
Paktika,53.25,0.4104660089012977,1749.8339410057604,1703.8706039115684,90095.96872907384
Paktika,53.5,0.4036205006316209,1696.0039557123018,1652.8187557481556,90200.85740803898
Paktika,53.75,0.39708927970855185,1643.8298310490343,1603.254757806812,90302.60206186453
Paktika,54.0,0.3908549869471707,1593.2606341365893,1555.137844585367,90401.29440629117
Paktika,54.25,0.3849014089122896,1544.247021585678,1508.4282027940194,90497.02361421147
Paktika,54.5,0.37921336701330977,1496.7411400338249,1463.0869561677507,90589.87643043148
Paktika,54.75,0.3737766759934907,1450.6966035378668,1419.0761582226553,90679.93720156356
Paktika,55.0,0.36857806019456807,1406.0684773781322,1376.3587811684026,90767.28790339334
Paktika,55.25,0.3636050698360655,1362.8131991799264,1334.8986983613647,90852.00823738895
Paktika,55.5,0.35884603079278804,1320.8885296893425,1294.6606704512967,90934.17569382864
Paktika,55.75,0.3542899985238288,1280.25354228074,1255.6103366347127,91013.86557108609
Paktika,56.0,0.34992669522222775,1240.8685806258125,1217.7142001345887,91091.15103254444
Paktika,56.25,0.34574645359482287,1202.695186191045,1180.939604775014,91166.10320258042
Paktika,56.5,0.3417401927413087,1165.6960845288102,1145.2547273971916,91238.79118788133
Paktika,56.75,0.3378993713746116,1129.835167898768,1110.6285674284027,91309.28210530152
Paktika,57.0,0.3342159394328525,1095.0774243738244,1077.0309202836133,91377.6411794032
Paktika,57.25,0.33068231582004415,1061.3889106637573,1044.432365252784,91443.93178176771
Paktika,57.5,0.32729135809810084,1028.7367426821552,1012.804257450376,91508.21544850944
Paktika,57.75,0.3240363260143779,997.0890484225131,982.1187069081886,91570.55194834336
Paktika,58.0,0.32091085440886746,966.4149212800694,952.348556966604,91630.99935089899
Paktika,58.25,0.3179089364491694,936.6844114040464,923.4673775747626,91689.61404208481
Paktika,58.5,0.31502489678426754,907.8685027354597,895.4494524576781,91746.45075991015
Paktika,58.75,0.3122533637374416,879.9390563211941,868.2697506347085,91801.56267968043
Paktika,59.0,0.3095892586994639,852.8687974331801,841.903918540592,91855.00143476759
Paktika,59.25,0.30702777616455673,826.6313045059117,816.3282716654099,91906.81713605257
Paktika,59.5,0.3045643614245725,801.2009609571363,791.519768366302,91957.0584463152
Paktika,59.75,0.30219469857342246,776.5529306514154,767.4559955286545,92005.77261912142
Paktika,60.0,0.29991469801932663,752.6631513107861,744.1151627109366,92053.00551128032
Paktika,60.25,0.2977204794318056,729.508303055866,721.4760832849292,92098.80163317983
Paktika,60.5,0.2956083579350395,707.0657722382107,699.5181525456405,92143.20420685827
Paktika,60.75,0.29357483663626627,685.3136446455138,678.2213422327636,92186.25517828514
Paktika,61.0,0.29161659420257147,664.2306894539203,657.5661895618692,92227.99524439005
Paktika,61.25,0.2897304710082467,643.7963181063081,637.5337710694623,92268.46392035327
Paktika,61.5,0.2879134638761656,623.9905744154648,618.1056955673156,92307.6995565534
Paktika,61.75,0.2861627168404648,604.794126183506,599.2640973504489,92345.73935374926
Paktika,62.0,0.28447550985961384,586.1882300654421,580.9916127694916,92382.61942165527
Paktika,62.25,0.2828492529039688,568.1547143061395,563.2713681934713,92418.37480824754
Paktika,62.5,0.2812814799136468,550.6759736637158,546.0869754197189,92453.0395094367
Paktika,62.75,0.2797698400873208,533.7349449611067,529.4225144356765,92486.64651076318
Paktika,63.0,0.27831209108479454,517.3150824229809,513.262515850872,92519.22782963511
Paktika,63.25,0.27690609519829396,501.4003529568326,497.59195676999866,92550.81452417803
Paktika,63.5,0.2755498129808504,485.9752221601591,482.39625022117303,92581.43671780574
Paktika,63.75,0.2742412962003667,471.02462565766626,467.6612241064987,92611.12364893968
Paktika,64.0,0.2729786851163958,456.533962783628,453.373116100872,92639.90368243043
Paktika,64.25,0.27176020382328586,442.4890892503847,439.5185675616367,92667.80432298422
Paktika,64.5,0.2705841540352604,428.87629026197123,426.0846031848705,92694.85226239917
Paktika,64.75,0.26944891237782864,415.68227059429205,413.05862320829925,92721.07339728509
Paktika,65.0,0.2683529270819173,402.8941501548185,400.4283993977596,92746.4928375204
Paktika,65.25,0.2672947130945331,390.49944334948816,388.18205894091017,92771.13494299656
Paktika,65.5,0.2662728488720952,378.4860442695764,376.3080727050744,92795.02335017653
Paktika,65.75,0.2652859742093891,366.8422234442869,364.79525221916947,92818.18097836239
Paktika,66.0,0.2643327865580099,355.55661415370236,353.63273859589646,92840.6300544639
Paktika,66.25,0.26341203750651215,344.6181940106397,342.8099876712346,92862.39214628068
Paktika,66.5,0.2625225312584929,334.01628132625706,332.3167667664421,92883.48816937611
Paktika,66.75,0.26166312200377545,323.74052735379775,322.1431481213554,92903.9384014029
Paktika,67.0,0.2608327104292677,313.7808967036719,312.2794927807722,92923.7625178052
Paktika,67.25,0.2600302424646199,304.1276624277093,302.71644636662666,92942.97960096326
Paktika,67.5,0.2592547073463347,294.7714015338782,293.4449350596078,92961.60814869923
Paktika,67.75,0.2585051346514352,285.7029777233564,284.45615113389493,92979.66610600815
Paktika,68.0,0.257780592889297,276.9135338923645,275.7415465485306,92997.17087896628
Paktika,68.25,0.2570801881490839,268.39448930967154,267.29283029944673,93014.13934020279
Paktika,68.5,0.25640306175783295,260.137526414775,259.1019571364162,93030.58785338711
Paktika,68.75,0.2557483886284683,252.1345805000643,251.1611186770379,93046.53229243432
Paktika,69.0,0.25511537633496756,244.37783750861476,243.462741317675,93061.98804579744
Paktika,69.25,0.25450326336805323,236.85972513487167,235.99947845817553,93076.97003314365
Paktika,69.5,0.2539113173296276,229.57290050800677,228.7641997715004,93091.49272840322
Paktika,69.75,0.2533388342375246,222.51024772241658,221.749988918099,93105.5701645253
Paktika,70.0,0.25278513729706503,215.66487259143415,214.95013883855287,93119.21594343278
Paktika,70.25,0.25224957510270535,209.03008973013826,208.35814036149367,93132.44326033333
Paktika,70.5,0.2517315210249918,202.59941931110959,201.9676792593474,93145.26490990857
Paktika,70.75,0.25123037232069306,196.3665839482099,195.77263335804028,93157.69329232149
Paktika,71.0,0.25074554857022463,190.32549713978918,189.76706222746054,93169.74043508424
Paktika,71.25,0.25027649097952537,184.47025853996598,183.945202906754,93181.41800206236
Paktika,71.5,0.24982266174870413,178.79515196063585,178.30146799710963,93192.73729738056
Paktika,71.75,0.2493835428243672,173.2946362772729,172.8304374514178,93203.70928272854
Paktika,72.0,0.24895863506390897,167.96333898969635,167.52685272731557,93214.34458964797
Paktika,72.25,0.24854745779474655,162.7960547370526,162.38561535239847,93224.6535224528
Paktika,72.5,0.2481495478770209,157.7877388704341,157.40178104537657,93234.64607053636
Paktika,72.75,0.24776445876792344,152.9334997089574,152.570552634906,93244.33192319742
Paktika,73.0,0.2473917601824974,148.22859700884462,147.8872785970298,93253.720472634
Paktika,73.25,0.2470310374359353,143.66843794525317,143.34744932455746,93262.8208216928
Paktika,73.5,0.24668189047935224,139.24856878805608,138.94668945707542,93271.64179986445
Paktika,73.75,0.24634393359345028,134.9646729661639,134.68075605641855,93280.19196704388
Paktika,74.0,0.2460167949333401,130.81256870914518,130.54553637530134,93288.47961812068
Paktika,74.25,0.24570011563952074,126.78820117145153,126.53704054721914,93296.51279816574
Paktika,74.5,0.2453935495033161,122.88763978413226,122.65139910227403,93304.29930756416
Paktika,74.75,0.24509676263736735,119.10707672325283,118.8848614905902,93311.84670502359
Paktika,75.0,0.2448094327475533,115.44282043551163,115.23379003015484,93319.16232010165
Paktika,75.25,0.24453124871724982,111.89129193710788,111.69465642916398,93326.25326038507
Paktika,75.5,0.2442619103772194,108.44902376485999,108.26404076176371,93333.12641356306
Paktika,75.75,0.244001127944185,105.11265512485586,104.93862689806875,93339.7884568492
Paktika,76.0,0.2437486215351863,101.87892728429868,101.71519815703181,93346.24586593719
Paktika,76.25,0.24350412099356514,98.74468263981827,98.59063639766761,93352.50491684159
Paktika,76.5,0.2432673654877568,95.70686146084704,95.56191892543903,93358.5716922483
Paktika,76.75,0.24303810298582113,92.76249671650271,92.62611358940819,93364.45209159117
Paktika,77.0,0.24281609010031782,89.90871298678641,89.78037772960022,93370.15183319358
Paktika,77.25,0.24260109181859393,87.14272449670652,87.02195629055005,93375.67645812099
Paktika,77.5,0.24239288098381928,84.46182989052008,84.34817684534772,93381.03134038321
Paktika,77.75,0.24219123813345175,81.86341082702856,81.75644824502756,93386.22168968988
Paktika,78.0,0.24199595131016047,79.34493074960267,79.2442594240852,93391.25255387508
Paktika,78.25,0.24180681561047673,76.90393028361014,76.80917499882507,93396.12882790202
Paktika,78.5,0.24162363298325354,74.53802526176875,74.44883336985963,93400.85525773547
Paktika,78.75,0.24144621209740144,72.24490591594805,72.16094592906154,93405.43644194296
Paktika,79.0,0.24127436798082605,70.0223332226887,69.94329354871194,93409.8768388607
Paktika,79.25,0.24110792177141613,67.8681363093615,67.79372408427615,93414.18077168467
Paktika,79.5,0.24094670062137896,65.78021184661267,65.7101517754575,93418.35242967738
Paktika,79.75,0.24079053742914094,63.75652141115779,63.690554700313555,93422.39587335118
Paktika,80.0,0.24063927055409187,61.79508841199915,61.732971807924315,93426.31504050961
Paktika,80.25,0.24049274373590257,59.89399747978518,59.83550231855851,93430.113747458
Paktika,80.5,0.24035080591157718,58.05139276480522,57.99630407163027,93433.79569235774
Paktika,80.75,0.24021331091476159,56.26547463106291,56.21359032494679,93437.36446173316
Paktika,81.0,0.24008011739386517,54.534498903617425,54.48562901904928,93440.82353196004
Paktika,81.25,0.23995108869264273,52.85677585187354,52.81074178363171,93444.1762712759
Paktika,81.5,0.23982609256405785,51.23066700420064,51.18730084477145,93447.42594605856
Paktika,81.75,0.2397050010746787,49.654584152742196,49.61372805427608,93450.575722792
Paktika,82.0,0.23958769052115897,48.126988691588764,48.08849423823317,93453.62866937974
Paktika,82.25,0.239474041190431,46.64638893600756,46.610116587201084,93456.5877604357
Paktika,82.5,0.239363937234604,45.21133873606075,45.17715730344131,93459.45588002335
Paktika,82.75,0.23925726661314511,43.82043703148248,43.78822316032213,93462.23582254167
Paktika,83.0,0.23915392090643972,42.47232578871264,42.44196348817949,93464.93029680228
Paktika,83.25,0.23905379516297837,41.1656882513158,41.13706846471874,93467.5419294889
Paktika,83.5,0.23895678785465857,39.89924857099114,39.872268749449134,93470.0732658918
Paktika,83.75,0.23886280074406152,38.67177037595476,38.646334081612835,93472.52677274178
Paktika,84.0,0.2387717387126849,37.48205476804347,37.45807131962275,93474.90484217372
Paktika,84.25,0.23868350971831748,36.32893991489981,36.306324038300524,93477.20979253718
Paktika,84.5,0.2385980247087369,35.21130016269034,35.18997165674195,93479.44387015596
Paktika,84.75,0.2385151974453901,34.1280439574072,34.10792739987966,93481.60925344536
Paktika,85.0,0.23843494445554772,33.07811332799689,33.059137789322435,93483.70805393833
Paktika,85.25,0.23835718497634845,32.0604833476777,32.04258211145747,93485.742317356
Paktika,85.5,0.23828184079451445,31.074160231680438,31.057270548864174,93487.71402737877
Paktika,85.75,0.23820883618461278,30.118180624353336,30.10224347851044,93489.62510706105
Paktika,86.0,0.23813809787075227,29.19161124617883,29.17657112171189,93491.47741953433
Paktika,86.25,0.23806955489652132,28.29354735180655,28.279352026871653,93493.27277106652
Paktika,86.5,0.23800313854389937,27.423111763238623,27.409712117161334,93495.01291298114
Paktika,86.75,0.23793878230612675,26.57945461949684,26.56680444161978,93496.69954215667
Paktika,87.0,0.23787642179071075,25.761752239188844,25.749808053876237,93498.33430328523
Paktika,87.25,0.23781599462214828,24.96920594093593,24.9579268491046,93499.91879121542
Paktika,87.5,0.2377574404184935,24.20104180855389,24.190389330739734,93501.45455142038
Paktika,87.75,0.2377007007261729,23.456509944391218,23.446447872903192,93502.94308148207
Paktika,88.0,0.23764571891348782,22.734883165529922,22.725377433427813,93504.38583368222
Paktika,88.25,0.23759244014514372,22.03545672045589,22.026475272989273,93505.78421556648
Paktika,88.5,0.23754081134203872,21.357547847601573,21.349060517890337,93507.13959082325
Paktika,88.75,0.23749078107637675,20.70049448386776,20.692472883828323,93508.45328185131
Paktika,89.0,0.23744229954027157,20.063654891573414,20.05607230650508,93509.72657050246
Paktika,89.25,0.2373953185192543,19.446407379746443,19.4392386647673,93510.96069863705
Paktika,89.5,0.23734979130275385,18.848149199242727,18.84137068762765,93512.15687032191
Paktika,89.75,0.2373056726406218,18.268296009628667,18.261885426368252,93513.31625289145
Paktika,90.0,0.2372629187253826,17.7062816964521,17.700218072576124,93514.43997731233
Paktika,90.25,0.23722148712297225,17.16155752010464,17.15582111522202,93515.52913987765
Paktika,90.5,0.23718133671701505,16.63359142201474,16.628163653290173,93516.58480358806
Paktika,90.75,0.23714242769497093,16.121867877342968,16.116731249011142,93517.60799844604
Paktika,91.0,0.23710472150007902,15.625887311547089,15.62102534933782,93518.5997226177
Paktika,91.25,0.23706818076674685,15.145165289358008,15.14056248189489,93519.56094404806
Paktika,91.5,0.237032769306276,14.679232350908256,14.674874091931322,93520.49260078794
Paktika,91.75,0.2369984520773131,14.227633661731835,14.223506194736549,93521.39560169153
Paktika,92.0,0.23696519511849826,13.78992816342695,13.786018533001506,93522.27082810854
Paktika,92.25,0.23693296553103063,13.36568836147605,13.361984365946181,93523.11913430713
Paktika,92.5,0.2369017314605504,12.954500118022866,12.95099026311697,93523.94134788748
Paktika,92.75,0.23687146203654066,12.555961885765678,12.552635343808442,93524.73827130848
Paktika,93.0,0.23684212734779866,12.169684400734477,12.16653097181211,93525.5106825002
Paktika,93.25,0.23681369843064182,11.795290550485312,11.79230062401541,93526.25933512715
Paktika,93.5,0.2367861472211323,11.432414771148673,11.429579291376452,93526.98495979034
Paktika,93.75,0.23675944652159306,11.080702622662752,11.078013056775408,93527.68826487413
Paktika,94.0,0.2367335699920144,10.739810691766829,10.737258998226286,93528.36993674011
Paktika,94.25,0.23670849211659623,10.409406172836732,10.406984772109011,93529.03064056304
Paktika,94.5,0.23668418816306694,10.089166348529679,10.086868096797712,93529.67102136661
Paktika,94.75,0.2366606341740917,9.778778487478752,9.776596650671323,93530.29170422777
Paktika,95.0,0.23663780694701092,9.477939594582862,9.475867823586201,93530.89329477499
Paktika,95.25,0.2366156839899343,9.186355848562812,9.184388157402775,93531.47638031015
Paktika,95.5,0.2365942435110484,8.903742468678287,8.9018732132376,93532.04153007468
Paktika,95.75,0.23657346440688312,8.629823573968658,8.628047431178125,93532.58929553055
Paktika,96.0,0.23655332622196895,8.364331665523398,8.362643615058271,93533.1202113933
Paktika,96.25,0.23653380913331018,8.107007428602557,8.10540273542677,93533.63479602693
Paktika,96.5,0.2365148939429718,7.857599645381015,7.85607384246778,93534.1335516183
Paktika,96.75,0.23649656204659164,7.615864791381596,7.614413664198657,93534.61696498247
Paktika,97.0,0.23647879541118672,7.381566750041342,7.380186322217183,93535.08550813243
Paktika,97.25,0.23646157656979142,7.154476749104023,7.153163268187403,93535.53963840623
Paktika,97.5,0.23644488860016502,6.93437308934815,6.9331230136049085,93535.97979900854
Paktika,97.75,0.2364287150972011,6.721040788222672,6.7198507748084415,93536.40641972197
Paktika,98.0,0.23641304016725415,6.514271509693025,6.513138402978745,93536.81991704727
Paktika,98.25,0.23639784841609401,6.313863412954374,6.3127842333192525,93537.2206945054
Paktika,98.5,0.23638312491918004,6.119620767655799,6.118592701646645,93537.60914340588
Paktika,98.75,0.2363688552141752,5.931353858416021,5.930374249176435,93537.98564303729
Paktika,99.0,0.23635502529413654,5.74887890111981,5.747945238989276,93538.3505608347
Paktika,99.25,0.23634162158146432,5.572017705422656,5.571127619634618,93538.70425305347
Paktika,99.5,0.2363286309160465,5.40059752154603,5.399748772377649,93539.04706507527
Paktika,99.75,0.2363160405510747,5.234450989451705,5.2336414604297135,93539.37933150967
Paktika,100.0,0.23630383813401418,5.073415892861864,5.07264358368543,93539.70137668542
Paktika,100.25,0.23629201168965216,4.917334939080135,4.916597959163845,93540.01351509018
Paktika,100.5,0.23628054961660494,4.766055715734131,4.765352277800559,93540.31605145696
Paktika,100.75,0.23626944067596156,4.619430545052945,4.618758959085637,93540.6092810553
Paktika,101.0,0.236258673970817,4.47731621742315,4.476674885315993,93540.8934902234
Paktika,101.25,0.23624823894188646,4.339573935330882,4.338961345639432,93541.1689564802
Paktika,101.5,0.23623812536182634,4.206069241724098,4.205483964542419,93541.43594866848
Paktika,101.75,0.2362283233151532,4.076671758317416,4.0761124407838984,93541.6947274777
Paktika,102.0,0.2362188231913878,3.9512550966121673,3.950720458603112,93541.94554562171
Paktika,102.25,0.23620961568176074,3.8296968169297014,3.8291856467906187,93542.18864792072
Paktika,102.5,0.23620069176407427,3.711878231306313,3.7113893820129555,93542.42427169502
Paktika,102.75,0.23619204269153535,3.5976842578230372,3.597216643443376,93542.65264705617
Paktika,103.0,0.23618365999035418,3.487003390510232,3.4865559826876797,93542.87399696693
Paktika,103.25,0.23617553545072958,3.3797275825595388,3.379299407214803,93543.08853747489
Paktika,103.5,0.23616766111223647,3.2757520553167203,3.27534218971864,93543.29647809398
Paktika,103.75,0.2361600292608652,3.1749752601730323,3.1745828300579713,93543.49802188063
Paktika,104.0,0.23615263242487305,3.0772988255711784,3.076923002332272,93543.6933655398
Paktika,104.25,0.23614546335987313,2.982627361929168,2.982267360153164,93543.88269981468
Paktika,104.5,0.23613851504396932,2.8908683981892764,2.890523473292544,93544.06620961361
Paktika,104.75,0.23613178067548118,2.8019323531243296,2.801601799006626,93544.24407406732
Paktika,105.0,0.23612525366205694,2.715732393032268,2.71541553996079,93544.41646681348
Paktika,105.25,0.23611892761210942,2.632184319606702,2.6318805322726497,93544.58355622063
Paktika,105.5,0.23611279633307916,2.5512065478230546,2.550915223410433,93544.74550543255
Paktika,105.75,0.23610685382564486,2.4727200306580026,2.472440597014752,93544.90247251863
Paktika,106.0,0.23610109427233647,2.396648109791673,2.3963800238155644,93545.05461077225
Paktika,106.25,0.2360955120352209,2.322916485519595,2.322659231575748,93545.20206877099
Paktika,106.5,0.23609010165342872,2.2514531850463815,2.251206273410376,93545.34499044002
Paktika,106.75,0.23608485783256958,2.1821884236487645,2.1819513891346793,93545.48351532951
Paktika,107.0,0.23607977544012604,2.1150545443149227,2.1148269449762904,93545.6177787354
Paktika,107.25,0.23607484950407573,2.0499860001995476,2.049767416035806,93545.74791173439
Paktika,107.5,0.23607007520632708,1.986919268691185,1.9867093004557983,93545.87404135578
Paktika,107.75,0.23606544787488676,1.9257927485643567,1.9255910166924948,93545.996290787
Paktika,108.0,0.23606096298239865,1.8665467410423024,1.8663528845905963,93546.11477941152
Paktika,108.25,0.23605661614357965,1.8091234165395325,1.8089370921541124,93546.2296228753
Paktika,108.5,0.23605240310610734,1.7534666949325213,1.7532875759465834,93546.34093332615
Paktika,108.75,0.23604831974804055,1.699522211732716,1.6993499872959574,93546.44881948136
Paktika,109.0,0.2360443620766045,1.6472373025133606,1.6470716767259783,93546.55338665881
Paktika,109.25,0.23604052622197916,1.596560921350194,1.5964016124774487,93546.65473694008
Paktika,109.5,0.23603680843176247,1.5474435680372352,1.5472903077925764,93546.75296931587
Paktika,109.75,0.2360332050699212,1.4998372744809116,1.4996898073146627,93546.84817971327
Paktika,110.0,0.23602971261438827,1.45369557335612,1.4535536557679467,93546.9404610584
Paktika,110.25,0.23602632764964523,1.408973400527024,1.4088368004646354,93547.0299034715
Paktika,110.5,0.2360230468649638,1.3656270719599224,1.365495568235081,93547.11659431308
Paktika,110.75,0.23601986705342803,1.3236142711253307,1.3234876528327815,93547.20061820911
Paktika,111.0,0.2360167851067475,1.2828939807896809,1.282772046781666,93547.28205718745
Paktika,111.25,0.23601379801086958,1.243426425276501,1.2433089836817843,93547.36099079317
Paktika,111.5,0.23601090284514747,1.2051730596349444,1.2050599273814375,93547.43749611027
Paktika,111.75,0.2360080967805899,1.1680965467730675,1.1679875491242948,93547.51164780745
Paktika,112.0,0.23600537707373462,1.1321606767821961,1.1320556469324277,93547.58351829935
Paktika,112.25,0.23600274106513353,1.0973303470156262,1.097229125697604,93547.65317778636
Paktika,112.5,0.23600018617864135,1.0635715528904646,1.063473987984302,93547.72069427308
Paktika,112.75,0.23599770991765784,1.0308513384406686,1.0307572846157702,93547.78613366716
Paktika,113.0,0.23599530986105816,0.9991377427098393,0.9990470611010627,93547.84955988647
Paktika,113.25,0.23599298366249738,0.968399790650305,0.9683123485373248,93547.9110348773
Paktika,113.5,0.23599072904946616,0.9386074808132167,0.938523151304499,93547.97061863897
Paktika,113.75,0.23598854381837542,0.9097317205761747,0.9096503823321488,93548.02836935341
Paktika,114.0,0.23598642583278168,0.8817443027675873,0.8816658397366615,93548.08434343181
Paktika,114.25,0.23598437302284792,0.8546178986542876,0.8545421998096231,93548.13859552865
Paktika,114.5,0.23598238338332247,0.8283260313634906,0.8282529904538153,93548.19117859493
Paktika,114.75,0.23598045496936132,0.8028430208067859,0.8027725361366514,93548.24214398823
Paktika,115.0,0.23597858589585166,0.778143974786466,0.7780759490002112,93548.29154149046
Paktika,115.25,0.2359767743369034,0.754204782382305,0.7541391222486015,93548.33941932117
Paktika,115.5,0.23597501852273667,0.7310020729285511,0.7309386891457034,93548.38582421954
Paktika,115.75,0.23597331673704547,0.7085131812522076,0.7084519882698556,93548.43080151388
Paktika,116.0,0.23597166731653976,0.6867161416664627,0.6866570575087141,93548.47439513366
Paktika,116.25,0.23597006865037076,0.6655896804642009,0.665532626554638,93548.51664762448
Paktika,116.5,0.23596851917651002,0.6451131681555966,0.6450580691639818,93548.55760024364
Paktika,116.75,0.23596701738040485,0.6252666017398816,0.6252133854362143,93548.59729299558
Paktika,117.0,0.23596556179457,0.6060305993601948,0.6059791964694141,93548.63576464252
Paktika,117.25,0.23596415099763823,0.5873863878213805,0.5873367318826904,93548.67305272944
Paktika,117.5,0.23596278361100495,0.5693157583201295,0.5692677855642495,93548.70919367264
Paktika,117.75,0.2359614582981794,0.5518010578894071,0.5517547071188744,93548.74422277683
Paktika,118.0,0.23596017376444625,0.5348251849786968,0.5347803974483345,93548.77817424395
Paktika,118.25,0.23595892875549182,0.5183715713466863,0.5183282906508327,93548.8110812094
Paktika,118.5,0.2359577220546626,0.502424145884111,0.5023823178569765,93548.84297581435
Paktika,118.75,0.23595655248260106,0.48696732981538815,0.4869269024328111,93548.8738892154
Paktika,119.0,0.2359554188969706,0.47198603310556303,0.4719469563867253,93548.90385159175
Paktika,119.25,0.23595432019084875,0.4574656332652431,0.4574278591817829,93548.9328921875
Paktika,119.5,0.23595325529054437,0.4433919465408909,0.44335542893542196,93548.96103936937
Paktika,119.75,0.23595222315534775,0.4297512246229865,0.42971591912838597,93548.98832063323
Paktika,120.0,0.23595122277730585,0.4165301517109848,0.4164960156695711,93549.01476260998
Paktika,120.25,0.23595025317958684,0.40371582292971697,0.40368281531934996,93549.0403911087
Paktika,120.5,0.23594931341468262,0.39129572060124845,0.39126380196843796,93549.06523116416
Paktika,120.75,0.23594840256421207,0.37925771165589134,0.37922684404941825,93549.08930704187
Paktika,121.0,0.23594751973873768,0.3675900452327603,0.3675601921371498,93549.11264224304
Paktika,121.25,0.23594666407626744,0.35628133290748726,0.35625245918229703,93549.13525954398
Paktika,121.5,0.2359458347406601,0.3453205276375621,0.34529259946233626,93549.1571810383
Paktika,121.75,0.23594503092146457,0.33469692164320863,0.33466990646282196,93549.17842814112
Paktika,122.0,0.23594425183376203,0.3244001443467527,0.32437401081659883,93549.19902159314
Paktika,122.25,0.235943496716943,0.3144201462253349,0.31439486416088225,93549.21898149305
Paktika,122.5,0.23594276483316087,0.3047471783907213,0.3047227187221149,93549.2383273382
Paktika,122.75,0.2359420554671961,0.29537179079946513,0.29534812552646267,93549.25707802836
Paktika,123.0,0.23594136792629739,0.28628483017080564,0.28626193231763447,93549.27525186974
Paktika,123.25,0.235940701539351,0.2774774290206723,0.2774552725936156,93549.292866597
Paktika,123.5,0.23594005565527945,0.2689409845135102,0.2689195444633335,93549.30993941551
Paktika,123.75,0.2359394296429011,0.26066715661140477,0.2606464087961472,93549.32648700509
Paktika,124.0,0.2359388228907393,0.2526478655616999,0.2526277867095727,93549.34252552499
Paktika,124.25,0.2359382348066527,0.24487528702151512,0.2448558546948834,93549.35807062362
Paktika,124.5,0.23593766481617853,0.23734183017602256,0.23732302274006453,93549.37313748241
Paktika,124.75,0.2359371123623032,0.23004013470945306,0.23002193130141307,93549.38774082178
Paktika,125.0,0.23593657690526104,0.22296306815116956,0.2229454486498795,93549.40189490645
Paktika,125.25,0.2359360579225131,0.2161037256050369,0.21608667060034345,93549.41561354602
Paktika,125.5,0.23593555490727078,0.20945541024607614,0.2094389010122153,93549.42891013398
Paktika,125.75,0.23593506736798545,0.203011626582008,0.20299564505222498,93549.44179766116
Paktika,126.0,0.23593459482825047,0.19676607915686292,0.19675060789818571,93549.45428871828
Paktika,126.25,0.23593413682675768,0.1907126719884508,0.19069769417627455,93549.46639549716
Paktika,126.5,0.23593369291649696,0.18484549799179897,0.1848309973865528,93549.47812981186
Paktika,126.75,0.2359332626637571,0.17915882578261969,0.17914478670875036,93549.489503125
Paktika,127.0,0.23593284564808156,0.17364709909216658,0.17363350641721018,93549.500526549
Paktika,127.25,0.2359324414621094,0.1683049346713536,0.16829177378513707,93549.51121085024
Paktika,127.5,0.23593204971150084,0.163127121310483,0.16311437810449841,93549.52156645103
Paktika,127.75,0.23593167001368023,0.15810860323217255,0.15809626408176497,93549.53160346283
Paktika,128.0,0.2359313019975932,0.15324447688216264,0.1532325286292187,93549.54133169264
Paktika,128.25,0.2359309453036232,0.14852998983014257,0.14851841976589636,93549.55076064526
Paktika,128.5,0.23593059958357948,0.14396054061394495,0.14394933646161606,93549.5598995235
Paktika,128.75,0.2359302645001081,0.13953167095856966,0.13952082085733436,93549.56875724385
Paktika,129.0,0.23592993972584977,0.13523905464994995,0.13522854714059254,93549.57734245864
Paktika,129.25,0.23592962494341396,0.13107849719205927,0.13106832120267092,93549.58566355682
Paktika,129.5,0.23592931984523569,0.12704593391850538,0.12703607875034684,93549.59372866765
Paktika,129.75,0.23592902413366676,0.12313743119974846,0.12312788651287827,93549.60154565831
Paktika,130.0,0.2359287375200478,0.11934917418179354,0.11933992998254092,93549.60912215846
Paktika,130.25,0.2359284597243159,0.1156774616016313,0.11566850823078015,93549.6164655706
Paktika,130.5,0.23592819047499025,0.11211870560051712,0.11211003372151085,93549.62358307037
Paktika,130.75,0.23592792950905436,0.10866943016551636,0.10866103075275177,93549.63048160974
Paktika,131.0,0.23592767657198035,0.10532627145602205,0.10531813578311948,93549.63716791636
Paktika,131.25,0.23592743141680714,0.10208596562087871,0.10207808525061848,93549.64364851787
Paktika,131.5,0.23592719380395852,0.09894534639451272,0.09893771316907629,93549.6499297468
Paktika,131.75,0.23592696350121997,0.09590134479243281,0.09589395082367522,93549.65601774104
Paktika,132.0,0.23592674028365493,0.09295098800484448,0.09294382566460123,93549.66191844622
Paktika,132.25,0.23592652393358,0.09009139907132803,0.09008446098180382,93549.66763761618
Paktika,132.5,0.23592631423974547,0.08731978605182344,0.08731306507735713,93549.6731808348
Paktika,132.75,0.23592611099722038,0.08463344050617007,0.0846269297451796,93549.67855351891
Paktika,133.0,0.23592591400737364,0.0820297372468298,0.08202343002378157,93549.68376091888
Paktika,133.25,0.23592572307779255,0.07950613326355938,0.07950002312098181,93549.6888081207
Paktika,133.5,0.2359255380223076,0.07706016804966188,0.07705424874015175,93549.69370004535
Paktika,133.75,0.23592535866024955,0.07468945378704883,0.0746837192664556,93549.69844146844
Paktika,134.0,0.23592518481633246,0.07239167379916135,0.0723861182199449,93549.70303702333
Paktika,134.25,0.23592501632064833,0.07016458247998908,0.07015920018458434,93549.70749120117
Paktika,134.5,0.23592485300856592,0.0680060039582973,0.06800078947257099,93549.71180835372
Paktika,134.75,0.23592469472085478,0.0659138337384223,0.06590878176494873,93549.71599268993
Paktika,135.0,0.23592454130303733,0.0638860301352894,0.06388113554761485,93549.72004829318
Paktika,135.25,0.2359243926052013,0.06192061179841504,0.06191586963558801,93549.72397912612
Paktika,135.5,0.2359242484819998,0.06001565771190688,0.06001106317300837,93549.72778903079
Paktika,135.75,0.23592410879257922,0.05816930624067768,0.05816485467942889,93549.73148173044
Paktika,136.0,0.23592397340066826,0.056379756310851875,0.05637544323005785,93549.73506082721
Paktika,136.25,0.23592384217423015,0.05464526281032267,0.05464108385685304,93549.73852981132
Paktika,136.5,0.23592371498508374,0.05296413158311579,0.052960082543405174,93549.74189207105
Paktika,136.75,0.2359235917089006,0.051334719391548066,0.05133079618710013,93549.74515089286
Paktika,137.0,0.23592347222518728,0.049755433679887606,0.04975163236279991,93549.7483094619
Paktika,137.25,0.2359233564172358,0.04822473192232054,0.04822104867083196,93549.75137086314
Paktika,137.5,0.2359232441721828,0.04674112240508569,0.04673755351906837,93549.75433808006
Paktika,137.75,0.23592313538047613,0.04530315717453618,0.04529969907171039,93549.75721400854
Paktika,138.0,0.23592302993579783,0.04390943102266927,0.043906080234916656,93549.76000145897
Paktika,138.25,0.23592292773506435,0.04255858148712636,0.04255533465680317,93549.76270315629
Paktika,138.5,0.23592282867837835,0.04124928821587391,0.041246142092175204,93549.76532174117
Paktika,138.75,0.23592273266908317,0.03998027368773677,0.039977225122960626,93549.76785976868
Paktika,139.0,0.23592263961360602,0.03875030113825885,0.038747347084305495,93549.77031971232
Paktika,139.25,0.23592254942108376,0.03755816961668513,0.03755530712203047,93549.772703974
Paktika,139.5,0.23592246200335318,0.03640271385459299,0.03639994006127414,93549.77501488423
Paktika,139.75,0.23592237727495086,0.035282804265892205,0.035280116406493006,93549.7772547022
Paktika,140.0,0.23592229515305266,0.034197346146901085,0.03419474154159883,93549.77942561731
Paktika,140.25,0.2359222155575792,0.03314528107010643,0.033142757123572765,93549.7815297464
Paktika,140.5,0.2359221384109504,0.032125583641296876,0.03212313783992751,93549.78356914026
Paktika,140.75,0.23592206363782717,0.03113725808391044,0.031134887993367957,93549.78554579044
Paktika,141.0,0.23592199116511037,0.030179338227072965,0.030177041489830712,93549.78746162927
Paktika,141.25,0.23592192092194092,0.02925088750559811,0.02924866183848408,93549.78931852989
Paktika,141.5,0.23592185283964703,0.028350998263158494,0.028348841454952242,93549.79111830759
Paktika,141.75,0.23592178685183954,0.027478793012734298,0.027476702921636814,93549.79286271737
Paktika,142.0,0.23592172289422292,0.026633421939501103,0.02663139649085149,93549.79455345882
Paktika,142.25,0.23592166090434966,0.025814059652358404,0.02581209683663933,93549.79619218275
Paktika,142.5,0.23592160082161856,0.02501990516398863,0.02501800303483349,93549.79778049114
Paktika,142.75,0.2359215425872749,0.024250181890857123,0.024248338563057217,93549.79931993711
Paktika,143.0,0.23592148614438113,0.02350413726684704,0.023502350914388827,93549.80081202583
Paktika,143.25,0.23592143143784478,0.022781043113505955,0.022779311967560147,93549.80225821363
Paktika,143.5,0.23592137841440058,0.022080195401459873,0.022078517748408286,93549.80365990859
Paktika,143.75,0.23592132702231,0.021400910280687302,0.02139928446049656,93549.8050184784
Paktika,144.0,0.2359212772113458,0.020742523875782373,0.020740948280394824,93549.80633525079
Paktika,144.25,0.23592122893279197,0.020104392285954828,0.0201028653576795,93549.80761151358
Paktika,144.5,0.23592118213944116,0.019485891550407617,0.019484411780313925,93549.80884851469
Paktika,144.75,0.2359211367855422,0.018886416953264706,0.018884982879624687,93549.81004746354
Paktika,145.0,0.23592109282693596,0.018305384823857296,0.018303995030436605,93549.81120952748
Paktika,145.25,0.23592105022078794,0.01774222899695896,0.017740882111617805,93549.81233583883
Paktika,145.5,0.23592100892549117,0.017196399532718756,0.01719509422612004,93549.81342749747
Paktika,145.75,0.23592096890066624,0.016667362716661256,0.01666609770097869,93549.81448557084
Paktika,146.0,0.23592093010716142,0.01615460105968652,0.01615337508731274,93549.81551109391
Paktika,146.25,0.23592089250703888,0.015657613118088626,0.015656424980357297,93549.81650506955
Paktika,146.5,0.2359208560635639,0.015175913349828889,0.015174761875738884,93549.81746846887
Paktika,146.75,0.2359208207412832,0.014709033149774106,0.014707917204635546,93549.81840222907
Paktika,147.0,0.2359207865057648,0.014256517411343862,0.01425543589571283,93549.81930726035
Paktika,147.25,0.23592075332356569,0.013817924099738263,0.013816875948386287,93549.82018444678
Paktika,147.5,0.23592072116223178,0.013392824251937937,0.01339180843282146,93549.82103464632
Paktika,147.75,0.23592068999029805,0.012980801976704039,0.012979817489933897,93549.8218586907
Paktika,148.0,0.23592065977727542,0.012581454282007676,0.012580500158831822,93549.82265738594
Paktika,148.25,0.23592063049364487,0.01219439099781036,0.01219346629959542,93549.82343151237
Paktika,148.5,0.23592060211093188,0.011819235760271567,0.011818339577410474,93549.82418182271
Paktika,148.75,0.23592057460147856,0.011455622998183547,0.011454754449251078,93549.82490904811
Paktika,149.0,0.23592054793841663,0.011103197577812349,0.01110235580874911,93549.82561389884
Paktika,149.25,0.23592052209566752,0.010761614802897829,0.01076079898619424,93549.82629706427
Paktika,149.5,0.23592049704794235,0.010430540414653642,0.010429749748533921,93549.82695921295
Paktika,149.75,0.23592047277073938,0.010109650558487615,0.010108884266096336,93549.82760099256
Paktika,150.0,0.23592044924030786,0.009798631306647893,0.009797888635270076,93549.82822303097
Paktika,150.25,0.23592042643376443,0.009497180194790893,0.00949646041495014,93549.8288259331
Paktika,150.5,0.23592040432891323,0.009205003846566497,0.009204306251317894,93549.82941028572
Paktika,150.75,0.23592038290418288,0.008921817139096302,0.008921141043385601,93549.82997665906
Paktika,151.0,0.23592036213862638,0.008647343202973607,0.008646687942996438,93549.83052560687
Paktika,151.25,0.23592034201192122,0.008381313422263417,0.00838067835482449,93549.83105766636
Paktika,151.5,0.2359203225043693,0.008123467434502443,0.008122851936374749,93549.83157335827
Paktika,151.75,0.23592030359688085,0.007873552917708375,0.007872956385008439,93549.83207318725
Paktika,152.0,0.23592028527099412,0.007631325850567805,0.007630747698106287,93549.83255764133
Paktika,152.25,0.23592026750891132,0.007396550987756192,0.007395990648355459,93549.83302719101
Paktika,152.5,0.23592025029333372,0.007168999681150173,0.007168456605134904,93549.83348229357
Paktika,152.75,0.23592023360745124,0.006948449740281758,0.0069479233949804485,93549.83392339341
Paktika,153.0,0.23592021743494232,0.006734685432338329,0.006734175301584783,93549.83435092198
Paktika,153.25,0.235920201759974,0.0065274974821626424,0.006527003065797473,93549.83476529784
Paktika,153.5,0.23592018656720184,0.006326683072252829,0.006326203885624951,93549.83516692663
Paktika,153.75,0.23592017184175307,0.0061320456182953845,0.006131581191780326,93549.83555620149
Paktika,154.0,0.2359201575692564,0.005943395166158027,0.005942945044642339,93549.83593350237
Paktika,154.25,0.23592014373586084,0.0057605486369945854,0.0057601123793446915,93549.83629919539
Paktika,154.5,0.23592013032809914,0.00558332802525853,0.005582905203930893,93549.8366536366
Paktika,154.75,0.23592011733288196,0.005411560319702111,0.005411150520359494,93549.83699717198
Paktika,155.0,0.23592010473749778,0.005245077503376356,0.005244680324504087,93549.83733013758
Paktika,155.25,0.23592009252961288,0.005083716553631071,0.005083331606153304,93549.83765285945
Paktika,155.5,0.23592008069727152,0.00492731944211484,0.004926946349010821,93549.83796565366
Paktika,155.75,0.2359200692288902,0.004775733061539327,0.004775371457465191,93549.83826882641
Paktika,156.0,0.23592005811324665,0.004628809079900966,0.004628458610820655,93549.83856267435
Paktika,156.25,0.23592004733955932,0.004486404989481791,0.004486065312218135,93549.83884748252
Paktika,156.5,0.23592003689735874,0.004348382408026763,0.00434805318994554,93549.83912352766
Paktika,156.75,0.23592002677646404,0.004214606766908299,0.0042142876856263185,93549.83939107893
Paktika,157.0,0.23592001696698273,0.004084947311126271,0.00408463805421946,93549.83965039781
Paktika,157.25,0.235920007459311,0.003959277099308003,0.003958977364019497,93549.83990173823
Paktika,157.5,0.23591999824413346,0.0038374730037082794,0.0038371824966565004,93549.8401453464
Paktika,157.75,0.23591998931242325,0.0037194157102093364,0.0037191341470960856,93549.84038146098
Paktika,158.0,0.23591998065542977,0.0036049895543636937,0.0036047166596945,93549.84061031329
Paktika,158.25,0.23591997226470113,0.0034940828230719022,0.003493818329851619,93549.84083212673
Paktika,158.5,0.23591996413211108,0.0033865881047644595,0.0033863317541677897,93549.84104711616
Paktika,158.75,0.2359199562497557,0.0032824009276311555,0.003282152468778299,93549.84125549051
Paktika,159.0,0.23591994860994828,0.0031814196912645985,0.0031811788810021243,93549.84145745297
Paktika,159.25,0.23591994120521942,0.0030835456666602166,0.003083312269341931,93549.84165320102
Paktika,159.5,0.2359199340283169,0.0029886829962162565,0.0029884567834840745,93549.84184292634
Paktika,159.75,0.23591992707220577,0.0028967386937337834,0.002896519444298599,93549.84202681493
Paktika,160.0,0.2359199203300683,0.002807622644416683,0.002807410143839238,93549.84220504703
Paktika,160.25,0.23591991379529745,0.002721247517255145,0.00272104155773348,93549.84237779728
Paktika,160.5,0.2359199074614995,0.0026375288027541046,0.0026373291829069707,93549.8425452347
Paktika,160.75,0.2359199013225469,0.0025563855081968128,0.002556192032794887,93549.84270752128
Paktika,161.0,0.23591989537248403,0.002477738913693564,0.0024775513934863994,93549.84286481446
Paktika,161.25,0.23591988960551633,0.0024015124278824614,0.0024013306794364348,93549.84301726743
Paktika,161.5,0.2359198840160102,0.0023276315879294197,0.002327455433465677,93549.8431650291
Paktika,161.75,0.23591987859849314,0.002256024059528162,0.0022558533267605665,93549.84330824416
Paktika,162.0,0.23591987334765369,0.0021866196369002226,0.002186454158873301,93549.843447053
Paktika,162.25,0.2359198682583414,0.0021193502427949455,0.0021191898577218337,93549.84358159179
Paktika,162.5,0.2359198633255669,0.0020541499284894844,0.002053994479589877,93549.8437119924
Paktika,162.75,0.23591985854448905,0.001990954705816465,0.001990804041167073,93549.84383838286
Paktika,163.0,0.23591985391045112,0.0019297030227147017,0.0019295569950628507,93549.84396088622
Paktika,163.25,0.23591984941897728,0.0018703357193493538,0.0018701941859309407,93549.84407962083
Paktika,163.5,0.23591984506570998,0.001812795198283261,0.0018126580207040231,93549.84419470187
Paktika,163.75,0.235919840846409,0.0017570254127495836,0.0017568924568672566,93549.84430624143
Paktika,164.0,0.2359198367569513,0.001702971866651803,0.001702843002458279,93549.84441434852
Paktika,164.25,0.2359198327933313,0.0016505816145637219,0.0016504567160672062,93549.84451912902
Paktika,164.5,0.23591982895166072,0.0015998032617294635,0.001599682206836634,93549.84462068573
Paktika,164.75,0.23591982522816854,0.0015505869640634726,0.0015504696344616359,93549.84471911832
Paktika,165.0,0.23591982161920105,0.001502884428150515,0.0015027707091897643,93549.8448145234
Paktika,165.25,0.23591981812121537,0.0014566488244846245,0.001456538605066498,93549.84490699461
Paktika,165.5,0.235919814730791,0.0014118349414474667,0.0014117281139013594,93549.84499662237
Paktika,165.75,0.23591981144465993,0.0013683995843528202,0.001368296044282653,93549.84508349308
Paktika,166.0,0.23591980825964268,0.0013263007267321758,0.00132620037292775,93549.8451676908
Paktika,166.25,0.23591980517264352,0.0012854974500185322,0.001285400184371453,93549.84524929734
Paktika,166.5,0.23591980218065053,0.0012459499435463967,0.001245855670965996,93549.84532839236
Paktika,166.75,0.23591979928073561,0.0012076195045517843,0.001207528132881045,93549.84540505325
Paktika,167.0,0.23591979647005454,0.001170468538172219,0.0011703799781036968,93549.84547935516
Paktika,167.25,0.23591979374584682,0.001134460557446733,0.0011343747224384795,93549.84555137114
Paktika,167.5,0.23591979110543584,0.001099560183315867,0.001099476989507353,93549.84562117187
Paktika,167.75,0.2359197885462288,0.001065733144621669,0.001065652510749709,93549.84568882595
Paktika,168.0,0.235919786065709,0.0010329461763349008,0.0010328680236571831,93549.8457543999
Paktika,168.25,0.2359197836614578,0.0010011673094843512,0.0010010915616806637,93549.84581795763
Paktika,168.5,0.23591978133116365,0.0009703659906027225,0.0009702925736675731,93549.84587956026
Paktika,168.75,0.2359197790725749,0.0009405124574371113,0.0009404412996197498,93549.84593926732
Paktika,169.0,0.2359197768834984,0.0009115777220812939,0.0009115087538270108,93549.8459971368
Paktika,169.25,0.23591977476179968,0.0008835335709757267,0.0008834667248671497,93549.8460532251
Paktika,169.5,0.2359197727054028,0.0008563525649075471,0.000856287775605938,93549.84610758712
Paktika,169.75,0.23591977071229034,0.0008300080390105718,0.0008299452431971244,93549.84616027617
Paktika,170.0,0.23591976878050364,0.0008044741027652986,0.0008044132390824352,93549.84621134403
Paktika,170.25,0.23591976690814243,0.0007797256399989048,0.0007796666489915741,93549.84626084096
Paktika,170.5,0.23591976509336515,0.0007557383088852486,0.0007556811329422217,93549.84630881563
Paktika,170.75,0.23591976333438808,0.0007324885321597677,0.0007324331154556737,93549.84635531517
Paktika,171.0,0.235919761629478,0.0007099534014531361,0.0007098996898975353,93549.84640038543
Paktika,171.25,0.2359197599769932,0.0006881112161330106,0.0006880591572787101,93549.8464440698
Paktika,171.5,0.23591975837534623,0.0006669409944489499,0.0006668905374375621,93549.84648641024
Paktika,171.75,0.23591975682298968,0.0006464222824975054,0.0006463733780194627,93549.84652744768
Paktika,172.0,0.235919755318416,0.0006265351542222216,0.0006264877544767911,93549.84656722193
Paktika,172.25,0.23591975386015762,0.0006072602114136357,0.0006072142700689336,93549.84660577182
Paktika,172.5,0.23591975244678692,0.0005885785837092779,0.0005885340558622842,93549.84664313507
Paktika,172.75,0.23591975107691612,0.0005704719285936715,0.0005704287707302446,93549.84667934838
Paktika,173.0,0.2359197497491975,0.0005529224313983325,0.0005528806013532235,93549.84671444737
Paktika,173.25,0.23591974846232316,0.0005359128053017698,0.0005358722622186372,93549.84674846663
Paktika,173.5,0.23591974721502523,0.0005194262913294852,0.00051938699562091,93549.84678143966
Paktika,173.75,0.2359197460060757,0.0005034466583539738,0.0005034085716614729,93549.84681339892
Paktika,174.0,0.2359197448342806,0.000487958124276669,0.00048792120943660656,93549.84684437599
Paktika,174.25,0.23591974369850266,0.00047294565727068656,0.0004729098782572862,93549.84687440093
Paktika,174.5,0.2359197425976572,0.00045839492014961556,0.00045836024202238265,93549.8469035024
Paktika,174.75,0.23591974153068615,0.00044429192746106696,0.0004442583163381591,93549.84693170838
Paktika,175.0,0.23591974049655787,0.0004306230433833194,0.0004305904664150753,93549.84695904615
Paktika,175.25,0.23591973949426717,0.00041737498172531864,0.0004173434070677875,93549.84698554227
Paktika,175.5,0.23591973852283535,0.00040453480592667816,0.00040450420271514846,93549.84701122262
Paktika,175.75,0.23591973758131013,0.0003920899290576788,0.00039206026738020734,93549.84703611238
Paktika,176.0,0.2359197366687657,0.0003800281138192687,0.00037999936469021,93549.847060236
Paktika,176.25,0.23591973578430267,0.00036833747254306365,0.0003683096078765985,93549.8470836173
Paktika,176.5,0.23591973492704812,0.00035700646719134663,0.0003569794597750117,93549.84710627931
Paktika,176.75,0.23591973409615563,0.00034602390935706826,0.0003459977328252848,93549.84712824442
Paktika,177.0,0.23591973329080512,0.0003353789602638465,0.0003353535890714495,93549.84714953431
Paktika,177.25,0.2359197325102001,0.00032506109129630637,0.0003250365006950366,93549.84717017006
Paktika,177.5,0.235919731753577,0.00031506021048071926,0.00031503637648605596,93549.84719017181
Paktika,177.75,0.2359197310202169,0.000305366814951445,0.00030534371429802364,93549.8472095586
Paktika,178.0,0.23591973030941918,0.0002959716437250552,0.0002959492538483649,93549.84722834895
Paktika,178.25,0.2359197296205001,0.000286865659811007,0.00028684395883043774,93549.84724656092
Paktika,178.5,0.2359197289527929,0.0002780400502116426,0.00027801901691353303,93549.84726421213
Paktika,178.75,0.2359197283056478,0.0002694862259221893,0.0002694658397428743,93549.84728131979
Paktika,179.0,0.23591972767843197,0.00026119582193076,0.0002611760629396178,93549.84729790059
Paktika,179.25,0.23591972707052944,0.0002531606972183526,0.0002531415461008527,93549.84731397085
Paktika,179.5,0.23591972648134124,0.00024537293475885023,0.00024535437279960085,93549.84732954638
Paktika,179.75,0.2359197259102854,0.00023782484151902138,0.00023780685058481687,93549.84734464256
Paktika,180.0,0.23591972535679678,0.00023050894845851982,0.0002304915109813881,93549.84735927434
Paktika,180.25,0.23591972482032733,0.00022341801052988439,0.00022340110949013476,93549.84737345621
Paktika,180.5,0.2359197243003458,0.0002165450066785393,0.00021652862558780968,93549.84738720223
Paktika,180.75,0.23591972379633697,0.00020988312657004563,0.00020986724945534898,93549.84740052599
Paktika,181.0,0.23591972330780286,0.00020342578793932956,0.0002034103993257286,93549.84741344067
Paktika,181.25,0.2359197228342807,0.0001971668738768252,0.0001971519587522125,93549.84742595849
Paktika,181.5,0.23591972237532172,0.00019110045296467836,0.00019108599676574792,93549.84743809134
Paktika,181.75,0.23591972193048763,0.0001852207317689649,0.0001852067203707718,93549.84744985079
Paktika,182.0,0.2359197214993506,0.00017952205483969083,0.00017950847454521076,93549.84746124814
Paktika,182.25,0.23591972108149312,0.00017399890471079244,0.00017398574224048097,93549.84747229444
Paktika,182.5,0.23591972067650824,0.00016864590190013605,0.00016863314438148836,93549.84748300044
Paktika,182.75,0.23591972028399943,0.00016345780490951823,0.00016344543986662846,93549.84749337664
Paktika,183.0,0.23591971990358057,0.00015842951022466568,0.00015841752556778647,93549.84750343322
Paktika,183.25,0.23591971953487598,0.0001535560523152352,0.0001535444363303373,93549.84751318014
Paktika,183.5,0.23591971917752044,0.00014883260363481385,0.00014882134497314542,93549.84752262704
Paktika,183.75,0.23591971883115917,0.0001442544746209188,0.00014424356228856506,93549.84753178329
Paktika,184.0,0.23591971849544777,0.00013981711369499735,0.00013980653704244003,93549.84754065803
Paktika,184.25,0.23591971817005236,0.00013551610726242702,0.00013550585597410384,93549.84754926003
Paktika,184.5,0.2359197178546495,0.00013134717971251543,0.00013133724379637963,93549.84755759788
Paktika,184.75,0.23591971754892402,0.00012730616601932165,0.00012729653579845256,93549.84756567991
Paktika,185.0,0.2359197172525826,0.00012338918901353367,0.00012337985510433146,93549.84757351386
Paktika,185.25,0.23591971696534791,0.00011959258274992601,0.000119583536046143,93549.84758110708
Paktika,185.5,0.23591971668694875,0.00011591276246098652,0.0001159039941275859,93549.84758846673
Paktika,185.75,0.23591971641712003,0.0001123462244847366,0.00011233772595175652,93549.8475955998
Paktika,186.0,0.23591971615560284,0.00010888954626473116,0.00010888130922114889,93549.84760251315
Paktika,186.25,0.23591971590214433,0.00010553938635005866,0.00010553140273765467,93549.84760921348
Paktika,186.5,0.23591971565649789,0.00010229248439534106,0.00010228474640256317,93549.84761570727
Paktika,186.75,0.23591971541842297,9.914566116073385e-05,9.913816121656137e-05,93549.84762200092
Paktika,187.0,0.23591971518768518,9.609581851192606e-05,9.608854927973384e-05,93549.84762810062
Paktika,187.25,0.23591971496405625,9.313993942014025e-05,9.313289379156287e-05,93549.84763401237
Paktika,187.5,0.23591971474731407,9.027508796213246e-05,9.026825905092836e-05,93549.84763974207
Paktika,187.75,0.23591971453724267,8.749840932019233e-05,8.749179045610783e-05,93549.84764529543
Paktika,188.0,0.2359197143336322,8.480712978214293e-05,8.480071450477649e-05,93549.84765067798
Paktika,188.25,0.23591971413627894,8.219855674134095e-05,8.219233879400717e-05,93549.84765589514
Paktika,188.5,0.23591971394498532,7.967007869667654e-05,7.966405202027038e-05,93549.84766095209
Paktika,188.75,0.23591971375955983,7.7219164505658e-05,7.721332323257518e-05,93549.84766585391
Paktika,189.0,0.2359197135798165,7.484335579745902e-05,7.483769424607332e-05,93549.84767060554
Paktika,189.25,0.2359197134055861,7.254041549186504e-05,7.253492814978098e-05,93549.84767521142
Paktika,189.5,0.23591971323670724,7.030821112579254e-05,7.030289264193717e-05,93549.84767967583
Paktika,189.75,0.23591971307302204,6.814465525191611e-05,6.813950043313371e-05,93549.84768400293
Paktika,190.0,0.23591971291437594,6.604770543866849e-05,6.604270924631538e-05,93549.84768819684
Paktika,190.25,0.23591971276061788,6.401536427024053e-05,6.401052181677975e-05,93549.84769226152
Paktika,190.5,0.2359197126116001,6.204567934658127e-05,6.20409858921773e-05,93549.84769620089
Paktika,190.75,0.23591971246717833,6.0136743283397885e-05,6.013219423251136e-05,93549.84770001876
Paktika,191.0,0.23591971232721165,5.8286693712155656e-05,5.828228461013816e-05,93549.84770371886
Paktika,191.25,0.23591971219156257,5.649371328007803e-05,5.648943980976675e-05,93549.84770730483
Paktika,191.5,0.235919712060097,5.47560296501466e-05,5.47518876284591e-05,93549.84771078019
Paktika,191.75,0.23591971193268427,5.30719155011011e-05,5.3067900875630034e-05,93549.84771414842
Paktika,192.0,0.2359197118091971,5.143968852743939e-05,5.1435797373047227e-05,93549.84771741288
Paktika,192.25,0.2359197116895116,4.985771143941749e-05,4.985393995483124e-05,93549.84772057683
Paktika,192.5,0.23591971157350733,4.832439196304956e-05,4.83207364674555e-05,93549.84772364347
Paktika,192.75,0.23591971146106724,4.6838182840107896e-05,4.683463976974631e-05,93549.84772661589
Paktika,193.0,0.23591971135207765,4.539758182812293e-05,4.539414773288283e-05,93549.84772949708
Paktika,193.25,0.23591971124642833,4.4001131700383266e-05,4.3997803240397114e-05,93549.84773228999
Paktika,193.5,0.23591971114401208,4.26474159951837e-05,4.264418993774076e-05,93549.84773499743
Paktika,193.75,0.23591971104472947,4.133511968535098e-05,4.133199289721302e-05,93549.84773762201
Paktika,194.0,0.23591971094849026,4.006305062829195e-05,4.0060020066402464e-05,93549.84774016615
Paktika,194.25,0.23591971085520638,3.883004435684102e-05,3.882710706623247e-05,93549.84774263216
Paktika,194.5,0.23591971076479148,3.763495964697308e-05,3.763211275900871e-05,93549.84774502233
Paktika,194.75,0.235919710677161,3.647667851780343e-05,3.6473919248419085e-05,93549.84774733889
Paktika,195.0,0.23591971059223207,3.535410623158783e-05,3.53514318795338e-05,93549.84774958405
Paktika,195.25,0.23591971050992366,3.42661712937225e-05,3.426357923880532e-05,93549.84775175991
Paktika,195.5,0.23591971043015644,3.321182545274408e-05,3.320931315406838e-05,93549.8477538686
Paktika,195.75,0.2359197103528529,3.2190043700329666e-05,3.218760869454001e-05,93549.84775591217
Paktika,196.0,0.2359197102779372,3.1199824271296804e-05,3.119746417081949e-05,93549.84775789261
Paktika,196.25,0.23591971020533536,3.024018864360347e-05,3.0237901134888364e-05,93549.84775981188
Paktika,196.5,0.2359197101349751,2.9310181538348104e-05,2.930796438011048e-05,93549.84776167189
Paktika,196.75,0.23591971006678586,2.8408870919769567e-05,2.840672194123193e-05,93549.8477634745
Paktika,197.0,0.23591971000069892,2.753534799524719e-05,2.7533265094381097e-05,93549.84776522157
Paktika,197.25,0.2359197099366473,2.668872721530074e-05,2.6686708357068624e-05,93549.8477669148
Paktika,197.5,0.2359197098745657,2.5868146273590415e-05,2.5866189488187432e-05,93549.84776855596
Paktika,197.75,0.23591970981439073,2.5072766106916878e-05,2.507086948801272e-05,93549.84777014672
Paktika,198.0,0.23591970975606058,2.4301770895221217e-05,2.4299932598201944e-05,93549.84777168871
Paktika,198.25,0.23591970969951534,2.3554368061584993e-05,2.355258630179485e-05,93549.84777318352
Paktika,198.5,0.23591970964469677,2.282978798920196e-05,2.2828061040206485e-05,93549.84777463267
Paktika,198.75,0.23591970959154973,2.2127301646287047e-05,2.2125627836797887e-05,93549.84777603764
Paktika,199.0,0.2359197095400263,2.144627619909782e-05,2.144465390569573e-05,93549.8477773997
Paktika,199.25,0.2359197094900808,2.0786107101243307e-05,2.0784534746240235e-05,93549.84777872004
Paktika,199.5,0.23591970944166826,2.0146200717548776e-05,2.0144676768162506e-05,93549.84777999985
Paktika,199.75,0.23591970939474466,1.9525974324055745e-05,1.9524497291584578e-05,93549.8477812403
Paktika,200.0,0.23591970934926668,1.8924856108021978e-05,1.892342454701938e-05,93549.84778244254
Paktika,200.25,0.23591970930519188,1.8342285167921484e-05,1.834089767537076e-05,93549.84778360768
Paktika,200.5,0.2359197092624787,1.7777711513444506e-05,1.7776366727933476e-05,93549.84778473682
Paktika,200.75,0.23591970922108635,1.723059606549755e-05,1.7229292666393193e-05,93549.84778583105
Paktika,201.0,0.23591970918097482,1.6700410656203354e-05,1.669914736282648e-05,93549.84778689143
Paktika,201.25,0.23591970914210503,1.6186638028900906e-05,1.6185413599700822e-05,93549.84778791897
Paktika,201.5,0.23591970910443866,1.5688771838145436e-05,1.5687585069874615e-05,93549.8477889147
Paktika,201.75,0.2359197090679382,1.5206316649708422e-05,1.5205166376597162e-05,93549.84778987961
Paktika,202.0,0.235919709032567,1.4738787940577587e-05,1.4737673033508677e-05,93549.84779081467
Paktika,202.25,0.23591970899828926,1.4285712098956898e-05,1.4284631464640276e-05,93549.84779172082
Paktika,202.5,0.23591970896506995,1.3846626424266567e-05,1.3845579004413991e-05,93549.847792599
Paktika,202.75,0.2359197089328749,1.342107912714305e-05,1.342006389764277e-05,93549.84779345008
Paktika,203.0,0.23591970890167074,1.3008629329439054e-05,1.3007645299530458e-05,93549.84779427499
Paktika,203.25,0.23591970887142497,1.2608847064223521e-05,1.2607893275671815e-05,93549.84779507456
Paktika,203.5,0.23591970884210586,1.2221313275781644e-05,1.2220388802052516e-05,93549.84779584962
Paktika,203.75,0.23591970881368252,1.1845619819614863e-05,1.1844723765049133e-05,93549.84779660101
Paktika,204.0,0.23591970878612492,1.1481369462440856e-05,1.1480500961429161e-05,93549.84779732951
Paktika,204.25,0.2359197087594039,1.1128176507062981e-05,1.1127334723172955e-05,93549.8477980359
Paktika,204.5,0.23591970873349338,1.07856969732842e-05,1.0784881096102136e-05,93549.84779872086
Paktika,204.75,0.23591970870837134,1.0453638954190318e-05,1.0452848195382993e-05,93549.84779938498
Paktika,205.0,0.23591970868401624,1.0131718634015324e-05,1.0130952226718603e-05,93549.84780002882
Paktika,205.25,0.23591970866040698,9.81965667199547e-06,9.81891387047581e-06,93549.84780065293
Paktika,205.5,0.2359197086375228,9.517178202369272e-06,9.51645828168523e-06,93549.8478012579
Paktika,205.75,0.23591970861534317,9.2240128343775e-06,9.223315090041254e-06,93549.84780184423
Paktika,206.0,0.23591970859384803,8.939894652263199e-06,8.939218399902037e-06,93549.84780241246
Paktika,206.25,0.23591970857301758,8.66456221527166e-06,8.66390679028951e-06,93549.84780296312
Paktika,206.5,0.23591970855283237,8.397758557650446e-06,8.397123314889371e-06,93549.84780349674
Paktika,206.75,0.23591970853327332,8.139231188649382e-06,8.138615502051093e-06,93549.84780401379
Paktika,207.0,0.23591970851432165,7.88873209252055e-06,7.888135354787914e-06,93549.8478045148
Paktika,207.25,0.23591970849595895,7.646017728518299e-06,7.645439350776848e-06,93549.84780500022
Paktika,207.5,0.23591970847816712,7.410849030899232e-06,7.410288442358674e-06,93549.84780547055
Paktika,207.75,0.2359197084609284,7.182991408922221e-06,7.182448056537948e-06,93549.84780592627
Paktika,208.0,0.2359197084442254,6.9622147468483975e-06,6.961688094982991e-06,93549.84780636782
Paktika,208.25,0.23591970842804105,6.748293403941154e-06,6.747782934025898e-06,93549.84780679566
Paktika,208.5,0.2359197084123586,6.5410062144661455e-06,6.540511424662535e-06,93549.84780721024
Paktika,208.75,0.23591970839716167,6.34013648769129e-06,6.339656892552536e-06,93549.84780761198
Paktika,209.0,0.2359197083824342,6.145472007886764e-06,6.145007138019307e-06,93549.8478080013
Paktika,209.25,0.23591970836816048,5.956805034325011e-06,5.956354436050026e-06,93549.84780837865
Paktika,209.5,0.23591970835432513,5.773932301280729e-06,5.77349553629564e-06,93549.8478087444
Paktika,209.75,0.2359197083409131,5.596655018030883e-06,5.596231663070866e-06,93549.84780909894
Paktika,210.0,0.2359197083279097,5.424778868854701e-06,5.424368515354193e-06,93549.8478094427
Paktika,210.25,0.23591970831530057,5.258114013033667e-06,5.257716266787882e-06,93549.84780977602
Paktika,210.5,0.23591970830307168,5.0964750848515325e-06,5.096089565677961e-06,93549.84781009931
Paktika,210.75,0.23591970829120962,4.939684734750765e-06,4.939311075882607e-06,93549.84781041289
Paktika,211.0,0.23591970827970407,4.787607153466311e-06,4.787244998409065e-06,93549.84781071704
Paktika,211.25,0.2359197082685461,4.640123575728804e-06,4.639772576971668e-06,93549.847811012
Paktika,211.5,0.23591970825772676,4.497115719388792e-06,4.496775538368301e-06,93549.84781129802
Paktika,211.75,0.23591970824723718,4.358466773810464e-06,4.358137080799176e-06,93549.84781157532
Paktika,212.0,0.23591970823706868,4.224061399871643e-06,4.2237418738668405e-06,93549.84781184413
Paktika,212.25,0.2359197082272126,4.093785729963789e-06,4.0934760585761705e-06,93549.84781210468
Paktika,212.5,0.23591970821766042,3.967527367991998e-06,3.967227247334376e-06,93549.8478123572
Paktika,212.75,0.2359197082084038,3.845175389375005e-06,3.8448845239509945e-06,93549.8478126019
Paktika,213.0,0.23591970819943445,3.7266203410451786e-06,3.726338443637898e-06,93549.84781283901
Paktika,213.25,0.23591970819074418,3.611754241448527e-06,3.611481033009288e-06,93549.84781306874
Paktika,213.5,0.23591970818232494,3.5004705805446924e-06,3.500205790081697e-06,93549.84781329132
Paktika,213.75,0.2359197081741688,3.392664319806957e-06,3.3924076842739917e-06,93549.84781350692
Paktika,214.0,0.2359197081662679,3.2882318922222354e-06,3.287983156407367e-06,93549.8478137158
Paktika,214.25,0.23591970815861452,3.187071202291082e-06,3.186830118705349e-06,93549.84781391811
Paktika,214.5,0.23591970815120106,3.0890816260276876e-06,3.088847954793798e-06,93549.8478141141
Paktika,214.75,0.23591970814402,2.9941640109598787e-06,2.9939375197009012e-06,93549.84781430392
Paktika,215.0,0.23591970813706395,2.9022206761291196e-06,2.902001139857181e-06,93549.84781448782
Paktika,215.25,0.23591970813032567,2.8131554120905093e-06,2.8129426130954904e-06,93549.84781466595
Paktika,215.5,0.23591970812379795,2.726873480912786e-06,2.7266672086510115e-06,93549.8478148385
Paktika,215.75,0.23591970811747376,2.643281616178323e-06,2.6430816671612597e-06,93549.84781500569
Paktika,216.0,0.23591970811134613,2.56228802298313e-06,2.56209420066608e-06,93549.84781516768
Paktika,216.25,0.23591970810540827,2.483802377936854e-06,2.4836144926076516e-06,93549.84781532465
Paktika,216.5,0.2359197080996534,2.4077358291627804e-06,2.407553697830481e-06,93549.84781547678
Paktika,216.75,0.23591970809407495,2.3340009962978268e-06,2.333824442581409e-06,93549.84781562425
Paktika,217.0,0.23591970808866639,2.262511970492552e-06,2.262340824509606e-06,93549.84781576722
Paktika,217.25,0.23591970808342136,2.1931843144111507e-06,2.1930184126665754e-06,93549.84781590589
Paktika,217.5,0.23591970807833357,2.1259350622314507e-06,2.125774247506149e-06,93549.84781604038
Paktika,217.75,0.23591970807339688,2.060682719644921e-06,2.0605268408844946e-06,93549.84781617089
Paktika,218.0,0.23591970806860518,1.9973472638566645e-06,1.9971961760601053e-06,93549.84781629755
Paktika,218.25,0.2359197080639538,1.9358659857069753e-06,1.935719548616721e-06,93549.84781642052
Paktika,218.5,0.23591970805944007,1.876204654584437e-06,1.8760627305319463e-06,93549.84781653984
Paktika,218.75,0.2359197080550609,1.8183216524960763e-06,1.8181841069609438e-06,93549.8478166556
Paktika,219.0,0.23591970805081314,1.762175565178216e-06,1.7620422667727683e-06,93549.8478167679
Paktika,219.25,0.23591970804669365,1.7077252653496184e-06,1.7075960857972071e-06,93549.8478168768
Paktika,219.5,0.2359197080426994,1.6549299127114856e-06,1.6548047268247806e-06,93549.8478169824
Paktika,219.75,0.23591970803882728,1.6037489539474597e-06,1.603627639606742e-06,93549.84781708475
Paktika,220.0,0.23591970803507423,1.5541421227236224e-06,1.5540245608550779e-06,93549.84781718397
Paktika,220.25,0.23591970803143725,1.506069439688495e-06,1.5059555142425073e-06,93549.84781728011
Paktika,220.5,0.23591970802791334,1.4594912124730392e-06,1.4593808104024834e-06,93549.84781737327
Paktika,220.75,0.23591970802449952,1.4143680356906556e-06,1.4142610469291908e-06,93549.84781746351
Paktika,221.0,0.23591970802119283,1.3706607909371853e-06,1.3705571083775487e-06,93549.84781755094
Paktika,221.25,0.2359197080179903,1.328330646790909e-06,1.3282301662632085e-06,93549.84781763559
Paktika,221.5,0.23591970801488907,1.2873390588125468e-06,1.2872416790625545e-06,93549.84781771757
Paktika,221.75,0.2359197080118862,1.247647769545259e-06,1.2475533922127042e-06,93549.84781779695
Paktika,222.0,0.23591970800897882,1.2092188085146458e-06,1.2091273381115088e-06,93549.84781787382
Paktika,222.25,0.23591970800616413,1.1720144922287466e-06,1.171925836117551e-06,93549.84781794822
Paktika,222.5,0.23591970800343923,1.135997424178041e-06,1.1359114925501483e-06,93549.84781802025
Paktika,222.75,0.23591970800080134,1.1011304948354483e-06,1.10104720068935e-06,93549.84781808998
Paktika,223.0,0.23591970799824769,1.0673768816563277e-06,1.0672961407759388e-06,93549.8478181575
Paktika,223.25,0.2359197079957755,1.034700049078478e-06,1.0346217800114305e-06,93549.84781822286
Paktika,223.5,0.23591970799338205,1.0030637485221373e-06,1.0029878725580736e-06,93549.84781828613
Paktika,223.75,0.23591970799106457,9.724320183899849e-07,9.723584595388508e-07,93549.84781834739
Paktika,224.0,0.23591970798882042,9.427691840671383e-07,9.426978690374756e-07,93549.84781840672
Paktika,224.25,0.23591970798664688,9.140398579211556e-07,9.139707160983966e-07,93549.84781846417
Paktika,224.5,0.23591970798454132,8.862089393020348e-07,8.861419027267943e-07,93549.84781851983
Paktika,224.75,0.2359197079825011,8.592416145422128e-07,8.591766178885826e-07,93549.84781857376
Paktika,225.0,0.23591970798052359,8.331033569565677e-07,8.330403375104087e-07,93549.84781862605
Paktika,225.25,0.2359197079786062,8.077599268424154e-07,8.076988244796522e-07,93549.84781867673
Paktika,225.5,0.2359197079767464,7.831773714795144e-07,7.831181286444263e-07,93549.8478187259
Paktika,225.75,0.2359197079749416,7.593220251300596e-07,7.59264586813577e-07,93549.8478187736
Paktika,226.0,0.2359197079731893,7.361605090386887e-07,7.361048227566829e-07,93549.84781881994
Paktika,226.25,0.235919707971487,7.136597314324774e-07,7.136057472040564e-07,93549.84781886493
Paktika,226.5,0.2359197079698322,6.917868875209416e-07,6.917345578467422e-07,93549.84781890867
Paktika,226.75,0.23591970796822267,6.705125463833694e-07,6.704618259903249e-07,93549.84781895122
Paktika,227.0,0.2359197079666584,6.498365284256731e-07,6.497873720541572e-07,93549.84781899257
Paktika,227.25,0.23591970796513892,6.297523350105443e-07,6.297046978924725e-07,93549.84781903274
Paktika,227.5,0.2359197079636634,6.102492029107072e-07,6.102030410921629e-07,93549.84781907174
Paktika,227.75,0.23591970796223102,5.913163130018828e-07,5.91271583347346e-07,93549.84781910961
Paktika,228.0,0.23591970796084097,5.729427902627876e-07,5.728994504593635e-07,93549.84781914637
Paktika,228.25,0.2359197079594924,5.551177037751346e-07,5.55075712336783e-07,93549.84781918202
Paktika,228.5,0.23591970795818448,5.378300667236329e-07,5.377893829953968e-07,93549.8478192166
Paktika,228.75,0.2359197079569164,5.210688363959879e-07,5.21029420558222e-07,93549.8478192501
Paktika,229.0,0.2359197079556873,5.048229141829012e-07,5.047847272555008e-07,93549.8478192826
Paktika,229.25,0.23591970795449635,4.890811455780706e-07,4.890441494247007e-07,93549.84781931409
Paktika,229.5,0.2359197079533427,4.7383232017818984e-07,4.737964775105138e-07,93549.84781934458
Paktika,229.75,0.23591970795222547,4.590651716829491e-07,4.5903044606485756e-07,93549.84781937412
Paktika,230.0,0.23591970795114384,4.4476837789503475e-07,4.4473473374687416e-07,93549.84781940271
Paktika,230.25,0.23591970795009695,4.3093056072012933e-07,4.30897963322931e-07,93549.84781943039
Paktika,230.5,0.2359197079490839,4.175402861669115e-07,4.175087016666203e-07,93549.84781945717
Paktika,230.75,0.23591970794810382,4.0458606434705615e-07,4.045554597587594e-07,93549.84781948307
Paktika,231.0,0.2359197079471559,3.9205634947523437e-07,3.9202669268739076e-07,93549.84781950814
Paktika,231.25,0.23591970794623918,3.799395398691135e-07,3.799107996477816e-07,93549.84781953237
Paktika,231.5,0.23591970794535283,3.68223977949357e-07,3.681961239424242e-07,93549.8478195558
Paktika,231.75,0.23591970794449596,3.568979502396245e-07,3.5687095298103605e-07,93549.84781957846
Paktika,232.0,0.23591970794366765,3.4594968736657196e-07,3.459235182805595e-07,93549.84781960034
Paktika,232.25,0.23591970794286704,3.353673640598513e-07,3.3534199546516193e-07,93549.84781962151
Paktika,232.5,0.23591970794209322,3.251390991521109e-07,3.251145042662355e-07,93549.84781964197
Paktika,232.75,0.23591970794134529,3.152529555789952e-07,3.15229108522398e-07,93549.84781966174
Paktika,233.0,0.2359197079406223,3.0569694037914466e-07,3.0567381617949135e-07,93549.84781968086
Paktika,233.25,0.2359197079399234,2.964590046941965e-07,2.9643657929058323e-07,93549.84781969932
Paktika,233.5,0.23591970793924766,2.875270437687833e-07,2.8750529401596613e-07,93549.8478197172
Paktika,233.75,0.23591970793859413,2.788888969505346e-07,2.7886780062315724e-07,93549.84781973447
Paktika,234.0,0.2359197079379619,2.705323476900757e-07,2.7051188348689906e-07,93549.84781975119
Paktika,234.25,0.23591970793735006,2.624451235410283e-07,2.624252710891592e-07,93549.84781976735
Paktika,234.5,0.23591970793675768,2.5461489616001e-07,2.545956360191298e-07,93549.84781978301
Paktika,234.75,0.23591970793618378,2.470292813066351e-07,2.4701059497322855e-07,93549.84781979819
Paktika,235.0,0.23591970793562744,2.3967583884351345e-07,2.396577087550976e-07,93549.8478198129
Paktika,235.25,0.23591970793508774,2.3254207273625161e-07,2.325244822756048e-07,93549.84781982716
Paktika,235.5,0.23591970793456368,2.2561543105345225e-07,2.2559836455284231e-07,93549.84781984102
Paktika,235.75,0.23591970793405437,2.1888330596671392e-07,2.188667487121277e-07,93549.84781985448
Paktika,236.0,0.2359197079335588,2.123330337506319e-07,2.123169719860036e-07,93549.84781986757
Paktika,236.25,0.23591970793307604,2.0595189478279704e-07,2.0593631571423722e-07,93549.84781988035
Paktika,236.5,0.23591970793260508,1.997271135437968e-07,1.9971200534382137e-07,93549.84781989279
Paktika,236.75,0.235919707932145,1.9364585861721475e-07,1.9363121042897334e-07,93549.84781990496
Paktika,237.0,0.235919707931695,1.8769744183411522e-07,1.8768324360926186e-07,93549.84781991685
Paktika,237.25,0.23591970793125602,1.8189509361043057e-07,1.8188133429976793e-07,93549.84781992844
Paktika,237.5,0.2359197079308284,1.7624290170202113e-07,1.7622956994711813e-07,93549.84781993975
Paktika,237.75,0.23591970793041206,1.7073981001788706e-07,1.70726894540195e-07,93549.84781995077
Paktika,238.0,0.2359197079300069,1.6538467578641697e-07,1.6537216539382656e-07,93549.84781996148
Paktika,238.25,0.23591970792961287,1.6017626955538784e-07,1.601641531487864e-07,93549.84781997188
Paktika,238.5,0.2359197079292298,1.5511327519196502e-07,1.5510154177179356e-07,93549.84781998201
Paktika,238.75,0.23591970792885766,1.5019428988270232e-07,1.501829285555127e-07,93549.84781999185
Paktika,239.0,0.23591970792849631,1.4541782413354187e-07,1.454068241185539e-07,93549.8478200014
Paktika,239.25,0.2359197079281456,1.407823017698142e-07,1.4077165240547284e-07,93549.84782001068
Paktika,239.5,0.23591970792780542,1.3628605993623823e-07,1.3627575068677062e-07,93549.84782001967
Paktika,239.75,0.23591970792747569,1.3192734909692133e-07,1.3191736955889398e-07,93549.84782002839
Paktika,240.0,0.2359197079271562,1.277043330353592e-07,1.2769467294423507e-07,93549.84782003683
Paktika,240.25,0.2359197079268468,1.2361508885443598e-07,1.2360573809113164e-07,93549.847820045
Paktika,240.5,0.2359197079265474,1.1965760697642414e-07,1.1964855557386693e-07,93549.84782005292
Paktika,240.75,0.2359197079262578,1.1582979114298458e-07,1.158210292926697e-07,93549.84782006058
Paktika,241.0,0.23591970792597786,1.1212945841516657e-07,1.1212097647371422e-07,93549.84782006798
Paktika,241.25,0.23591970792570738,1.0855433917340781e-07,1.0854612766912026e-07,93549.84782007513
Paktika,241.5,0.2359197079254462,1.0510207711753434e-07,1.0509412675695316e-07,93549.84782008204
Paktika,241.75,0.23591970792519412,1.0177022926676064e-07,1.0176253094122378e-07,93549.8478200887
Paktika,242.0,0.23591970792495096,9.855626595968954e-08,9.854881075188843e-08,93549.84782009512
Paktika,242.25,0.23591970792471653,9.54575708543123e-08,9.5450350044849e-08,93549.84782010132
Paktika,242.5,0.2359197079244906,9.247144092800857e-08,9.246444600195292e-08,93549.8478201073
Paktika,242.75,0.235919707924273,8.959508647754631e-08,8.958830913099304e-08,93549.84782011305
Paktika,243.0,0.23591970792406347,8.682563111908199e-08,8.681906326570785e-08,93549.8478201186
Paktika,243.25,0.2359197079238618,8.416011178816041e-08,8.415374556578124e-08,93549.84782012392
Paktika,243.5,0.2359197079236678,8.159547873971472e-08,8.158930651684275e-08,93549.84782012904
Paktika,243.75,0.23591970792348116,7.912859554806655e-08,7.912260993046736e-08,93549.84782013397
Paktika,244.0,0.23591970792330166,7.675623910692589e-08,7.675043294417553e-08,93549.84782013873
Paktika,244.25,0.23591970792312908,7.447509962939103e-08,7.446946602143331e-08,93549.84782014329
Paktika,244.5,0.23591970792296316,7.228178064794885e-08,7.227631295165227e-08,93549.84782014768
Paktika,244.75,0.2359197079228036,7.017279901447443e-08,7.016749085018944e-08,93549.84782015189
Paktika,245.0,0.23591970792265016,6.814458490023133e-08,6.813943015834749e-08,93549.84782015595
Paktika,245.25,0.23591970792250253,6.619348179587146e-08,6.61884746433745e-08,93549.84782015985
Paktika,245.5,0.23591970792236047,6.431574651143517e-08,6.431088139846401e-08,93549.8478201636
Paktika,245.75,0.23591970792222366,6.25075491763512e-08,6.250282084275524e-08,93549.84782016723
Paktika,246.0,0.23591970792209183,6.076497323943661e-08,6.076037672133284e-08,93549.8478201707
Paktika,246.25,0.23591970792196468,5.9084015468896955e-08,5.907954610522705e-08,93549.84782017407
Paktika,246.5,0.23591970792184183,5.746058595232607e-08,5.745623939141348e-08,93549.84782017733
Paktika,246.75,0.23591970792172307,5.5890508096706303e-08,5.5886280302813417e-08,93549.84782018045
Paktika,247.0,0.235919707921608,5.436951862840824e-08,5.4365405888293574e-08,93549.8478201835
Paktika,247.25,0.2359197079214963,5.2893267593191055e-08,5.2889266522666236e-08,93549.84782018645
Paktika,247.5,0.23591970792138767,5.145731835620213e-08,5.14534259066892e-08,93549.84782018933
Paktika,247.75,0.23591970792128172,5.005714760197725e-08,5.0053361067065704e-08,93549.84782019212
Paktika,248.0,0.23591970792117817,4.868814533444081e-08,4.868446235644464e-08,93549.84782019486
Paktika,248.25,0.23591970792107658,4.734561487690537e-08,4.734203345342035e-08,93549.84782019755
Paktika,248.5,0.23591970792097666,4.6024772872071887e-08,4.60212913625326e-08,93549.84782020019
Paktika,248.75,0.235919707920878,4.47207492820299e-08,4.471736641426687e-08,93549.84782020279
Paktika,249.0,0.23591970792078024,4.342858738825708e-08,4.342530226505407e-08,93549.84782020538
Paktika,249.25,0.235919707920683,4.2143243791619725e-08,4.214005589727049e-08,93549.84782020796
Paktika,249.5,0.23591970792058592,4.085998427868738e-08,4.085689345560811e-08,93549.84782021052
Paktika,249.75,0.23591970792048989,3.959081513040214e-08,3.9587820312810934e-08,93549.84782021305
Paktika,250.0,0.23591970792039557,3.834407524362746e-08,3.834117473494784e-08,93549.84782021555
Paktika,250.25,0.235919707920303,3.712053695053195e-08,3.7117728995756224e-08,93549.847820218
Paktika,250.5,0.23591970792021225,3.5920925311403405e-08,3.591820810066882e-08,93549.8478202204
Paktika,250.75,0.23591970792012334,3.4745918114648734e-08,3.4743289786813674e-08,93549.84782022274
Paktika,251.0,0.23591970792003636,3.359614587679403e-08,3.359360452301418e-08,93549.84782022504
Paktika,251.25,0.23591970791995132,3.247219184248449e-08,3.246973550978904e-08,93549.8478202273
Paktika,251.5,0.23591970791986827,3.1374591984484504e-08,3.137221867935229e-08,93549.84782022948
Paktika,251.75,0.23591970791978728,3.030383500367758e-08,3.030154269561328e-08,93549.84782023163
Paktika,252.0,0.23591970791970832,2.9260362329066405e-08,2.9258148954176703e-08,93549.84782023371
Paktika,252.25,0.2359197079196315,2.8244568117772785e-08,2.8242431582342573e-08,93549.84782023575
Paktika,252.5,0.23591970791955674,2.7256799255037692e-08,2.7254737439106228e-08,93549.84782023772
Paktika,252.75,0.23591970791948416,2.6297355354221245e-08,2.6295366115158327e-08,93549.84782023964
Paktika,253.0,0.23591970791941375,2.5366488756802713e-08,2.5364569932884866e-08,93549.8478202415
Paktika,253.25,0.2359197079193455,2.4464404532380513e-08,2.4462553946367156e-08,93549.8478202433
Paktika,253.5,0.23591970791927944,2.3591260478672205e-08,2.3589475941381842e-08,93549.84782024505
Paktika,253.75,0.23591970791921557,2.2747167121514515e-08,2.27454464354009e-08,93549.84782024674
Paktika,254.0,0.2359197079191539,2.19321877148633e-08,2.193052867759161e-08,93549.84782024837
Paktika,254.25,0.23591970791909445,2.114633824079357e-08,2.114473864881661e-08,93549.84782024994
Paktika,254.5,0.2359197079190372,2.0389587409499498e-08,2.0388045061633844e-08,93549.84782025145
Paktika,254.75,0.23591970791898215,1.9661856659294382e-08,1.9660369360296572e-08,93549.84782025291
Paktika,255.0,0.23591970791892927,1.89630201566107e-08,1.8961585720753406e-08,93549.8478202543
Paktika,255.25,0.2359197079188786,1.8292904796000056e-08,1.8291521050648278e-08,93549.84782025564
Paktika,255.5,0.23591970791883005,1.7651290200133203e-08,1.7649954989320425e-08,93549.84782025694
Paktika,255.75,0.23591970791878364,1.703790871980007e-08,1.7036619907804444e-08,93549.84782025816
Paktika,256.0,0.23591970791873934,1.6452445433909687e-08,1.6451200908830212e-08,93549.84782025933
Paktika,256.25,0.23591970791869712,1.5894538149490283e-08,1.5893335826822992e-08,93549.84782026045
Paktika,256.5,0.23591970791865696,1.5363777401689215e-08,1.536261522790332e-08,93549.84782026151
Paktika,256.75,0.23591970791861883,1.4859706453772971e-08,1.4858582409887082e-08,93549.84782026251
Paktika,257.0,0.2359197079185827,1.4381821297127232e-08,1.43807334022855e-08,93549.84782026347
Paktika,257.25,0.23591970791854847,1.3929570651256781e-08,1.3928516966305089e-08,93549.84782026437
Paktika,257.5,0.23591970791851616,1.3502355963785588e-08,1.3501334594847724e-08,93549.84782026523
Paktika,257.75,0.23591970791848568,1.3099531410456748e-08,1.3098540512510592e-08,93549.84782026603
Paktika,258.0,0.23591970791845698,1.2720403895132517e-08,1.271944167558621e-08,93549.84782026679
Paktika,258.25,0.23591970791843003,1.2364233049794287e-08,1.236329777206242e-08,93549.8478202675
Paktika,258.5,0.23591970791840478,1.2030231234542632e-08,1.202932122162237e-08,93549.84782026817
Paktika,258.75,0.23591970791838113,1.171756353759723e-08,1.1716677175644568e-08,93549.8478202688
Paktika,259.0,0.235919707918359,1.1425347775296939e-08,1.1424483517202836e-08,93549.84782026938
Paktika,259.25,0.23591970791833838,1.1152654492099755e-08,1.1151810861066316e-08,93549.84782026993
Paktika,259.5,0.23591970791831915,1.0898506960582834e-08,1.0897682553699476e-08,93549.84782027044
Paktika,259.75,0.23591970791830125,1.0661881181442476e-08,1.0661074673262096e-08,93549.84782027091
Paktika,260.0,0.2359197079182846,1.0441705883494106e-08,1.044091602960934e-08,93549.84782027134
Paktika,260.25,0.2359197079182691,1.0236862523672353e-08,1.023608816429163e-08,93549.84782027177
Paktika,260.5,0.23591970791825467,1.0046185287030924e-08,1.0045425350554751e-08,93549.84782027215
Paktika,260.75,0.2359197079182412,9.868461086742742e-09,9.867714593339791e-09,93549.8478202725
Paktika,261.0,0.23591970791822867,9.702429564099833e-09,9.701695629283205e-09,93549.84782027283
Paktika,261.25,0.2359197079182169,9.54678308851342e-09,9.546060926716729e-09,93549.84782027313
Paktika,261.5,0.2359197079182058,9.400166757513825e-09,9.399455685667427e-09,93549.84782027344
Paktika,261.75,0.23591970791819528,9.26117839675052e-09,9.260477837857736e-09,93549.84782027372
Paktika,262.0,0.23591970791818523,9.128368559992175e-09,9.127678046705387e-09,93549.84782027398
Paktika,262.25,0.23591970791817554,9.000240529126571e-09,8.999559707323415e-09,93549.84782027424
Paktika,262.5,0.23591970791816608,8.875250314160654e-09,8.874578946520232e-09,93549.84782027449
Paktika,262.75,0.23591970791815675,8.751806653220509e-09,8.75114462279956e-09,93549.84782027474
Paktika,263.0,0.2359197079181474,8.628271012551347e-09,8.627618326360379e-09,93549.84782027498
Paktika,263.25,0.2359197079181379,8.502957586517598e-09,8.502314379097106e-09,93549.84782027523
Paktika,263.5,0.23591970791812816,8.374133297602788e-09,8.373499834599412e-09,93549.84782027549
Paktika,263.75,0.23591970791811803,8.240017796409588e-09,8.23939447815232e-09,93549.84782027575
Paktika,264.0,0.23591970791810735,8.098783461659842e-09,8.09817082673617e-09,93549.84782027603
Paktika,264.25,0.23591970791809597,7.948555400194528e-09,7.947954129026621e-09,93549.84782027634
Paktika,264.5,0.23591970791808378,7.787411446973785e-09,7.786822365394686e-09,93549.84782027666
Paktika,264.75,0.23591970791807063,7.61338216507688e-09,7.612806247906666e-09,93549.847820277
Paktika,265.0,0.23591970791805633,7.424450845702277e-09,7.423889220324223e-09,93549.84782027738
Paktika,265.25,0.23591970791804073,7.218553508167537e-09,7.218007458104347e-09,93549.84782027779
Paktika,265.5,0.23591970791802397,6.996704979527187e-09,6.996175711685127e-09,93549.84782027824
Paktika,265.75,0.23591970791800687,6.770710393708324e-09,6.770198222538417e-09,93549.8478202787
Paktika,266.0,0.2359197079179896,6.542490618203037e-09,6.541995712836636e-09,93549.84782027914
Paktika,266.25,0.2359197079179722,6.312655747185623e-09,6.312178230526346e-09,93549.84782027961
Paktika,266.5,0.23591970791795475,6.081797043676747e-09,6.081336993827177e-09,93549.84782028006
Paktika,266.75,0.23591970791793723,5.8504869395434345e-09,5.850044391231825e-09,93549.84782028053
Paktika,267.0,0.23591970791791975,5.6192790354990815e-09,5.618853981506054e-09,93549.847820281
Paktika,267.25,0.23591970791790232,5.388708101103447e-09,5.388300493688698e-09,93549.84782028146
Paktika,267.5,0.23591970791788494,5.159290074762658e-09,5.158899827091655e-09,93549.84782028191
Paktika,267.75,0.23591970791786773,4.9315220637292044e-09,4.931149051299895e-09,93549.84782028236
Paktika,268.0,0.23591970791785064,4.705882344101943e-09,4.705526406171452e-09,93549.84782028281
Paktika,268.25,0.2359197079178338,4.482830360826099e-09,4.482491301837431e-09,93549.84782028326
Paktika,268.5,0.23591970791781713,4.26280672769326e-09,4.262484318702001e-09,93549.8478202837
Paktika,268.75,0.23591970791780073,4.046233227341379e-09,4.045927207442403e-09,93549.84782028414
Paktika,269.0,0.23591970791778466,3.833512811254778e-09,3.833222889008942e-09,93549.84782028456
Paktika,269.25,0.23591970791776887,3.6250295997641445e-09,3.6247554546249922e-09,93549.84782028498
Paktika,269.5,0.23591970791775346,3.421148882046527e-09,3.420890165786996e-09,93549.84782028539
Paktika,269.75,0.2359197079177384,3.2222171161253446e-09,3.221973454264464e-09,93549.84782028578
Paktika,270.0,0.23591970791772374,3.0285619288703813e-09,3.0283329220999723e-09,93549.84782028617
Paktika,270.25,0.23591970791770953,2.8404921159977845e-09,2.8402773416091667e-09,93549.84782028655
Paktika,270.5,0.23591970791769573,2.6582976420700712e-09,2.658096655380762e-09,93549.84782028692
Paktika,270.75,0.2359197079176824,2.4822496404961204e-09,2.4820619762765364e-09,93549.84782028726
Paktika,271.0,0.23591970791766959,2.3126004135311782e-09,2.3124255874313383e-09,93549.8478202876
Paktika,271.25,0.23591970791765726,2.1495834322768586e-09,2.1494209422530856e-09,93549.84782028793
Paktika,271.5,0.23591970791764544,1.9934133366811376e-09,1.993262664422762e-09,93549.84782028824
Paktika,271.75,0.23591970791763414,1.84428593553836e-09,1.8441465478944186e-09,93549.84782028855
Paktika,272.0,0.23591970791762343,1.7023782064892343e-09,1.7022495568951752e-09,93549.84782028882
Paktika,272.25,0.23591970791761324,1.567848296020837e-09,1.5677298259252188e-09,93549.8478202891
Paktika,272.5,0.23591970791760364,1.4408355194666096e-09,1.440726659757803e-09,93549.84782028935
Paktika,272.75,0.2359197079175946,1.3214603610063554e-09,1.3213605334392534e-09,93549.8478202896
Paktika,273.0,0.23591970791758615,1.209824473666252e-09,1.2097330922889585e-09,93549.84782028981
Paktika,273.25,0.2359197079175783,1.1060106793188322e-09,1.1059271518993755e-09,93549.84782029002
Paktika,273.5,0.23591970791757105,1.0100829686830045e-09,1.010006698136033e-09,93549.8478202902
Paktika,273.75,0.2359197079175644,9.220865013240368e-10,9.220168871375205e-10,93549.84782029038
Paktika,274.0,0.23591970791755834,8.420476056535641e-10,8.41984045315505e-10,93549.84782029054
Paktika,274.25,0.23591970791755287,7.699737789295884e-10,7.69915669354712e-10,93549.84782029068
Paktika,274.5,0.23591970791754802,7.058536872564765e-10,7.058004262129383e-10,93549.84782029082
Paktika,274.75,0.23591970791754377,6.496571655849611e-10,6.496081531210476e-10,93549.84782029093
Paktika,275.0,0.2359197079175401,6.01335217712143e-10,6.012898575829769e-10,93549.84782029102
Paktika,275.25,0.23591970791753705,5.608200162814834e-10,5.607777173757207e-10,93549.8478202911
Paktika,275.5,0.23591970791753458,5.280249027828154e-10,5.279850805493492e-10,93549.84782029118
Paktika,275.75,0.23591970791753267,5.028443875523318e-10,5.028064654270019e-10,93549.84782029122
Paktika,276.0,0.23591970791753133,4.851541497725942e-10,4.85117560604875e-10,93549.84782029125
Paktika,276.25,0.23591970791753056,4.748110374725335e-10,4.747752249522419e-10,93549.84782029128
Paktika,276.5,0.2359197079175303,4.716530675274413e-10,4.716174876114439e-10,93549.84782029128
Paktika,276.75,0.23591970791753059,4.754994256589768e-10,4.754635479978852e-10,93549.84782029128
Paktika,277.0,0.2359197079175314,4.861504664351632e-10,4.861137758000396e-10,93549.84782029125
Paktika,277.25,0.2359197079175327,5.03387713270394e-10,5.033497109794531e-10,93549.84782029122
Paktika,277.5,0.2359197079175345,5.269738584254238e-10,5.269340637707283e-10,93549.84782029118
Paktika,277.75,0.23591970791753675,5.566527630073711e-10,5.566107146815505e-10,93549.84782029112
Paktika,278.0,0.2359197079175394,5.921494569697313e-10,5.921047144926617e-10,93549.84782029105
Paktika,278.25,0.23591970791754252,6.331701391123504e-10,6.331222842578744e-10,93549.84782029096
Paktika,278.5,0.23591970791754602,6.794021770814538e-10,6.793508153040672e-10,93549.84782029087
Paktika,278.75,0.2359197079175499,7.305141073696191e-10,7.304588692311903e-10,93549.84782029077
Paktika,279.0,0.2359197079175541,7.861556353158099e-10,7.860961779122623e-10,93549.84782029066
Paktika,279.25,0.23591970791755862,8.459576351053271e-10,8.458936434933632e-10,93549.84782029054
Paktika,279.5,0.23591970791756342,9.095321497698619e-10,9.09463338393649e-10,93549.84782029041
Paktika,279.75,0.2359197079175685,9.764723911874618e-10,9.763985053053342e-10,93549.84782029028
Paktika,280.0,0.23591970791757377,1.0463527400825444e-09,1.046273557193713e-09,93549.84782029013
Paktika,280.25,0.23591970791757927,1.1187287460258847e-09,1.1186440772971337e-09,93549.84782028999
Paktika,280.5,0.2359197079175849,1.1931371274346215e-09,1.1930468191270168e-09,93549.84782028984
Paktika,280.75,0.23591970791759065,1.2690957715722818e-09,1.268999706467862e-09,93549.8478202897
Paktika,281.0,0.23591970791759645,1.3461037345487229e-09,1.3460018333772198e-09,93549.84782028953
Paktika,281.25,0.23591970791760233,1.42364124132021e-09,1.4235334641857184e-09,93549.84782028937
Paktika,281.5,0.2359197079176082,1.501169685689337e-09,1.5010560334970554e-09,93549.84782028923
Paktika,281.75,0.23591970791761402,1.5781316303050744e-09,1.5780121461879827e-09,93549.84782028907
Paktika,282.0,0.23591970791761976,1.6539508066627789e-09,1.653825577408336e-09,93549.84782028892
Paktika,282.25,0.23591970791762537,1.7280321151041386e-09,1.7279012725810122e-09,93549.84782028878
Paktika,282.5,0.23591970791763078,1.7997616248172412e-09,1.799625347401978e-09,93549.84782028863
Paktika,282.75,0.23591970791763597,1.868506573836507e-09,1.8683650878402576e-09,93549.84782028849
Paktika,283.0,0.23591970791764091,1.9336153690427507e-09,1.933468950137956e-09,93549.84782028836
Paktika,283.25,0.23591970791764552,1.9944175861631364e-09,1.9942665608102424e-09,93549.84782028824
Paktika,283.5,0.23591970791764974,2.0502239697712077e-09,2.0500687166453494e-09,93549.84782028812
Paktika,283.75,0.23591970791765352,2.1003264332868517e-09,2.1001673847045853e-09,93549.84782028802
Paktika,284.0,0.23591970791765682,2.143998058976346e-09,2.143835702322317e-09,93549.84782028793
Paktika,284.25,0.2359197079176596,2.1804930979523156e-09,2.1803279771059806e-09,93549.84782028786
Paktika,284.5,0.23591970791766176,2.2090469701737607e-09,2.2088796869360833e-09,93549.84782028782
Paktika,284.75,0.23591970791766326,2.228876264446045e-09,2.2287074799662124e-09,93549.84782028777
Paktika,285.0,0.23591970791766403,2.2391787384208893e-09,2.2390091746229904e-09,93549.84782028774
Paktika,285.25,0.23591970791766403,2.2391333185963988e-09,2.2389637596061314e-09,93549.84782028774
Paktika,285.5,0.23591970791766317,2.22790010031703e-09,2.2277313938884262e-09,93549.84782028777
Paktika,285.75,0.23591970791766143,2.2046203477736205e-09,2.2044534067157065e-09,93549.84782028782
Paktika,286.0,0.23591970791765868,2.1684164940033413e-09,2.1682522976068914e-09,93549.84782028789
Paktika,286.25,0.2359197079176549,2.1183921408897657e-09,2.11823173635396e-09,93549.84782028799
Paktika,286.5,0.23591970791765005,2.054312688036459e-09,2.054157148559484e-09,93549.84782028811
Paktika,286.75,0.23591970791764444,1.9804346781996163e-09,1.9802848086203643e-09,93549.84782028827
Paktika,287.0,0.23591970791763822,1.898184511374612e-09,1.898041014389795e-09,93549.84782028843
Paktika,287.25,0.23591970791763142,1.8081827788376473e-09,1.8080463054372877e-09,93549.8478202886
Paktika,287.5,0.23591970791762407,1.7110372766301888e-09,1.71090842716542e-09,93549.8478202888
Paktika,287.75,0.2359197079176162,1.6073430055589694e-09,1.6072223308098342e-09,93549.84782028901
Paktika,288.0,0.23591970791760794,1.4976821711959877e-09,1.4975701734392387e-09,93549.84782028923
Paktika,288.25,0.23591970791759923,1.3826241838785076e-09,1.3825213179554062e-09,93549.84782028946
Paktika,288.5,0.23591970791759015,1.2627256587090595e-09,1.262632333093176e-09,93549.8478202897
Paktika,288.75,0.23591970791758077,1.138530415555439e-09,1.1384469934204524e-09,93549.84782028994
Paktika,289.0,0.23591970791757108,1.0105694790507074e-09,1.0104962793382054e-09,93549.8478202902
Paktika,289.25,0.23591970791756114,8.793610785931928e-10,8.792983770804702e-10,93549.84782029047
Paktika,289.5,0.235919707917551,7.454106483464875e-10,7.453586787143472e-10,93549.84782029073
Paktika,289.75,0.23591970791754072,6.092108272394505e-10,6.091697821400024e-10,93549.847820291
Paktika,290.0,0.23591970791753028,4.712414589662073e-10,4.712114910906675e-10,93549.84782029128
Paktika,290.25,0.23591970791751973,3.3196959198614696e-10,3.3195081513263974e-10,93549.84782029156
Paktika,290.5,0.23591970791750913,1.9184947952392661e-10,1.918419696652817e-10,93549.84782029183
Paktika,290.75,0.2359197079174985,5.13225795694679e-11,5.1326375921020686e-11,93549.84782029213
Paktika,291.0,0.23591970791748787,-8.918244512204133e-11,-8.916733903464978e-11,93549.8478202924
Paktika,291.25,0.23591970791747727,-2.2924972703014744e-10,-2.2922334230317e-10,93549.84782029268
Paktika,291.5,0.23591970791746675,-3.6847619386913084e-10,-3.6843859515291806e-10,93549.84782029295
Paktika,291.75,0.2359197079174563,-5.064715685880076e-10,-5.064228530192019e-10,93549.84782029323
Paktika,292.0,0.235919707917446,-6.428583693705263e-10,-6.427986655042671e-10,93549.84782029351
Paktika,292.25,0.23591970791743583,-7.772719096351701e-10,-7.772013763772952e-10,93549.84782029378
Paktika,292.5,0.2359197079174258,-9.093602980351569e-10,-9.092791235743961e-10,93549.84782029405
Paktika,292.75,0.23591970791741604,-1.0387844384584393e-09,-1.0386928391986217e-09,93549.8478202943
Paktika,293.0,0.23591970791740646,-1.1652180300277018e-09,-1.1651162495199538e-09,93549.84782029456
Paktika,293.25,0.23591970791739714,-1.2883475671003644e-09,-1.2882358749753112e-09,93549.8478202948
Paktika,293.5,0.23591970791738812,-1.4078723392685838e-09,-1.4077510301685447e-09,93549.84782029504
Paktika,293.75,0.23591970791737935,-1.5235044313592485e-09,-1.5233738238704421e-09,93549.84782029527
Paktika,294.0,0.23591970791737094,-1.6349687234339802e-09,-1.6348291590187241e-09,93549.84782029549
Paktika,294.25,0.23591970791736283,-1.7420028907891355e-09,-1.7418547327180463e-09,93549.8478202957
Paktika,294.5,0.2359197079173551,-1.8443574039558106e-09,-1.8442010362400013e-09,93549.84782029591
Paktika,294.75,0.2359197079173477,-1.9417955286998232e-09,-1.9416313550231122e-09,93549.84782029611
Paktika,295.0,0.23591970791734074,-2.0340933260217415e-09,-2.033921768672839e-09,93549.84782029629
Paktika,295.25,0.23591970791733416,-2.1210396521568534e-09,-2.120861150961576e-09,93549.84782029646
Paktika,295.5,0.235919707917328,-2.202436158575191e-09,-2.202251169828652e-09,93549.84782029662
Paktika,295.75,0.23591970791732228,-2.278097291981515e-09,-2.277906287380328e-09,93549.84782029678
Paktika,296.0,0.23591970791731698,-2.347850294315322e-09,-2.3476537598898055e-09,93549.84782029691
Paktika,296.25,0.23591970791731218,-2.411535202750844e-09,-2.4113336377972146e-09,93549.84782029704
Paktika,296.5,0.23591970791730782,-2.469004849697048e-09,-2.468798765709623e-09,93549.84782029716
Paktika,296.75,0.23591970791730396,-2.520124862797631e-09,-2.519914782401034e-09,93549.84782029726
Paktika,297.0,0.23591970791730058,-2.5647736649310277e-09,-2.564560120812381e-09,93549.84782029735
Paktika,297.25,0.2359197079172977,-2.602842474210404e-09,-2.602626008051532e-09,93549.84782029742
Paktika,297.5,0.23591970791729533,-2.634235303983665e-09,-2.6340164653932994e-09,93549.8478202975
Paktika,297.75,0.23591970791729347,-2.658868962833447e-09,-2.6586483082794166e-09,93549.84782029754
Paktika,298.0,0.2359197079172921,-2.6766730545771185e-09,-2.676451146318561e-09,93549.84782029758
Paktika,298.25,0.23591970791729128,-2.6875899782667854e-09,-2.6873673832863417e-09,93549.8478202976
Paktika,298.5,0.235919707917291,-2.691574928189289e-09,-2.6913522171252994e-09,93549.84782029761
Paktika,298.75,0.23591970791729122,-2.6885958938662005e-09,-2.6883736399449155e-09,93549.8478202976
Paktika,299.0,0.23591970791729197,-2.6786336600538263e-09,-2.6784124380215984e-09,93549.84782029758
Paktika,299.25,0.23591970791729325,-2.66168180674321e-09,-2.6614621917986977e-09,93549.84782029755
Paktika,299.5,0.23591970791729505,-2.6377467091601267e-09,-2.637529275886497e-09,93549.8478202975
Paktika,299.75,0.23591970791729738,-2.606847537765089e-09,-2.606632859062207e-09,93549.84782029744
Paktika,300.0,0.23591970791730027,-2.5690162582533384e-09,-2.5688049042699845e-09,93549.84782029736
Paktika,300.25,0.23591970791730363,-2.524297631554853e-09,-2.524090168620913e-09,93549.84782029728
Paktika,300.5,0.23591970791730754,-2.472749213834352e-09,-2.4725462033930106e-09,93549.84782029717
Paktika,300.75,0.23591970791731195,-2.4144413564912753e-09,-2.4142433540312332e-09,93549.84782029706
Paktika,301.0,0.23591970791731687,-2.349457206159804e-09,-2.3492647601474647e-09,93549.84782029693
Paktika,301.25,0.23591970791732228,-2.2778927047088633e-09,-2.2777063555205352e-09,93549.84782029678
Paktika,301.5,0.2359197079173282,-2.1998565892420914e-09,-2.1996768680962024e-09,93549.84782029662
Paktika,301.75,0.23591970791733458,-2.1154703920978804e-09,-2.1152978199871528e-09,93549.84782029645
Paktika,302.0,0.23591970791734143,-2.0248684408493444e-09,-2.0247035274730237e-09,93549.84782029627
Paktika,302.25,0.23591970791734873,-1.9281978583043393e-09,-1.9280411010003656e-09,93549.84782029608
Paktika,302.5,0.2359197079173565,-1.8256185625054481e-09,-1.8254704451826854e-09,93549.84782029588
Paktika,302.75,0.2359197079173647,-1.7173032667299972e-09,-1.717164258800406e-09,93549.84782029566
Paktika,303.0,0.23591970791737332,-1.6034374794900307e-09,-1.603308034800893e-09,93549.84782029543
Paktika,303.25,0.23591970791738234,-1.4842195045323533e-09,-1.4841000602984523e-09,93549.8478202952
Paktika,303.5,0.23591970791739172,-1.3598604408384755e-09,-1.3597514165743106e-09,93549.84782029495
Paktika,303.75,0.23591970791740152,-1.230584182624662e-09,-1.2304859790766446e-09,93549.84782029469
Paktika,304.0,0.23591970791741165,-1.0966274193419098e-09,-1.0965404174205562e-09,93549.84782029441
Paktika,304.25,0.23591970791742212,-9.582396356759314e-10,-9.58164195388083e-10,93549.84782029413
Paktika,304.5,0.2359197079174329,-8.156831115471981e-10,-8.156195709281985e-10,93549.84782029386
Paktika,304.75,0.235919707917444,-6.692329221108983e-10,-6.691815961567973e-10,93549.84782029357
Paktika,305.0,0.23591970791745534,-5.191769377569723e-10,-5.19138117356745e-10,93549.84782029326
Paktika,305.25,0.23591970791746694,-3.6581582411006926e-10,-3.6578977497780195e-10,93549.84782029295
Paktika,305.5,0.23591970791747877,-2.0946304202960397e-10,-2.094500036366817e-10,93549.84782029263
Paktika,305.75,0.2359197079174908,-5.0444847609686236e-11,-5.044503211702935e-11,93549.84782029233
Paktika,306.0,0.235919707917503,1.1089970782081196e-10,1.1088611663057521e-10,93549.847820292
Paktika,306.25,0.23591970791751538,2.7421877769827343e-10,2.7419162548860686e-10,93549.84782029167
Paktika,306.5,0.23591970791752784,4.391477202243794e-10,4.391068831726321e-10,93549.84782029134
Paktika,306.75,0.2359197079175404,6.053090983660569e-10,6.052544842312617e-10,93549.847820291
Paktika,307.0,0.23591970791755304,7.723126798555072e-10,7.722442290461752e-10,93549.84782029068
Paktika,307.25,0.23591970791756572,9.397554371901835e-10,9.396731238321189e-10,93549.84782029035
Paktika,307.5,0.23591970791757838,1.1072215476328321e-09,1.1071253806369067e-09,93549.84782029002
Paktika,307.75,0.23591970791759104,1.2742823932114286e-09,1.2741724173414163e-09,93549.84782028968
Paktika,308.0,0.2359197079176036,1.4404965607192347e-09,1.4403728576595853e-09,93549.84782028935
Paktika,308.25,0.23591970791761607,1.6054098417147893e-09,1.6052725311384421e-09,93549.84782028901
Paktika,308.5,0.23591970791762842,1.768555232521879e-09,1.7684044731580363e-09,93549.84782028869
Paktika,308.75,0.23591970791764058,1.9294529342295575e-09,1.9292889249315315e-09,93549.84782028837
Paktika,309.0,0.23591970791765257,2.0876103526921454e-09,2.0874333335051045e-09,93549.84782028805
Paktika,309.25,0.23591970791766428,2.2425220985292374e-09,2.2423323517580537e-09,93549.84782028773
Paktika,309.5,0.23591970791767572,2.3936699871256928e-09,2.3934678384026997e-09,93549.84782028744
Paktika,309.75,0.23591970791768682,2.54052303863162e-09,2.540308857984454e-09,93549.84782028715
Paktika,310.0,0.23591970791769756,2.682537477962408e-09,2.682311680881766e-09,93549.84782028686
Paktika,310.25,0.23591970791770792,2.819156734798724e-09,2.8189197833061866e-09,93549.84782028658
Paktika,310.5,0.2359197079177178,2.9498114435864715e-09,2.949563847302305e-09,93549.84782028632
Paktika,310.75,0.23591970791772718,3.073919443536829e-09,3.0736617607477823e-09,93549.84782028607
Paktika,311.0,0.23591970791773603,3.190885778626268e-09,3.1906186173533545e-09,93549.84782028584
Paktika,311.25,0.23591970791774428,3.3001026975964764e-09,3.299826716662819e-09,93549.84782028562
Paktika,311.5,0.2359197079177519,3.400949653954469e-09,3.4006655640530287e-09,93549.84782028542
Paktika,311.75,0.23591970791775888,3.492793305972452e-09,3.492501870733891e-09,93549.84782028524
Paktika,312.0,0.2359197079177651,3.574987516687956e-09,3.5746895537484133e-09,93549.84782028507
Paktika,312.25,0.23591970791777053,3.6468733539037917e-09,3.6465697359726816e-09,93549.84782028492
Paktika,312.5,0.23591970791777514,3.7077790901879396e-09,3.7074707461157758e-09,93549.8478202848
Paktika,312.75,0.23591970791777886,3.757020202873768e-09,3.7567081187198895e-09,93549.8478202847
Paktika,313.0,0.23591970791778163,3.79389937405981e-09,3.793584594160269e-09,93549.84782028463
Paktika,313.25,0.23591970791778344,3.817706490609945e-09,3.817390118645269e-09,93549.84782028459
Paktika,313.5,0.23591970791778422,3.827718644153245e-09,3.827401844216244e-09,93549.84782028457
Paktika,313.75,0.23591970791778386,3.823200131084094e-09,3.8228841287476175e-09,93549.84782028457
Paktika,314.0,0.23591970791778236,3.803402452562152e-09,3.803088535946959e-09,93549.84782028462
Paktika,314.25,0.23591970791777966,3.7675643145122745e-09,3.767253835354809e-09,93549.84782028469
Paktika,314.5,0.23591970791777567,3.7149116276246913e-09,3.7146060023448343e-09,93549.84782028479
Paktika,314.75,0.23591970791777037,3.6446575073547947e-09,3.644358218123735e-09,93549.84782028494
Paktika,315.0,0.23591970791776365,3.556002273923307e-09,3.555710869731282e-09,93549.84782028511
Paktika,315.25,0.2359197079177555,3.448063682918379e-09,3.447783019281227e-09,93549.84782028533
Paktika,315.5,0.2359197079177458,3.3201767467143007e-09,3.3199195057849233e-09,93549.84782028558
Paktika,315.75,0.2359197079177347,3.1734023720669968e-09,3.173182583545133e-09,93549.84782028587
Paktika,316.0,0.23591970791772227,3.0090195780925002e-09,3.0088503581224236e-09,93549.8478202862
Paktika,316.25,0.23591970791770858,2.828282562361968e-09,2.8281761316294167e-09,93549.84782028657
Paktika,316.5,0.2359197079176938,2.6324207009016816e-09,2.6323884027307885e-09,93549.84782028696
Paktika,316.75,0.2359197079176779,2.422638548193048e-09,2.422690866643268e-09,93549.84782028738
Paktika,317.0,0.23591970791766106,2.2001158371725967e-09,2.200262415135639e-09,93549.84782028782
Paktika,317.25,0.23591970791764336,1.966007479231983e-09,1.966257136528739e-09,93549.84782028828
Paktika,317.5,0.23591970791762487,1.7214435642179854e-09,1.7218043156954592e-09,93549.84782028878
Paktika,317.75,0.23591970791760566,1.4675293604325086e-09,1.4680084340607438e-09,93549.84782028929
Paktika,318.0,0.23591970791758582,1.2053453146325801e-09,1.2059491696015932e-09,93549.84782028981
Paktika,318.25,0.23591970791756545,9.359470520303526e-10,9.366813968470598e-10,93549.84782029035
Paktika,318.5,0.2359197079175446,6.603653762931021e-10,6.612351868782493e-10,93549.8478202909
Paktika,318.75,0.23591970791752337,3.7960626954322986e-10,3.806158073283245e-10,93549.84782029146
Paktika,319.0,0.23591970791750183,9.465089235826123e-11,9.580372238249735e-11,93549.84782029202
Paktika,319.25,0.23591970791748001,-1.9354441622915074e-10,-1.922454072219603e-10,93549.8478202926
Paktika,319.5,0.23591970791745803,-4.840481387312367e-10,-4.826007241957284e-10,93549.84782029319
Paktika,319.75,0.23591970791743597,-7.759535792050954e-10,-7.743561746974316e-10,93549.84782029377
Paktika,320.0,0.23591970791741385,-1.0683788632527056e-09,-1.0666305083336377e-09,93549.84782029435
Paktika,320.25,0.23591970791739175,-1.360466938020917e-09,-1.3585672781588623e-09,93549.84782029493
Paktika,320.5,0.23591970791736974,-1.6513855722014605e-09,-1.649334840675571e-09,93549.84782029552
Paktika,320.75,0.2359197079173479,-1.940327356030937e-09,-1.938126355834166e-09,93549.8478202961
Paktika,321.0,0.23591970791732625,-2.2265097012908285e-09,-2.2241597870330074e-09,93549.84782029667
Paktika,321.25,0.23591970791730488,-2.509174841307489e-09,-2.5066779011183937e-09,93549.84782029723
Paktika,321.5,0.2359197079172838,-2.7875898309521504e-09,-2.784948268384569e-09,93549.8478202978
Paktika,321.75,0.23591970791726313,-3.061046546640917e-09,-3.0582632625737317e-09,93549.84782029834
Paktika,322.0,0.23591970791724287,-3.3288616863347713e-09,-3.325940060876013e-09,93549.84782029888
Paktika,322.25,0.23591970791722308,-3.59037676953957e-09,-3.587320643929502e-09,93549.8478202994
Paktika,322.5,0.23591970791720382,-3.844958137306051e-09,-3.8417717958202305e-09,93549.84782029991
Paktika,322.75,0.23591970791718514,-4.0919969522298144e-09,-4.088685104082169e-09,93549.8478203004
Paktika,323.0,0.23591970791716707,-4.330909198451355e-09,-4.327476959697254e-09,93549.84782030089
Paktika,323.25,0.23591970791714967,-4.561135681656027e-09,-4.557588557095339e-09,93549.84782030134
Paktika,323.5,0.23591970791713293,-4.782142029074064e-09,-4.778485894154254e-09,93549.84782030179
Paktika,323.75,0.23591970791711697,-4.993418689480576e-09,-4.989659772199746e-09,93549.84782030221
Paktika,324.0,0.23591970791710176,-5.194480933195561e-09,-5.190625796005538e-09,93549.8478203026
Paktika,324.25,0.23591970791708736,-5.384868852083871e-09,-5.3809243737932715e-09,93549.84782030298
Paktika,324.5,0.23591970791707378,-5.564147359555246e-09,-5.560120717232548e-09,93549.84782030334
Paktika,324.75,0.2359197079170611,-5.731906190564303e-09,-5.7278048414409206e-09,93549.84782030368
Paktika,325.0,0.2359197079170493,-5.887759901610529e-09,-5.883591564983875e-09,93549.847820304
Paktika,325.25,0.23591970791703845,-6.031347870738286e-09,-6.027120509874851e-09,93549.84782030428
Paktika,325.5,0.23591970791702854,-6.162334297536819e-09,-6.158056101575231e-09,93549.84782030454
Paktika,325.75,0.2359197079170196,-6.280408203140245e-09,-6.2760875689943516e-09,93549.84782030477
Paktika,326.0,0.23591970791701167,-6.385283430227548e-09,-6.380928944489481e-09,93549.84782030499
Paktika,326.25,0.23591970791700476,-6.476698643022606e-09,-6.4723190638658466e-09,93549.84782030516
Paktika,326.5,0.23591970791699887,-6.554417327294156e-09,-6.550021566376616e-09,93549.84782030532
Paktika,326.75,0.23591970791699404,-6.618227790355818e-09,-6.6138248947229e-09,93549.84782030545
Paktika,327.0,0.2359197079169903,-6.667943161066086e-09,-6.663542295053768e-09,93549.84782030556
Paktika,327.25,0.2359197079169876,-6.703401389828329e-09,-6.699011816966225e-09,93549.84782030563
Paktika,327.5,0.23591970791698602,-6.724465248590791e-09,-6.7200963135052216e-09,93549.84782030567
Paktika,327.75,0.23591970791698552,-6.731022330846596e-09,-6.72668344116365e-09,93549.84782030567
Paktika,328.0,0.23591970791698613,-6.7229850516337415e-09,-6.718685659882372e-09,93549.84782030566
Paktika,328.25,0.23591970791698785,-6.700290647535103e-09,-6.696040233050162e-09,93549.84782030561
Paktika,328.5,0.23591970791699066,-6.6629011766784175e-09,-6.658709227503767e-09,93549.84782030554
Paktika,328.75,0.2359197079169946,-6.610803518736316e-09,-6.606679513527867e-09,93549.84782030544
Paktika,329.0,0.23591970791699965,-6.5440093749262956e-09,-6.5399627648551e-09,93549.84782030531
Paktika,329.25,0.2359197079170058,-6.462555268010738e-09,-6.458595458666033e-09,93549.84782030515
Paktika,329.5,0.23591970791701308,-6.366502542296884e-09,-6.362638875589185e-09,93549.84782030495
Paktika,329.75,0.23591970791702144,-6.255937363636868e-09,-6.252179099701037e-09,93549.84782030473
Paktika,330.0,0.2359197079170309,-6.1309707194276786e-09,-6.127327018525996e-09,93549.84782030448
Paktika,330.25,0.23591970791704142,-5.9917384186112066e-09,-5.9882183230364164e-09,93549.8478203042
Paktika,330.5,0.23591970791705302,-5.838401091674199e-09,-5.83501350765261e-09,93549.8478203039
Paktika,330.75,0.23591970791706565,-5.671144190648285e-09,-5.667897870242841e-09,93549.84782030356
Paktika,331.0,0.23591970791707936,-5.490177989109975e-09,-5.487081512123286e-09,93549.8478203032
Paktika,331.25,0.23591970791709405,-5.295737582180637e-09,-5.2927993380581006e-09,93549.8478203028
Paktika,331.5,0.23591970791710976,-5.088082886526533e-09,-5.085311056259383e-09,93549.8478203024
Paktika,331.75,0.23591970791712644,-4.8674986403587864e-09,-4.864901178387148e-09,93549.84782030195
Paktika,332.0,0.2359197079171441,-4.634294403433422e-09,-4.6318790195494104e-09,93549.84782030148
Paktika,332.25,0.23591970791716266,-4.3888045570513055e-09,-4.386578698302072e-09,93549.847820301
Paktika,332.5,0.23591970791718211,-4.131388304058209e-09,-4.12935913664903e-09,93549.84782030048
Paktika,332.75,0.23591970791720246,-3.862429668844744e-09,-3.8606040600420745e-09,93549.84782029994
Paktika,333.0,0.23591970791722364,-3.582337497346442e-09,-3.5807219973810083e-09,93549.84782029939
Paktika,333.25,0.23591970791724562,-3.29154545704367e-09,-3.290146281013524e-09,93549.8478202988
Paktika,333.5,0.2359197079172684,-2.990512036961697e-09,-2.989335046735282e-09,93549.84782029821
Paktika,333.75,0.23591970791729192,-2.6797205476706653e-09,-2.6787712337899043e-09,93549.84782029758
Paktika,334.0,0.23591970791731612,-2.3596791212855703e-09,-2.35896258486893e-09,93549.84782029694
Paktika,334.25,0.235919707917341,-2.0309207114663202e-09,-2.030441646111848e-09,93549.84782029629
Paktika,334.5,0.23591970791736647,-1.6940030934176527e-09,-1.693765767106117e-09,93549.8478202956
Paktika,334.75,0.2359197079173925,-1.349508863889228e-09,-1.3495171008871314e-09,93549.84782029492
Paktika,335.0,0.2359197079174191,-9.980454411755558e-10,-9.983026039382137e-10,93549.84782029422
Paktika,335.25,0.23591970791744615,-6.402450651160141e-10,-6.407540361906435e-10,93549.84782029351
Paktika,335.5,0.23591970791747363,-2.7676479709488385e-10,-2.7752796102366866e-10,93549.84782029278
Paktika,335.75,0.23591970791750153,9.171347995871715e-11,9.069425473553822e-11,93549.84782029204
Paktika,336.0,0.2359197079175297,4.6448306157074197e-10,4.6320644081187897e-10,93549.8478202913
Paktika,336.25,0.23591970791755817,8.408124217223246e-10,8.392776234822664e-10,93549.84782029054
Paktika,336.5,0.23591970791758685,1.2199452128496716e-09,1.2181520255756956e-09,93549.84782028978
Paktika,336.75,0.23591970791761568,1.6011002658441635e-09,1.5990490664731992e-09,93549.84782028903
Paktika,337.0,0.2359197079176446,1.983471590052259e-09,1.9811633621078956e-09,93549.84782028825
Paktika,337.25,0.23591970791767355,2.3662283732756054e-09,2.3636647249649097e-09,93549.8478202875
Paktika,337.5,0.23591970791770245,2.7485149817708885e-09,2.745698164081448e-09,93549.84782028673
Paktika,337.75,0.23591970791773126,3.1294509602499834e-09,3.1263838850467526e-09,93549.84782028597
Paktika,338.0,0.2359197079177599,3.508131031879866e-09,3.504817290002174e-09,93549.84782028521
Paktika,338.25,0.2359197079177883,3.883625098282615e-09,3.880068977641041e-09,93549.84782028446
Paktika,338.5,0.23591970791781638,4.2549782395354965e-09,4.251184743208791e-09,93549.84782028371
Paktika,338.75,0.23591970791784408,4.621210714170841e-09,4.617185578502877e-09,93549.84782028299
Paktika,339.0,0.23591970791787134,4.981317959176119e-09,4.9770676718728356e-09,93549.84782028226
Paktika,339.25,0.235919707917898,5.334270589993976e-09,5.32980240822027e-09,93549.84782028156
Paktika,339.5,0.2359197079179241,5.6790144005220465e-09,5.674336368998764e-09,93549.84782028086
Paktika,339.75,0.23591970791794947,6.01447036311328e-09,6.00959133221406e-09,93549.84782028019
Paktika,340.0,0.23591970791797406,6.3395346285756025e-09,6.334464272423854e-09,93549.84782027955
Paktika,340.25,0.23591970791799777,6.653078526172102e-09,6.647827360737973e-09,93549.84782027893
Paktika,340.5,0.23591970791802053,6.953948563621019e-09,6.948527964818226e-09,93549.84782027832
Paktika,340.75,0.23591970791804223,7.240966427095673e-09,7.235388648878552e-09,93549.84782027775
Paktika,341.0,0.23591970791806283,7.512928981224568e-09,7.507207173684935e-09,93549.8478202772
Paktika,341.25,0.23591970791808214,7.768608269091286e-09,7.762756496555289e-09,93549.84782027669
Paktika,341.5,0.23591970791810016,8.006751512234551e-09,8.000784771359769e-09,93549.84782027622
Paktika,341.75,0.23591970791811676,8.226081110648221e-09,8.220015348520478e-09,93549.84782027577
Paktika,342.0,0.23591970791813183,8.425294642781221e-09,8.419146775011558e-09,93549.84782027538
Paktika,342.25,0.23591970791814526,8.60306486553769e-09,8.596852794359275e-09,93549.84782027503
Paktika,342.5,0.235919707918157,8.75803971427683e-09,8.751782346641832e-09,93549.8478202747
Paktika,342.75,0.23591970791816688,8.888842302812955e-09,8.882559568489656e-09,93549.84782027444
Paktika,343.0,0.23591970791817485,8.994070923415573e-09,8.98778379308511e-09,93549.84782027424
Paktika,343.25,0.23591970791818076,9.072299046809252e-09,9.066029550162612e-09,93549.84782027408
Paktika,343.5,0.23591970791818453,9.122075322173724e-09,9.115846566008637e-09,93549.84782027398
Paktika,343.75,0.23591970791818603,9.141923577143839e-09,9.13575976346181e-09,93549.84782027394
Paktika,344.0,0.23591970791818517,9.130342817809503e-09,9.124269261912675e-09,93549.84782027396
Paktika,344.25,0.23591970791818181,9.085807228715842e-09,9.079850377303887e-09,93549.84782027405
Paktika,344.5,0.23591970791817582,9.006766172863074e-09,9.000953622130229e-09,93549.84782027421
Paktika,344.75,0.23591970791816713,8.891644191706519e-09,8.886004705438344e-09,93549.84782027444
Paktika,345.0,0.23591970791815559,8.73884100515665e-09,8.733404532827178e-09,93549.84782027475
Paktika,345.25,0.23591970791814104,8.546731511579069e-09,8.54152920644751e-09,93549.84782027513
Paktika,345.5,0.23591970791812342,8.313665787794474e-09,8.308730025002345e-09,93549.8478202756
Paktika,345.75,0.23591970791810385,8.054908917492113e-09,8.050389963044427e-09,93549.84782027612
Paktika,346.0,0.23591970791808428,7.795842363355343e-09,7.792049526588626e-09,93549.84782027663
Paktika,346.25,0.23591970791806477,7.537243510161192e-09,7.534457006516479e-09,93549.84782027715
Paktika,346.5,0.2359197079180453,7.279607335687107e-09,7.2780773065860465e-09,93549.84782027766
Paktika,346.75,0.235919707918026,7.023411197776226e-09,7.023358655775541e-09,93549.84782027817
Paktika,347.0,0.23591970791800682,6.7691148343373735e-09,6.770732608283327e-09,93549.84782027868
Paktika,347.25,0.23591970791798783,6.517160363345066e-09,6.52061404352792e-09,93549.84782027917
Paktika,347.5,0.23591970791796904,6.267972282839507e-09,6.273401166147986e-09,93549.84782027968
Paktika,347.75,0.2359197079179505,6.021957470926592e-09,6.029475506002345e-09,93549.84782028016
Paktika,348.0,0.23591970791793224,5.779505185777902e-09,5.789201918169966e-09,93549.84782028064
Paktika,348.25,0.23591970791791428,5.540987065630712e-09,5.552928582949972e-09,93549.84782028112
Paktika,348.5,0.23591970791789665,5.306757128787981e-09,5.320987005861634e-09,93549.84782028159
Paktika,348.75,0.23591970791787936,5.07715177361836e-09,5.093692017644378e-09,93549.84782028204
Paktika,349.0,0.23591970791786246,4.85248977855619e-09,4.871341774257779e-09,93549.84782028249
Paktika,349.25,0.23591970791784594,4.6330723021014986e-09,4.654217756881563e-09,93549.84782028293
Paktika,349.5,0.23591970791782985,4.419182882820003e-09,4.4425847719156115e-09,93549.84782028335
Paktika,349.75,0.2359197079178142,4.211087439343114e-09,4.236690950979954e-09,93549.84782028377
Paktika,350.0,0.23591970791779898,4.009034270367925e-09,4.036767750914773e-09,93549.84782028417
Paktika,350.25,0.23591970791778424,3.8132540546572244e-09,3.8430299537804e-09,93549.84782028456
Paktika,350.5,0.23591970791777,3.6239598510394843e-09,3.6556756668573203e-09,93549.84782028494
Paktika,350.75,0.23591970791775624,3.4413470984088724e-09,3.47488632264617e-09,93549.8478202853
Paktika,351.0,0.23591970791774303,3.2655936157252382e-09,3.3008266788677392e-09,93549.84782028565
Paktika,351.25,0.23591970791773031,3.096859602014129e-09,3.133644818462965e-09,93549.84782028598
Paktika,351.5,0.23591970791771813,2.9352876363667683e-09,2.9734721495929365e-09,93549.8478202863
Paktika,351.75,0.2359197079177065,2.7810026779400876e-09,2.8204234056388992e-09,93549.84782028661
Paktika,352.0,0.23591970791769543,2.6341120659566895e-09,2.6745966452022453e-09,93549.84782028692
Paktika,352.25,0.23591970791768493,2.4947055197048763e-09,2.5360732521045184e-09,93549.84782028719
Paktika,352.5,0.23591970791767497,2.362855138538637e-09,2.4049179353874187e-09,93549.84782028745
Paktika,352.75,0.2359197079176656,2.238615401877648e-09,2.281178729312791e-09,93549.8478202877
Paktika,353.0,0.2359197079176568,2.122023169207275e-09,2.164886993362637e-09,93549.84782028793
Paktika,353.25,0.23591970791764855,2.0130976800785784e-09,2.056057412239108e-09,93549.84782028815
Paktika,353.5,0.2359197079176409,1.9118405541082997e-09,1.9546879958645045e-09,93549.84782028836
Paktika,353.75,0.23591970791763378,1.8182357909788758e-09,1.860760079381278e-09,93549.84782028855
Paktika,354.0,0.23591970791762726,1.732249770438429e-09,1.7742383231520406e-09,93549.8478202887
Paktika,354.25,0.2359197079176213,1.6538312523007742e-09,1.6950707127595453e-09,93549.84782028887
Paktika,354.5,0.2359197079176159,1.582911376445409e-09,1.623188559006702e-09,93549.84782028901
Paktika,354.75,0.23591970791761105,1.519403662817529e-09,1.5585064979165677e-09,93549.84782028914
Paktika,355.0,0.23591970791760675,1.4632040114280173e-09,1.5009224907323567e-09,93549.84782028926
Paktika,355.25,0.23591970791760297,1.4141907023534379e-09,1.4503178239174312e-09,93549.84782028936
Paktika,355.5,0.23591970791759972,1.3722243957360512e-09,1.4065571091553062e-09,93549.84782028943
Paktika,355.75,0.235919707917597,1.3371481317838045e-09,1.369488283349645e-09,93549.8478202895
Paktika,356.0,0.23591970791759478,1.3087873307703383e-09,1.338942608624269e-09,93549.84782028956
Paktika,356.25,0.23591970791759304,1.2869497930349787e-09,1.3147346723231425e-09,93549.84782028962
Paktika,356.5,0.23591970791759176,1.2714256989827394e-09,1.296662387010389e-09,93549.84782028965
Paktika,356.75,0.23591970791759095,1.261987609084326e-09,1.28450699047028e-09,93549.84782028967
Paktika,357.0,0.23591970791759057,1.2583904638761334e-09,1.2780330457072367e-09,93549.84782028968
Paktika,357.25,0.2359197079175906,1.2603715839602453e-09,1.2769884409458358e-09,93549.84782028968
Paktika,357.5,0.23591970791759104,1.2676506700044305e-09,1.2811043896308007e-09,93549.84782028967
Paktika,357.75,0.23591970791759184,1.2799298027421588e-09,1.2900954304270118e-09,93549.84782028965
Paktika,358.0,0.23591970791759298,1.2968934429725737e-09,1.3036594272194967e-09,93549.84782028962
Paktika,358.25,0.23591970791759448,1.318208431560518e-09,1.3214775691134382e-09,93549.84782028958
Paktika,358.5,0.23591970791759626,1.3435239894365197e-09,1.343214370434165e-09,93549.84782028953
Paktika,358.75,0.2359197079175983,1.3724717175967973e-09,1.3685176707271632e-09,93549.84782028948
Paktika,359.0,0.23591970791760059,1.4046655971032624e-09,1.3970186347580675e-09,93549.84782028942
Paktika,359.25,0.2359197079176031,1.439701989083509e-09,1.4283317525126632e-09,93549.84782028935
Paktika,359.5,0.2359197079176058,1.4771596347308226e-09,1.462054839196889e-09,93549.84782028927
Paktika,359.75,0.23591970791760863,1.5165996553041784e-09,1.4977690352368357e-09,93549.8478202892
Paktika,360.0,0.2359197079176116,1.5575655521282442e-09,1.5350388062787402e-09,93549.84782028913
Paktika,360.25,0.23591970791761466,1.599583206593372e-09,1.5734119431890007e-09,93549.84782028904
Paktika,360.5,0.23591970791761774,1.642160880155602e-09,1.6124195620541577e-09,93549.84782028897
Paktika,360.75,0.23591970791762082,1.6847892143366717e-09,1.6515761041809077e-09,93549.84782028888
Paktika,361.0,0.2359197079176239,1.726941230723995e-09,1.6903793360960939e-09,93549.8478202888
Paktika,361.25,0.23591970791762687,1.7680723309706914e-09,1.7283103495467202e-09,93549.84782028872
Paktika,361.5,0.23591970791762976,1.807620296795552e-09,1.7648335614999334e-09,93549.84782028865
Paktika,361.75,0.23591970791763248,1.8450052899830737e-09,1.7993967141430357e-09,93549.84782028857
Paktika,362.0,0.235919707917635,1.8796298523834262e-09,1.8314308748834788e-09,93549.8478202885
Paktika,362.25,0.23591970791763728,1.910878905912482e-09,1.8603504363488653e-09,93549.84782028844
Paktika,362.5,0.23591970791763925,1.9381197525518024e-09,1.885553116386955e-09,93549.8478202884
Paktika,362.75,0.23591970791764091,1.960702074348624e-09,1.9064199580656567e-09,93549.84782028836
Paktika,363.0,0.23591970791764216,1.9779579334158876e-09,1.922315329673025e-09,93549.84782028831
Paktika,363.25,0.23591970791764297,1.9892017719322095e-09,1.9325869247172656e-09,93549.8478202883
Paktika,363.5,0.2359197079176433,1.993730412141916e-09,1.936565761926749e-09,93549.84782028828
Paktika,363.75,0.23591970791764308,1.990823056354992e-09,1.93356618524998e-09,93549.8478202883
Paktika,364.0,0.23591970791764225,1.979741286947149e-09,1.922885863855631e-09,93549.84782028831
Paktika,364.25,0.23591970791764078,1.9597290663597593e-09,1.9038057921325175e-09,93549.84782028836
Paktika,364.5,0.23591970791763858,1.9300127370998914e-09,1.8755902896896013e-09,93549.84782028841
Paktika,364.75,0.2359197079176356,1.889801021740296e-09,1.8374870013560054e-09,93549.84782028849
Paktika,365.0,0.2359197079176318,1.8382850229194389e-09,1.7887268971810025e-09,93549.84782028859
Helmand,0.0,422059.237415805,0.0,1.0,159570.35228419502
Helmand,0.25,422058.57562352193,0.6514707238869939,0.9495214149978539,159570.41308433926
Helmand,0.5,422057.9405143692,1.2566657102157537,0.9210867785678495,159570.47143314208
Helmand,0.75,422057.31797739305,1.8308971117053825,0.9121984973300891,159570.52862699798
Helmand,1.0,422056.6953965638,2.3875351856998672,0.9209432834198341,159570.58582496716
Helmand,1.25,422056.06128415046,2.938428839653548,0.9459045530612008,159570.64408245689
Helmand,1.5,422055.40496759774,3.4942606113490857,0.9860918024728338,159570.7043799885
Helmand,1.75,422054.71631974546,4.064848043530212,1.0408842284915503,159570.76764798263
Helmand,2.0,422053.98552296334,4.659402453491085,1.1099861541741063,159570.8347884291
Helmand,2.25,422053.20286028384,5.28675315851417,1.1933924809724772,159570.90669407684
Helmand,2.5,422052.3585271093,5.955544558432427,1.2913625986825925,159570.98426573368
Helmand,2.75,422051.4424580687,6.674412263071136,1.4044014930839708,159571.06842817526
Helmand,3.0,422050.44416457205,7.452143273311173,1.5332470838311794,159571.160145071
Helmand,3.25,422049.3525791407,8.29782457274062,1.6788629985509258,159571.26043328817
Helmand,3.5,422048.1559029763,9.220983968028488,1.8424361563200102,159571.37037689952
Helmand,3.75,422046.84145367926,10.231726456213586,2.025378687498582,159571.4911411772
Helmand,4.0,422045.39551029925,11.340869030484386,2.2293338374362253,159571.62398683297
Helmand,4.25,422043.8031530987,12.560076549797127,2.456185606220515,159571.7702847454
Helmand,4.5,422042.0480955484,13.90200108235207,2.7080719677506435,159571.9315314016
Helmand,4.75,422040.11250615324,15.38042698041775,2.9874015914023206,159572.10936527513
Helmand,5.0,422037.97681773466,17.010423846655467,3.2968740608730864,159572.30558435802
Helmand,5.25,422035.6195217798,18.808509503380517,3.6395036496846673,159572.52216506732
Helmand,5.5,422033.0169454051,20.792825070686263,4.01864677304012,159572.76128275137
Helmand,5.75,422030.14300838293,22.983324292908524,4.438033292738727,159573.0253340316
Helmand,6.0,422026.9689575438,25.40197932256414,4.901801906947807,159573.31696122684
Helmand,6.25,422023.46307569643,28.073005269714493,5.4145399100846126,159573.6390791239
Helmand,6.5,422019.5903619973,31.023105962259706,5.981327662915533,159573.99490437767
Helmand,6.75,422015.31218038785,34.281743581467154,6.607788178420066,159574.38798785242
Helmand,7.0,422010.58587258303,37.88143492214537,7.300142265519227,159574.82225022945
Helmand,7.25,422005.3643316221,41.85807737390035,8.065269754977486,159575.3020212492
Helmand,7.5,421999.5955316869,46.2513079398043,8.910777388020735,159575.83208298543
Helmand,7.75,421993.2220094742,51.10489891928383,9.845074019263654,159576.41771758738
Helmand,8.0,421986.1802919436,56.46719422602387,10.877453861337079,159577.0647599692
Helmand,8.25,421978.40026475006,62.39159069496698,12.018188580586065,159577.77965597453
Helmand,8.5,421969.80447510147,68.93706915931902,13.27862914249118,159578.56952659684
Helmand,8.75,421960.30736214964,76.1687805522778,14.671318402977848,159579.44223889525
Helmand,9.0,421949.814407327,84.15869281284618,16.21011554850384,159580.40648431177
Helmand,9.25,421938.2211962727,92.98630495488443,17.910333604800087,159581.4718651677
Helmand,9.5,421925.412383142,102.73943529825607,19.788891362505645,159582.64899019737
Helmand,9.75,421911.26054715924,113.51509156574583,21.864481208887806,159583.94958006628
Helmand,10.0,421895.6249302471,125.42043132506005,24.157754509669385,159585.38658391833
Helmand,10.25,421878.350043433,138.57382210781043,26.691526355094013,159586.97430810417
Helmand,10.5,421859.2641284917,153.1060114735546,29.491001671252693,159588.7285583636
Helmand,10.75,421838.1774599195,169.16141831380406,32.584024902993804,159590.66679686384
Helmand,11.0,421814.88047084113,186.8995578159392,36.00135570018894,159592.80831564288
Helmand,11.25,421789.1416848108,206.49661373813746,39.776973286603855,159595.17442816455
Helmand,11.5,421760.70543368254,228.1471729873458,43.94841246122457,159597.788680869
Helmand,11.75,421729.289339832,252.06613891055588,48.55713446978808,159600.67708678785
Helmand,12.0,421694.5815385426,278.4908415597791,53.648936358812435,159603.86838353894
Helmand,12.25,421656.2376145817,307.6833645195189,59.2744027013753,159607.3943181975
Helmand,12.5,421613.87722406705,339.93311006695023,65.48940403062448,159611.2899618355
Helmand,12.75,421567.08037003386,375.5596264351702,72.35564673404431,159615.594056797
Helmand,13.0,421515.3832971725,414.91572312380373,79.94127961886772,159620.349400085
Helmand,13.25,421458.27396795276,458.390902602575,88.32156286862798,159625.6032665762
Helmand,13.5,421395.18707886373,506.4151393164443,97.57960566174839,159631.40787615822
Helmand,13.75,421325.49857174564,559.4630396436639,107.80717932098612,159637.8209092899
Helmand,14.0,421248.51959117147,618.0584193802651,119.10561351007608,159644.90607593834
Helmand,14.25,421163.48983454984,682.779338421569,131.58678369343806,159652.73374333532
Helmand,14.5,421069.57023706497,754.2636355734769,145.37419882832623,159661.38162853342
Helmand,14.75,420965.83492876793,833.2150098367126,160.60419906780976,159670.9355623277
Helmand,15.0,420851.26239609526,920.4096980401835,177.42727411823589,159681.49033174652
Helmand,15.25,420724.725774857,1016.7038023182332,196.00951381611551,159693.15060900885
Helmand,15.5,420584.9821963567,1123.0413245797058,216.53420346514497,159706.03197559866
Helmand,15.75,420430.6611028412,1240.4629687356985,239.20357750107937,159720.2620509222
Helmand,16.0,420260.2514430324,1370.1157749470867,264.24074612494064,159735.98173589574
Helmand,16.25,420072.087653179,1513.2636534048374,291.89181065530676,159753.34658276098
Helmand,16.5,419864.33432405436,1671.2988880152604,322.42818448636365,159772.52830344415
Helmand,16.75,419634.9694498105,1845.7546826379196,356.1491376837574,159793.71642986796
Helmand,17.0,419381.7661508541,2038.3188239763417,393.38458438327973,159817.1201407864
Helmand,17.25,419102.27276025247,2250.8485355524836,434.4981332494802,159842.97027094572
Helmand,17.5,418793.79116204893,2485.3865960186035,479.8904222618081,159871.5215196708
Helmand,17.75,418453.35327163845,2744.1787912815207,530.0027598428654,159903.05487723733
Helmand,18.0,418077.69554828503,3029.6927669455563,585.3210955995635,159937.88028917
Helmand,18.25,417663.23144160985,3344.6383352038692,646.3803436388582,159976.3395795476
Helmand,18.5,417206.0216828844,3691.9892791852844,713.7690818509229,160018.80965607954
Helmand,18.75,416701.7423475614,4075.0066808208253,788.134650339106,160065.70602127883
Helmand,19.0,416145.6506400953,4497.263773566389,870.1886710017947,160117.48661533665
Helmand,19.25,415532.5483833993,4962.6722903558175,960.713008579153,160174.65601766584
Helmand,19.5,414856.7432370513,5475.510236917954,1060.5661907588628,160237.77003527203
Helmand,19.75,414112.0077224127,6040.4509694917915,1170.6903010007877,160307.44070709485
Helmand,20.0,413291.53620162816,6662.593391913221,1292.1183523041962,160384.34175415456
Helmand,20.25,412387.9000438522,7347.49300764504,1425.9821428655657,160469.21450563736
Helmand,20.5,411393.00131918077,8101.193464923728,1573.520585066909,160562.8743308288
Helmand,20.75,410298.0254921591,8930.258114893968,1736.0884870402135,160666.2176059069
Helmand,21.0,409093.3937462134,9841.800960281967,1915.165750655086,160780.22924284975
Helmand,21.25,407768.7157619379,10843.516202589333,2112.3669305904673,160905.9908048825
Helmand,21.5,406312.7439999918,11943.705395752573,2329.4510755296146,161044.6892287262
Helmand,21.75,404713.33080741944,13151.300980702847,2568.331743753864,161197.62616812406
Helmand,22.0,402957.3899818881,14475.884704444305,2831.0870496414377,161366.22796402633
Helmand,22.25,401030.8647750161,15927.699125649751,3119.9695594991904,161552.05623983513
Helmand,22.5,398918.7047252021,17517.650064473324,3437.4158046029743,161756.81910572172
Helmand,22.75,396604.8541725692,19257.29747120563,3786.0551200844593,161982.3829361409
Helmand,23.0,394072.25578287104,21158.83178830686,4168.717458354897,162230.78467046737
Helmand,23.25,391302.8729417674,23235.032450217168,4588.43974895236,162504.24455906329
Helmand,23.5,388277.73542160814,25499.20473478957,5048.4702949815155,162805.17924862096
Helmand,23.75,384977.0132627037,27965.090765388482,5552.270605822456,163136.2150660855
Helmand,24.0,381380.12431789684,30646.750093787952,6103.513968307046,163500.20132000832
Helmand,24.25,377465.88133461674,33558.405017946774,6706.079956601741,163900.22339083487
Helmand,24.5,373212.6846200634,36714.24577021651,7364.04399143523,164339.61531828504
Helmand,24.75,368598.76672893664,40128.19046527112,8081.660943427959,164821.97156236443
Helmand,25.0,363602.49479453504,43813.59565365336,8863.34172383886,165351.15752797291
Helmand,25.25,358202.73602075817,47782.91357988362,9713.621721430703,165931.31837792773
Helmand,25.5,352379.29065555707,52047.29354285601,10637.119909839605,166566.88559174753
Helmand,25.75,346113.3949518723,56616.126631066596,11638.48747040812,167262.5806466532
Helmand,26.0,339388.2939799714,61496.53571702038,12722.344876976185,168023.41512603223
Helmand,26.25,332189.8804773431,66692.81607263547,13893.206653480456,168854.6864965411
Helmand,26.5,324507.3931528384,72205.83476449977,15155.392997941495,169761.96878472052
Helmand,26.75,316334.1601656584,78032.40397635452,16512.928206216053,170751.09735177123
Helmand,27.0,307668.3707171208,84164.64606927476,17969.426023482993,171828.1468901216
Helmand,27.25,298513.84922959283,90589.37573985323,19527.9628725077,172999.4018580464
Helmand,27.5,288880.8001373991,97287.53021583612,21190.94069814606,174271.31864861888
Helmand,27.75,278786.4850922091,104233.68351831118,22959.942142920172,175650.47894655968
Helmand,28.0,268255.7900669677,111395.68422752562,24835.581555412056,177143.53385009477
Helmand,28.25,257321.63441627493,118734.4601567287,26817.356422392142,178757.1387046044
Helmand,28.5,246025.1746617388,126204.03118879827,28903.50502115791,180497.87882830523
Helmand,28.75,234415.75785854246,133751.7684557215,31090.87671708127,182372.18666865496
Helmand,29.0,222550.58572945886,141318.9303838162,33374.82215205749,184386.25143466768
Helmand,29.25,210494.0624987254,148841.49369305882,35749.11082391295,186545.92268430302
Helmand,29.5,198316.81550720317,156251.28096131922,38205.88341121947,188856.60982025834
Helmand,29.75,186094.39820357552,163477.36610893154,40735.64552447052,191323.1798630226
Helmand,30.0,173905.70389894035,170447.72136862436,43327.30821456996,193949.8562178655
Helmand,30.25,161831.14662863154,177091.0427124469,45968.278718894086,196740.12164002768
Helmand,30.5,149950.68309498462,183338.6753880821,48644.602789972545,199696.62842696096
Helmand,30.75,138341.76828247914,189126.5452355299,51341.15710020527,202821.11908178593
Helmand,31.0,127077.34842918739,194396.99350325976,54041.887304412136,206114.36046314094
Helmand,31.25,116223.99749340622,199100.41365985098,56730.08448750145,209576.09405924156
Helmand,31.5,105840.29653076993,203196.59846638754,59388.69021641729,213205.0044864254
Helmand,31.75,95975.5399962337,206655.7235699302,62000.618493312395,216998.70764052388
Helmand,32.0,86668.83040909944,209458.9183326615,64549.0817921641,220953.75916607518
Helmand,32.25,77948.59551867425,211598.40306888905,67017.90799770206,225065.68311473483
Helmand,32.5,69832.53223644175,213077.20197622658,69391.83570429345,229329.0197830384
Helmand,32.75,62327.95258255185,213908.4691510252,71656.77693179477,233737.39103462838
Helmand,33.0,55432.48240064728,214114.4881858858,73800.03832747626,238283.58078599087
Helmand,33.25,49135.04501082039,213725.42221184328,75810.49462601583,242959.62785132075
Helmand,33.5,43417.05093409666,212777.8997189198,77678.71100396193,247756.92804302185
Helmand,33.75,38253.711332001476,211313.52227752475,79397.01379835304,252666.34229212094
Helmand,34.0,33615.39599020921,209377.37453436403,80959.51155426374,257678.30762116326
Helmand,34.25,29468.966264572646,207016.60486219768,82362.07056791324,262782.94800531666
Helmand,34.5,25779.02558904875,204279.13098407674,83602.25070334555,267970.18242352916
Helmand,34.75,22509.045177588556,201212.508385563,84679.2083114855,273229.82782536314
Helmand,35.0,19622.337623037525,197862.98332587603,85593.57356657961,278551.69518450706
Helmand,35.25,17082.865237365844,194274.73763681643,86347.30956138766,283925.67726443027
Helmand,35.5,14855.880440811789,190489.3222080949,86943.55983291473,289341.8272181788
Helmand,35.75,12908.40628757746,186545.26530190563,87386.49063357341,294790.4274769437
Helmand,36.0,11209.571549065606,182477.83596437084,87681.13347066677,300262.048715897
Helmand,36.25,9730.818894430773,178318.9395702106,87833.23213522436,305747.5991001345
Helmand,36.5,8446.005541172586,174097.12252909626,87849.09739386712,311238.3642358643
Helmand,36.75,7331.417538156273,169837.66179212974,87735.4720344676,316726.0383352466
Helmand,37.0,6365.717424213884,165562.71706407328,87499.40791658145,322202.7472951317
Helmand,37.25,5529.8423909331495,161291.52707614863,87148.15572898499,327661.0645039335
Helmand,37.5,4806.868121039174,157040.63363868638,86689.06777017683,333094.02017009794
Helmand,37.75,4181.8516291441865,152824.119348894,86129.51375230259,338495.10496965953
Helmand,38.0,3641.663046526155,148653.8488641454,85476.80896142879,343858.26882789994
Helmand,38.25,3174.8141204917974,144539.70602741395,84738.1539762406,349177.91557585396
Helmand,38.5,2771.2897887708564,140489.8206084765,83920.58512434216,354448.8941784108
Helmand,38.75,2422.3869121508615,136510.78100662192,83030.93460388668,359666.4871773409
Helmand,39.0,2120.5628642168194,132607.83071983317,82075.79920079929,364826.3969151511
Helmand,39.25,1859.295708324858,128785.0473665173,81061.51658753451,369924.73003762367
Helmand,39.5,1632.9568949603379,125045.5038467898,79994.14822187692,374957.9807363733
Helmand,39.75,1436.696510131402,121391.41219784773,78879.46788990127,379923.01310211996
Helmand,40.0,1266.3408072808375,117824.25093324651,77722.95504325033,384817.0429162227
Helmand,40.25,1118.301399036506,114344.87699183139,76529.79216234505,389637.6191467874
Helmand,40.5,989.4953596238429,110953.6234939604,75304.86545062595,394382.60539579013
Helmand,40.75,877.2752823907063,107650.38469291765,74052.76824720368,399050.1614774883
Helmand,41.0,779.3683373507555,104434.68945615746,72777.8066274174,403638.72527907474
Helmand,41.25,693.8233913117144,101305.76455004662,71484.00673038609,408146.995028256
Helmand,41.5,618.9652809301942,98262.58893711229,70175.12342009146,412573.91206186643
Helmand,41.75,553.3553773021384,95303.94021115846,68854.64994465957,416918.6441668803
Helmand,42.0,495.75766496105484,92428.43417570178,67525.82830823367,421180.569551104
Helmand,42.25,445.10961677634424,89634.55848492865,66191.66012047161,425359.26147782383
Helmand,42.5,400.4972270134478,86920.7011573956,64854.91772751902,429454.4735880724
Helmand,42.75,361.1336363353823,84285.17467743915,63518.15546321013,433466.1259230158
Helmand,43.0,326.3408500361586,81726.23631085703,62183.7208893065,437394.2916498007
Helmand,43.25,295.53411322037334,79242.10518071974,60853.76591927113,441239.1844867892
Helmand,43.5,268.2085633776698,76830.97657654177,59530.25774189366,445001.1468181873
Helmand,43.75,243.92783166800518,74491.03390541306,58214.98947953076,448680.6384833886
Helmand,44.0,222.3143093471256,72220.45863670348,56909.59053129269,452278.22622265713
Helmand,44.25,203.04083542358407,70017.43854205433,55615.53656467093,455794.5737578516
Helmand,44.5,185.82359653942828,67880.17448868294,54334.15912975314,459230.4324850249
Helmand,44.75,170.4160625422502,65806.88600507524,53066.65487125357,462586.6327611294
Helmand,45.0,156.60379881387007,63795.81581235643,51814.09433975167,465864.0757490785
Helmand,45.25,144.20003275349075,61845.233474027504,50577.4303903198,469063.72580289963
Helmand,45.5,133.04185771406108,59953.438306042895,49357.50617311058,472186.6033631329
Helmand,45.75,122.9869790153555,58118.76166220234,48155.062727884106,475233.7783308986
Helmand,46.0,113.9109269974129,56339.56869049744,46970.74617082853,478206.36391167704
Helmand,46.25,105.70466772856581,54614.259649787564,45805.1144637577,481105.5109187266
Helmand,46.5,98.27255062921637,52941.27084823278,44658.64384223968,483932.4024588988
Helmand,46.75,91.5305386663625,51319.07526974264,43531.73490033859,486688.24899125285
Helmand,47.0,85.4046885686509,49746.1829426132,42424.7182804061,489374.2837884125
Helmand,47.25,79.82984645419947,48221.1410958207,41337.85998281538,491991.7587749102
Helmand,47.5,74.74851765665406,46742.53411362613,40271.36647022868,494541.94059848896
Helmand,47.75,70.10988556642688,45308.98335113564,39225.38941874144,497026.10704455693
Helmand,48.0,65.86897733322505,43919.146847869604,38200.03003774684,499445.5438370508
Helmand,48.25,61.98593062889063,42571.71888732446,37195.34336437016,501801.54151767696
Helmand,48.5,58.425357126298486,41265.42951964286,36211.34209897275,504095.39272425853
Helmand,48.75,55.155804192373544,39999.044016698965,35248.000168320796,506328.3897107883
Helmand,49.0,52.14926605519904,38771.362207672624,34305.25633048755,508501.8218957851
Helmand,49.25,49.38077893992987,37581.217898900024,33383.01707250557,510616.97394965496
Helmand,49.5,46.82805435048436,36427.47809891848,32481.15986932341,512675.1236774081
Helmand,49.75,44.471165335552044,35309.04238935789,31599.53567682746,514677.54046847956
Helmand,50.0,42.292273667689955,34224.8421216392,30737.97172944226,516625.4835752513
Helmand,50.25,40.27538421536379,33173.83973637125,29896.273756518643,518520.2008228952
Helmand,50.5,38.40614090881914,32155.02796029032,29074.22836404767,520362.9272347537
Helmand,50.75,36.671635208755205,31167.42911495379,28271.604942611266,522154.88400722673
Helmand,51.0,35.06024992075024,30210.09428660202,27488.1577982253,523897.27736525243
Helmand,51.25,33.561512875010514,29282.102698234794,26723.6276402866,525591.2978486042
Helmand,51.5,32.16597240638616,28382.560797844475,25977.743641463123,527238.1192882865
Helmand,51.75,30.86508967210365,27510.601757320026,25250.224445264557,528838.8984077438
Helmand,52.0,29.65113426893074,26665.38447562573,24540.780172257997,530394.7739178479
Helmand,52.25,28.517108489495705,25846.09314370569,23849.113164758455,531906.8662830469
Helmand,52.5,27.456659050097986,25051.936337118652,23174.919590566104,533376.2771132657
Helmand,52.75,26.464019938196294,24282.146380206857,22517.890476828892,534804.0888230266
Helmand,53.0,25.533948035659755,23535.97883945603,21877.712425500118,536191.3644870088
Helmand,53.25,24.661667077954768,22812.711530179986,21254.069134531896,537539.1473682106
Helmand,53.5,23.842828664265696,22111.644216769157,20646.641705967777,538848.4609485993
Helmand,53.75,23.073461253691242,21432.09782524026,20055.10966804846,540120.308745458
Helmand,54.0,22.349937566729277,20773.41368455381,19479.15194164084,541355.6741362391
Helmand,54.25,21.66894305638002,20134.953296271528,18918.44696840602,542555.5204922665
Helmand,54.5,21.027439306503716,19516.097431657498,18372.673734724453,543720.791094312
Helmand,54.75,20.422643353640762,18916.245549670333,17841.512369029573,544852.4091379469
Helmand,55.0,19.852003474661103,18334.815590702547,17324.644197938305,545951.2779078849
Helmand,55.25,19.313172847088907,17771.24307928679,16821.752605350914,547018.2808425156
Helmand,55.5,18.80399521455988,17224.980603043234,16332.523468274114,548054.2816334686
Helmand,55.75,18.322487467713735,16695.497646964974,15856.645145986246,549060.1244195815
Helmand,56.0,17.86682039007111,16182.279788560094,15393.809108528223,550036.6339825221
Helmand,56.25,17.435307542762114,15684.828138583014,14943.710327753843,550984.6159261209
Helmand,56.5,17.026393689266737,15202.659213660265,14506.047227790645,551904.8568648603
Helmand,56.75,16.638640672122367,14735.304312038768,14080.522055480482,552798.1246918091
Helmand,57.0,16.27071773575278,14282.308847997581,13666.841263968437,553665.1688702988
Helmand,57.25,15.92139450883452,13843.232226832733,13264.71547447485,554506.7206041841
Helmand,57.5,15.589530809353281,13417.647467767143,12873.859606852195,555323.4930945717
Helmand,57.75,15.274067839758885,13005.140428112032,12493.99322955812,556116.1819744905
Helmand,58.0,14.974024148437685,12605.309637634013,12124.84056615455,556885.4654720634
Helmand,58.25,14.688488217324943,12217.766122674202,11766.130470726528,557632.0046183824
Helmand,58.5,14.41661130832587,11842.132657942406,11417.596676623136,558356.4437541266
Helmand,58.75,14.157604201431313,11478.043484188522,11078.977849567034,559059.4107620434
Helmand,59.0,13.910732337590531,11125.144211247463,10750.01751834289,559741.5172380726
Helmand,59.25,13.675310525852044,10783.09130037889,10430.464175918278,560403.3589131775
Helmand,59.5,13.45069926236302,10451.551579649493,10120.07135248399,561045.5160686047
Helmand,59.75,13.236302158319786,10130.202155226134,9818.597564651445,561668.5536779646
Helmand,60.0,13.03156203484885,9818.730171197236,9525.806302192554,562273.0216645759
Helmand,60.25,12.835957195149346,9516.8321903265,9241.466070214768,562859.455482264
Helmand,60.5,12.649000005980682,9224.214058110427,8965.350367267223,563428.3762746168
Helmand,60.75,12.470233999798694,8940.590800270593,8697.237623974446,563980.2910417557
Helmand,61.0,12.299231017965564,8665.686113646163,8436.911194036253,564515.6931613002
Helmand,61.25,12.135589558061016,8399.23207016884,8184.159325843788,565035.0627144298
Helmand,61.5,11.978933145632574,8140.969052470227,7938.775108382591,565538.8666060021
Helmand,61.75,11.828908183262255,7890.6454784399875,7700.55642573529,566027.558887642
Helmand,62.0,11.685182051908669,7648.017346924588,7469.305891166225,566501.5812798578
Helmand,62.25,11.547442283373494,7412.8481541705005,7244.830809047417,566961.3632944992
Helmand,62.5,11.415394946275114,7184.908786950816,7026.9431200834315,567407.3223980201
Helmand,62.75,11.288762990416762,6963.977070200258,6815.459306625527,567839.8645601844
Helmand,63.0,11.167285489187723,6749.837594900879,6610.200341290243,568259.3844783203
Helmand,63.25,11.050716598943598,6542.2816611573335,6410.991637804703,568666.2656844396
Helmand,63.5,10.93882431678588,6341.106988242227,6217.662964561134,569060.8809228804
Helmand,63.75,10.831389527327808,6146.117407487072,6030.048346666695,569443.5925563195
Helmand,64.0,10.728205446581397,5957.122806643802,5847.986026793724,569814.7526611165
Helmand,64.25,10.629076706519221,5773.9390016444,5671.31840484496,570174.7032168048
Helmand,64.5,10.533818382850782,5596.387368042415,5499.891902108244,570523.7766114671
Helmand,64.75,10.442255630758307,5424.294750838193,5333.556917421722,570862.29577611
Helmand,65.0,10.35422301034317,5257.493403549946,5172.167780633657,571190.5742928067
Helmand,65.25,10.269563731569463,5095.820697697056,5015.5826298375005,571508.9168087345
Helmand,65.5,10.188129200036856,4939.118942017389,4863.663327223147,571817.6193015601
Helmand,65.75,10.109778619087669,4787.235343057636,4716.275424458467,572116.9691538655
Helmand,66.0,10.034378420003032,4640.021836264821,4573.288077063068,572407.2454082528
Helmand,66.25,9.961801741861532,4497.334829028829,4434.573916859569,572688.7191523705
Helmand,66.5,9.891928197467898,4359.035151544374,4300.009017796037,572961.6536024628
Helmand,66.75,9.824643457778906,4224.987981318973,4169.472846136784,573226.3042290872
Helmand,67.0,9.759838764115882,4095.062576608975,4042.8481175181278,573482.9191671095
Helmand,67.25,9.697410730794985,3969.132193048658,3920.0207468501353,573731.7393493712
Helmand,67.5,9.637261048479226,3847.0740423951875,3800.87981349673,573972.9985830603
Helmand,67.75,9.579296107932288,3728.7690937494776,3685.3174459067654,574206.9238642366
Helmand,68.0,9.5234267535047,3614.101928690862,3573.228734022796,574433.7356105336
Helmand,68.25,9.469568102276341,3502.9607115087624,3464.51170291656,574653.6477174732
Helmand,68.5,9.417639262882608,3395.237071052702,3359.0672367871134,574866.867752898
Helmand,68.75,9.367563061559823,3290.825911754905,3256.798959801285,575073.597265383
Helmand,69.0,9.319265925305938,3189.625376080386,3157.6132072326254,575274.0318507624
Helmand,69.25,9.272677679103385,3091.536787143956,3061.418982751681,575468.361252426
Helmand,69.5,9.227731287962767,2996.4644560517736,2968.127831150236,575656.7696815107
Helmand,69.75,9.18436275493636,2904.3156227785494,2877.6537963445203,575839.4359181228
Helmand,70.0,9.142510973615158,2815.000423432878,2789.9133931035753,576016.5333724907
Helmand,70.25,9.102117525039645,2728.4317399378274,2704.825503029829,576188.230339508
Helmand,70.5,9.063126552589704,2644.5251027386403,2622.311305255237,576354.6901654543
Helmand,70.75,9.02548466722762,2563.198668572222,2542.29425606359,576516.0712906977
Helmand,71.0,8.989140794036178,2484.373122141122,2464.7000168754003,576672.5274201902
Helmand,71.25,8.954046030811137,2407.9715487081257,2389.456361209402,576824.2077440524
Helmand,71.5,8.92015358433693,2333.9194094447316,2316.4931535996116,576971.256983372
Helmand,71.75,8.887418660851829,2262.1444881249117,2245.742307581291,577113.8154856337
Helmand,72.0,8.855798324294128,2192.576753187387,2177.137681960984,577252.0194665281
Helmand,72.25,8.82525144508566,2125.14832324963,2110.6150531034996,577386.0010722025
Helmand,72.5,8.795738619265821,2059.793437282619,2046.1120891366807,577515.8884349621
Helmand,72.75,8.767222049541465,1996.448335014315,1983.5682574894774,577641.8058854474
Helmand,73.0,8.73966548611494,1935.051201616125,1922.9247809065378,577763.874051992
Helmand,73.25,8.713034171356801,1875.5421492323903,1864.1246203339613,577882.209896263
Helmand,73.5,8.687294746989625,1817.8631287021076,1807.112404503323,577996.9268720483
Helmand,73.75,8.662415184171726,1761.957852604361,1751.8343680056116,578108.1350642066
Helmand,74.0,8.638364746161486,1707.7717798270453,1698.2383369896293,578215.9412184379
Helmand,74.25,8.615113920353437,1655.2520594957148,1646.2736827856486,578320.448843799
Helmand,74.5,8.592634342572376,1604.347440086416,1595.8912474642218,578421.7583781074
Helmand,74.75,8.5708987687903,1555.0082505949974,1547.04332716699,578519.9672234699
Helmand,75.0,8.549881027435179,1507.1863694729695,1499.6836451785484,578615.1698043217
Helmand,75.25,8.529555946422743,1460.8351326607685,1453.7672752076899,578707.4577361858
Helmand,75.5,8.509899326889096,1415.9093074169293,1409.2506188127159,578796.919874444
Helmand,75.75,8.490887908150624,1372.3650735003205,1366.0913881983204,578883.6423503938
Helmand,76.0,8.47249930734677,1330.1599458857272,1324.248540617969,578967.7087141896
Helmand,76.25,8.45471198762098,1289.252735268159,1283.6822443337758,579049.2000084111
Helmand,76.5,8.437505234011534,1249.6035358743295,1244.3538670430676,579128.1947918492
Helmand,76.75,8.420859106495348,1211.1736679711792,1206.2259261270835,579204.7692467959
Helmand,77.0,8.404754402629477,1173.925625910648,1169.2620434870464,579278.9972762003
Helmand,77.25,8.389172640497675,1137.8230676582405,1133.4269356151904,579350.9505240867
Helmand,77.5,8.374096024636039,1102.8307771833756,1098.6863803329736,579420.6984464597
Helmand,77.75,8.359507405592675,1068.9146045860598,1065.0071641566929,579488.3084238523
Helmand,78.0,8.34539026611507,1036.0414536214566,1032.3570707701863,579553.8457853429
Helmand,78.25,8.331728697635686,1004.1792598952717,1000.7048612109243,579617.3738501968
Helmand,78.5,8.318507360757046,973.2969301859522,970.0202199117191,579678.9540425421
Helmand,78.75,8.305711471893112,943.3643257999058,940.2737395567824,579738.645923172
Helmand,79.0,8.293326786238525,914.3522491515693,911.4369084955488,579796.5072155673
Helmand,79.25,8.281339564226593,886.2323913798017,883.4820636567373,579852.5939053999
Helmand,79.5,8.26973655525979,858.9773080865567,856.3823685030628,579906.9602868558
Helmand,79.75,8.258504985805715,832.5604106198625,830.1118046466239,579959.6589797484
Helmand,80.0,8.247632532914718,806.955925605732,804.645135048878,580010.7410068131
Helmand,80.25,8.237107304693037,782.1388629970888,779.9578748449393,580060.2558548539
Helmand,80.5,8.226917831774266,758.085009173504,756.0262846651981,580108.2514883302
Helmand,80.75,8.217053047836142,734.7708989005932,732.8273448117031,580154.7744032405
Helmand,81.0,8.207502267865891,712.1737778936489,710.3387208394992,580199.8696989996
Helmand,81.25,8.198255181169559,690.2715953054454,688.5387563817945,580243.5810931323
Helmand,81.5,8.189301838002827,669.0429864614191,667.4064570128197,580285.9509546884
Helmand,81.75,8.180632627425089,648.4672335424068,646.9214538387765,580327.020379992
Helmand,82.0,8.172238270530013,628.5242559963172,627.063994446734,580366.8292112871
Helmand,82.25,8.164109811221797,609.1946001944082,607.8149330561981,580405.4160569388
Helmand,82.5,8.156238596188237,590.459403223558,589.1556967604045,580442.8183614204
Helmand,82.75,8.1486162669781,572.3003796013529,571.0682730274341,580479.0724311048
Helmand,83.0,8.141234753418772,554.6998145040158,553.5352031404428,580514.2134476027
Helmand,83.25,8.134086257331948,537.640534379475,536.5395546110171,580548.2755247528
Helmand,83.5,8.127163242611276,521.1058888222246,520.0649040912996,580581.2917438444
Helmand,83.75,8.120458430580745,505.07974579387314,504.09533269560177,580613.2941630805
Helmand,84.0,8.113964787589389,489.54646983079135,488.61540539194414,580644.3138599902
Helmand,84.25,8.107675513454032,474.4908999304256,473.6101500728692,580674.3809744838
Helmand,84.5,8.101584037796185,459.898345127449,459.06505323785757,580703.5247175974
Helmand,84.75,8.095684011314686,445.7545699801925,444.96604615679945,580731.7733998522
Helmand,85.0,8.089969293357887,432.0457701440913,431.2994816496832,580759.1544789134
Helmand,85.25,8.084433948462111,418.7585671180358,418.0521290025293,580785.6945699316
Helmand,85.5,8.079072240564848,405.8799994647954,405.2111655149763,580811.4194627802
Helmand,85.75,8.07387862082799,393.3974984805571,392.7641532696505,580836.3541696295
Helmand,86.0,8.068847723856683,381.29888141630806,380.6990326034024,580860.5229382571
Helmand,86.25,8.063974363660183,369.57234588351236,369.00411666073825,580883.9492630927
Helmand,86.5,8.059253523128515,358.2064486453652,357.66807106088015,580906.6559267712
Helmand,86.75,8.054680349211843,347.1900961681233,346.6799047999488,580928.6650186834
Helmand,87.0,8.050250150106518,336.51254091090357,336.0289666044266,580949.9979423352
Helmand,87.25,8.04595838685233,326.163364507758,325.70492873827277,580970.6754483677
Helmand,87.5,8.041800667378821,316.132465551595,315.6977752187965,580990.7176585629
Helmand,87.75,8.037772744436424,306.4100567618777,305.99779902205324,581010.1440714723
Helmand,88.0,8.033870509374218,296.9866528098826,296.59559030685375,581028.9735863745
Helmand,88.25,8.030089985333827,287.8530559946299,287.48202256180275,581047.2245314589
Helmand,88.5,8.026427325446864,279.0003533876819,278.64824979799346,581064.9146694896
Helmand,88.75,8.02287880859938,270.4199088957511,270.08569883231496,581082.061213464
Helmand,89.0,8.019440832263287,262.1033479438374,261.7860544338613,581098.6808567907
Helmand,89.25,8.016109910609112,254.04255398396592,253.7412559071926,581114.789780199
Helmand,89.5,8.01288267175691,246.2296636837988,245.94349238536856,581130.4036612598
Helmand,89.75,8.009755850926945,238.65705215313477,238.3851884652971,581145.5377035313
Helmand,90.0,8.006726288210372,231.31732839554016,231.05899976551552,581160.2066455515
Helmand,90.25,8.003790926656825,224.2033321478781,223.95780981372474,581174.4247671125
Helmand,90.5,8.000946806480352,217.30812133701048,217.07471782011282,581188.2059140371
Helmand,90.75,7.9981910621429995,210.624965827313,210.40303256891693,581201.5635105423
Helmand,91.0,7.995520921028879,204.14734528668632,203.9362703057417,581214.5105634872
Helmand,91.25,7.992933698886576,197.8689393839776,197.66814515699673,581227.0596817607
Helmand,91.5,7.990426796258063,191.78361993274115,191.59256144482353,581239.2230918269
Helmand,91.75,7.987997697457677,185.88544917264102,185.70361198329374,581251.0126411472
Helmand,92.0,7.985643967268209,180.16867278158108,179.99557122950083,581262.4398120224
Helmand,92.25,7.983363246903961,174.6277108645162,174.4628864545061,581273.5157394347
Helmand,92.5,7.981153253044932,169.25715613826975,169.10017594840522,581284.2512146609
Helmand,92.75,7.97901177564347,164.05176943537182,163.90222459948134,581294.6566941902
Helmand,93.0,7.976936673726188,159.00647025037804,158.86397461611,581304.7423184604
Helmand,93.25,7.974925874311753,154.11633449412975,153.98052331176507,581314.5179163205
Helmand,93.5,7.972977371007131,149.37659174920284,149.2471203958307,581323.9930104846
Helmand,93.75,7.971089220064729,144.78261634189582,144.65915919738705,581333.1768352413
Helmand,94.0,7.969259539038771,140.329924388824,140.21217375496386,581342.0783423178
Helmand,94.25,7.967486505816839,136.01417197056261,135.90183700657582,581350.7062045177
Helmand,94.5,7.9657683553261895,131.8311476632236,131.7239534370086,581359.0688305452
Helmand,94.75,7.964103377760885,127.77676852949809,127.67445512610635,581367.1743729673
Helmand,95.0,7.962489917908583,123.8470788657663,123.7494005034216,581375.0307307136
Helmand,95.25,7.960926372592397,120.03824443065828,119.94496865689241,581382.6455605406
Helmand,95.5,7.959411188512057,116.34654748999819,116.25745444447321,581390.0262868777
Helmand,95.75,7.957942861702045,112.76838576770952,112.68326745091913,581397.1801039204
Helmand,96.0,7.9565199357101575,109.30026838470768,109.21892797606404,581404.1139837042
Helmand,96.25,7.955140999175462,105.93881025249149,105.8610614983429,581410.8346872508
Helmand,96.5,7.953804685281011,102.68073092934435,102.60639753934544,581417.3487668468
Helmand,96.75,7.952509670570399,99.52285203870417,99.45176710846916,581423.662571183
Helmand,97.0,7.951254672453107,96.4620914648501,96.39409696515042,581429.7822568984
Helmand,97.25,7.9500384485626565,93.49546192688175,93.43040820529696,581435.7137914201
Helmand,97.5,7.948859796005405,90.6200693908569,90.55781468572583,581441.4629561282
Helmand,97.75,7.947717549053128,87.83310768383157,87.77351769479777,581447.0353570732
Helmand,98.0,7.946610578316578,85.13185659506978,85.0748040710321,581452.4364287563
Helmand,98.25,7.9455377902324384,82.51368081579132,82.45904514856264,581457.6714362461
Helmand,98.5,7.944498125156649,79.97602548729647,79.92369234786959,581462.7454840405
Helmand,98.75,7.943490556271683,77.51641364922511,77.46627464674556,581467.6635211486
Helmand,99.0,7.942514089227043,75.13244550053346,75.08439784401476,581472.430342567
Helmand,99.25,7.941567760678877,72.82179500245381,72.77574119160374,581477.050596046
Helmand,99.5,7.9406506369663745,70.58220676090701,70.53805430305032,581481.5287882999
Helmand,99.75,7.939761813808671,68.41149538333026,68.36915651271987,581485.869286291
Helmand,100.0,7.938900415285477,66.30754312713266,66.26693454187769,581490.0763219165
Helmand,100.25,7.938065592363407,64.26829641159009,64.22933903764476,581494.1539989592
Helmand,100.5,7.937256522571735,62.29176509405962,62.25438385270555,581498.1062945315
Helmand,100.75,7.936472409355099,60.37602099945426,60.3401445839387,581501.9370620081
Helmand,101.0,7.935712480572311,58.51919435637339,58.48475503398612,581505.6500381299
Helmand,101.25,7.934975988103268,56.719472887023265,56.68640630629769,581509.2488448195
Helmand,101.5,7.934262207437784,54.975100892031335,54.94334589423221,581512.7369910072
Helmand,101.75,7.933570436315157,53.28437601485404,53.25387446667841,581516.117879083
Helmand,102.0,7.93289999420001,51.645648004949585,51.61634463841656,581519.3948073633
Helmand,102.25,7.932250222005381,50.05731810997393,50.029160364287904,581522.5709713046
Helmand,102.5,7.931620480983871,48.51783643934728,48.49077431849813,581525.649468762
Helmand,102.75,7.931010152037561,47.02570032099977,46.99968626058124,581528.6333032672
Helmand,103.0,7.930418635520186,45.57945386710155,45.55444260215004,581531.5253848961
Helmand,103.25,7.9298453504051425,44.17768600165857,44.15363444502656,581534.3285342037
Helmand,103.5,7.929289733456554,42.81902847704968,42.79589560823115,581537.0454861821
Helmand,103.75,7.9287512390519685,41.502155474840656,41.47990222981974,581539.6788910571
Helmand,104.0,7.928229338618148,40.2257822764355,40.20437144372031,581542.2313169421
Helmand,104.25,7.927723519719055,38.98866307477606,38.9680592021266,581544.7052542042
Helmand,104.5,7.92723328585451,37.789590506159605,37.769759808854594,581547.1031164
Helmand,104.75,7.926758156112235,36.6273948395629,36.60830511176057,581549.4272418935
Helmand,105.0,7.926297664256069,35.50094178521592,35.48256232118786,581551.6798982302
Helmand,105.25,7.925851358473561,34.40913189543957,34.39143341303071,581553.863283334
Helmand,105.5,7.925418801152831,33.35090005146036,33.333854617000014,581555.9795265313
Helmand,105.75,7.9249995680820335,32.32521353761509,32.30879449881864,581558.0306923963
Helmand,106.0,7.924593248101407,31.33107120702352,31.315253129028818,581560.0187824167
Helmand,106.25,7.924199442954889,30.36750314304811,30.35226174511541,581561.9457356697
Helmand,106.5,7.923817766653106,29.433569127949063,29.418881225941718,581563.8134318803
Helmand,106.75,7.923447845020925,28.52835755271385,28.51420100550631,581565.6236935976
Helmand,107.0,7.923089315586207,27.65098516207892,27.637338818365347,581567.3782867049
Helmand,107.25,7.922741827118862,26.800595949192825,26.787439598022324,581569.0789226266
Helmand,107.5,7.922405039096133,25.976359863877224,25.963674189554624,581570.7272609083
Helmand,107.75,7.922078621592867,25.17747255600261,25.165239093475506,581572.3249097299
Helmand,108.0,7.9217622549837685,24.403154665120503,24.39135575743401,581573.8734273234
Helmand,108.25,7.92145562936828,23.652650429043348,23.64126918916207,581575.3743247533
Helmand,108.5,7.921158444437441,22.925227366457275,22.914247639829444,581576.8290665501
Helmand,108.75,7.920870409296081,22.22017585640342,22.20958218450129,581578.2390715507
Helmand,109.0,7.9205912419097295,21.536807798968113,21.526585386717784,581579.6057155733
Helmand,109.25,7.920320668928757,20.874456191613497,20.86459087589576,581580.9303322644
Helmand,109.5,7.920058425572654,20.232474857582364,20.222953076191995,581582.2142136416
Helmand,109.75,7.919804255167828,19.61023732646448,19.601046090068778,581583.4586123292
Helmand,110.0,7.9195579089011385,19.00713623752787,18.998263103113754,581584.6647427514
Helmand,110.25,7.9193191457420795,18.42258315765678,18.414016202197626,581585.8337814953
Helmand,110.5,7.919087732092018,17.85600773266357,17.84773552885077,581586.9668690073
Helmand,110.75,7.918863441472046,17.306856929838798,17.29886852361206,581588.065111106
Helmand,111.0,7.918646054457156,16.77459488260025,16.76687977086308,581589.129579293
Helmand,111.25,7.918435358439416,16.258702318884755,16.25125042845354,581590.1613118951
Helmand,111.5,7.918231147271012,15.75867569388053,15.751477362364282,581591.1613157974
Helmand,111.75,7.918033221189364,15.274027010656399,15.267072967608412,581592.1305668014
Helmand,112.0,7.91784138667596,14.804283481130275,14.797564829814863,581593.0700103033
Helmand,112.25,7.917655456090395,14.348986636259793,14.342494837263779,581593.9805630713
Helmand,112.5,7.9174752475735755,13.907692091957028,13.901418947207912,581594.8631137141
Helmand,112.75,7.917300584961644,13.479969343662463,13.473906980729893,581595.7185230915
Helmand,113.0,7.917131297463616,13.065400982276143,13.059541840186444,581596.5476258809
Helmand,113.25,7.9169672195213145,12.663582353895427,12.65791916954902,581597.3512312579
Helmand,113.5,7.91680819075404,12.274121428299992,12.268647223019416,581598.1301231588
Helmand,113.75,7.9166540557077525,11.896638189152913,11.891346256313192,581598.8850614998
Helmand,114.0,7.9165046636659895,11.530764173748771,11.52564806719537,581599.6167830963
Helmand,114.25,7.916359868607588,11.17614237222453,11.171195894778663,581600.3260018653
Helmand,114.5,7.916219529034408,10.83242680929082,10.827644001923964,581601.0134096607
Helmand,114.75,7.916083507744332,10.499281991152998,10.494657123057056,581601.679677379
Helmand,115.0,7.915951671785559,10.176382795401693,10.171910354177475,581602.3254551796
Helmand,115.25,7.915823892354724,9.863414224450503,9.859088906636435,581602.9513729775
Helmand,115.5,7.915700044555106,9.560070816078806,9.555887518575453,581603.5580416217
Helmand,115.75,7.91558000733718,9.26605649913223,9.26201031080937,581604.1460531836
Helmand,116.0,7.915463663439848,8.981084451960758,8.977170645417026,581604.71598124
Helmand,116.25,7.915350899172121,8.704876570064261,8.701090594145517,581605.2683819375
Helmand,116.5,7.915241604324605,8.43716325046767,8.433500723068382,581605.803794423
Helmand,116.75,7.915135672132793,8.177683303587974,8.174140004522531,581606.3227410207
Helmand,117.0,7.915032999108266,7.926183541752144,7.92275540617066,581606.8257280538
Helmand,117.25,7.91493348491355,7.682418473892622,7.679101586086878,581607.313246456
Helmand,117.5,7.91483703233458,7.446150239320322,7.442940826576077,581607.7857719027
Helmand,117.75,7.914743547168115,7.217148333554955,7.2140427603340305,581608.2437653597
Helmand,118.0,7.914652938067735,6.995189232379802,6.992183994959997,581608.6876738354
Helmand,118.25,7.914565116513028,6.780056317160743,6.777148038340411,581609.1179305288
Helmand,118.5,7.914479996746904,6.571539722584647,6.568725146545575,581609.534955135
Helmand,118.75,7.914397495611379,6.3694359356504595,6.36671192328246,581609.9391546464
Helmand,119.0,7.914317532505685,6.173547693598932,6.17091121792661,581610.3309235568
Helmand,119.25,7.914240029350956,5.983683898466246,5.981132040144938,581610.7106440328
Helmand,119.5,7.914164910447752,5.799659269114148,5.797189212304448,581611.0786866089
Helmand,119.75,7.914092102409294,5.621294178215383,5.618903206624588,581611.4354105137
Helmand,120.0,7.914021534139788,5.448414599921226,5.446100092876955,581611.781163774
Helmand,120.25,7.91395313673092,5.280851857151442,5.27861128593146,581612.116283721
Helmand,120.5,7.913886843367185,5.118442390288915,5.116273314681111,581612.4410974525
Helmand,120.75,7.913822589307203,4.961027711883979,4.958927776775101,581612.7559219229
Helmand,121.0,7.913760311822348,4.80845425702239,4.806421189124072,581613.0610642429
Helmand,121.25,7.913699950083184,4.660573105723299,4.658604710562223,581613.3568222346
Helmand,121.5,7.913641445135321,4.517239924117712,4.5153340830717275,581613.6434845485
Helmand,121.75,7.913584739868901,4.3783148902623275,4.376469557652996,581613.9213308131
Helmand,122.0,7.913529778907619,4.243662422806192,4.241875623237319,581614.190632176
Helmand,122.25,7.913476508570647,4.113151087991296,4.111420913765891,581614.4516514906
Helmand,122.5,7.913424876855042,3.9866535569723123,3.9849781655344323,581614.7046434016
Helmand,122.75,7.913374833351963,3.864046401022076,3.8624240125744747,581614.949854754
Helmand,123.0,7.913326329184935,3.745209940579721,3.7436388358274466,581615.1875248953
Helmand,123.25,7.913279316996955,3.6300282139343683,3.6285067318451634,581615.4178857382
Helmand,123.5,7.913233750900353,3.5183888547761515,3.5169153904378705,581615.6411620048
Helmand,123.75,7.913189586396114,3.4101828948436,3.408755897480666,581615.8575716222
Helmand,124.0,7.913146780357736,3.305304724562851,3.303922695578687,581616.0673258004
Helmand,124.25,7.913105291008162,3.2036520368231525,3.202313527880554,581616.2706291452
Helmand,124.5,7.913065077836918,3.1051256242735965,3.1038292355319483,581616.4676800633
Helmand,124.75,7.913026101573728,3.0096293148209403,3.0083736932201863,581616.6586708914
Helmand,125.0,7.912988324175998,2.917069941180494,2.915853778741073,581616.8437879569
Helmand,125.25,7.9129517087675385,2.827357191006472,2.8261792232400076,581617.023211878
Helmand,125.5,7.91291621959202,2.7404034930111885,2.7392624974133133,581617.1971177909
Helmand,125.75,7.91288182200361,2.6561239941570176,2.655018788711636,581617.365675396
Helmand,126.0,7.912848482433647,2.5744364782276206,2.5733659199669385,581617.5290491204
Helmand,126.25,7.912816168328203,2.495261213016064,2.4942241966876333,581617.687398423
Helmand,126.5,7.912784848135623,2.418520919875459,2.417516376627804,581617.8408778564
Helmand,126.75,7.912754491292443,2.3441407393917855,2.343167635479607,581617.9896371348
Helmand,127.0,7.9127250681637396,2.272048085394621,2.271105420982909,581618.1338214264
Helmand,127.25,7.91269655001893,2.202172585729181,2.201259393735779,581618.2735714715
Helmand,127.5,7.912668909024084,2.1344460635445524,2.133561408491292,581618.40902362
Helmand,127.75,7.912642118203722,2.068802443832274,2.0679454207565646,581618.5403100182
Helmand,128.0,7.9126161513988205,2.005177650610189,2.004347384042503,581618.667558815
Helmand,128.25,7.912590983259021,1.9435095879157218,1.942705230866908,581618.7908941989
Helmand,128.5,7.912566589227066,1.883738101776133,1.8829588347468513,581618.9104364753
Helmand,128.75,7.912542945488192,1.8258048562993365,1.8250498863667999,581619.0263023129
Helmand,129.0,7.912520028956984,1.7696533015362175,1.7689218614598856,581619.1386048091
Helmand,129.25,7.9124978172703635,1.7152286563555386,1.714520003690698,581619.2474535237
Helmand,129.5,7.912476288751118,1.6624778191832665,1.66179123544859,581619.3529546576
Helmand,129.75,7.9124554223791,1.611349297485255,1.610684087372197,581619.4552111938
Helmand,130.0,7.912435197785658,1.5617931941735717,1.5611486847620997,581619.5543229242
Helmand,130.25,7.912415595238341,1.5137611701881493,1.5131367101834892,581619.6503865253
Helmand,130.5,7.912396595600277,1.467206345044469,1.466601304071674,581619.7434957563
Helmand,130.75,7.912378180321488,1.4220832755627353,1.4214970434728753,581619.8337415016
Helmand,131.0,7.912360331433083,1.3783479417105562,1.3777799278932852,581619.9212118
Helmand,131.25,7.912343031516264,1.335957670700941,1.3354073034401472,581620.0059919953
Helmand,131.5,7.912326263680207,1.294871082841115,1.2943378087007034,581620.0881648457
Helmand,131.75,7.912310011557667,1.2550480807913502,1.2545313640058433,581620.1678105446
Helmand,132.0,7.912294259293152,1.2164498206201861,1.2159491425006947,581620.2450067785
Helmand,132.25,7.9122789915093765,1.179038629670724,1.178553488055905,581620.3198288918
Helmand,132.5,7.912264193300149,1.1427779891295795,1.1423078978456864,581620.3923499207
Helmand,132.75,7.912249850226154,1.107632523741397,1.10717701206671,581620.462640615
Helmand,133.0,7.912235948291469,1.0735679442983426,1.0731265564584498,581620.530769552
Helmand,133.25,7.912222473923423,1.0405509982991834,1.0401232929883335,581620.5968032358
Helmand,133.5,7.912209413968857,1.008549460830272,1.0081350107368576,581620.6608061155
Helmand,133.75,7.912196755687522,0.9775321183960413,0.9771305097360096,581620.7228406173
Helmand,134.0,7.912184486723926,0.9474686999698257,0.9470795320560323,581620.7829672823
Helmand,134.25,7.912172595099568,0.9183298579815063,0.9179527428027093,581620.8412448053
Helmand,134.5,7.912161069209956,0.8900871610230866,0.8897217228259121,581620.897730048
Helmand,134.75,7.912149897810401,0.8627130590654667,0.8623589339540759,581620.9524781103
Helmand,135.0,7.912139069994829,0.8361808315652168,0.8358376671272402,581621.0055424324
Helmand,135.25,7.912128575192589,0.8104645796375058,0.8101320345736468,581621.0569748117
Helmand,135.5,7.912118403165246,0.785539218233256,0.7852169619902303,581621.1068254177
Helmand,135.75,7.91210854398668,0.7613804273793155,0.7610681398072084,581621.1551428899
Helmand,136.0,7.9120989880312775,0.7379646232676009,0.7376619942914564,581621.2019743955
Helmand,136.25,7.912089725971377,0.7152689519876367,0.7149756812817368,581621.2473656419
Helmand,136.5,7.912080748772582,0.6932712780727901,0.6929870747403044,581621.2913608995
Helmand,136.75,7.912072047672772,0.6719501330736805,0.6716747153514484,581621.334003105
Helmand,137.0,7.912063614176886,0.6512847027921284,0.6510177977615499,581621.3753338864
Helmand,137.25,7.912055440054782,0.6312548220318055,0.6309961653318511,581621.4153935737
Helmand,137.5,7.912047517333005,0.6118409544517079,0.6115902900015745,581621.4542212393
Helmand,137.75,7.912039838277564,0.593024150362139,0.5927812301040882,581621.4918547823
Helmand,138.0,7.9120323953914244,0.5747860405933661,0.5745506242383881,581621.5283309409
Helmand,138.25,7.912025181412728,0.5571088321378068,0.556880686912992,581621.5636853006
Helmand,138.5,7.91201818930387,0.5399752813952251,0.5397541818038243,581621.5979523486
Helmand,138.75,7.912011412238771,0.5233686629869743,0.5231543905830859,581621.6311655353
Helmand,139.0,7.912004843601251,0.5072727657893065,0.5070651089543141,581621.6633572828
Helmand,139.25,7.911998476983497,0.49167188916147075,0.4914706428819664,581621.6945589922
Helmand,139.5,7.911992306173918,0.47655081321845694,0.4763557788780574,581621.7248011029
Helmand,139.75,7.911986325147989,0.461894776376508,0.4617057615580236,581621.7541131381
Helmand,140.0,7.91198052806685,0.44768947194395375,0.44750629023301797,581621.7825237109
Helmand,140.25,7.911974909275995,0.4339210449027663,0.43374351569274966,581621.8100605313
Helmand,140.5,7.911969463293098,0.4205760620842102,0.42040401039486597,581621.8367504653
Helmand,140.75,7.911964184801162,0.4076414953841155,0.40747475168785074,581621.8626195692
Helmand,141.0,7.911959068647219,0.3951047185832667,0.3949431186327588,581621.8876930953
Helmand,141.25,7.9119541098412824,0.38295350478031726,0.3827968894371503,581621.9119954971
Helmand,141.5,7.911949303544933,0.3711759984346249,0.3710242135106273,581621.9355504856
Helmand,141.75,7.911944645065649,0.35976070146787703,0.35961359757269523,581621.958381057
Helmand,142.0,7.911940129855666,0.34869647047039537,0.3485539028602431,581621.9805094979
Helmand,142.25,7.911935753511196,0.33797251480404905,0.3378343432311868,581622.0019573895
Helmand,142.5,7.911931511762394,0.327578372000834,0.3274444605740989,581622.0227456568
Helmand,142.75,7.911927400467907,0.31750389442718346,0.31737411147843947,581622.0428945947
Helmand,143.0,7.911923415613987,0.3077392470952644,0.3076134650467729,581622.0624238733
Helmand,143.25,7.911919553313907,0.29827490624749375,0.298153001479799,581622.0813525401
Helmand,143.5,7.911915809799881,0.28910163954643076,0.288983492275061,581622.0996990595
Helmand,143.75,7.911912181417075,0.28021049141877763,0.2800959855773937,581622.1174813426
Helmand,144.0,7.911908664622986,0.27159278151743615,0.2714818046416297,581622.1347167504
Helmand,144.25,7.911905255986865,0.2632401033123512,0.2631325464239564,581622.1514220954
Helmand,144.5,7.911901952184212,0.25514431062116844,0.2550400681185189,581622.1676136702
Helmand,144.75,7.911898749989741,0.24729750034682846,0.24719646990255273,581622.1833072809
Helmand,145.0,7.911895646276876,0.23969201125594236,0.23959409371528098,581622.1985182499
Helmand,145.25,7.911892638016913,0.2323204219296798,0.23222552120960824,581622.2132614199
Helmand,145.5,7.911889722276576,0.22517554476987806,0.22508356776085156,581622.2275511663
Helmand,145.75,7.911886896209947,0.2182504062263194,0.21816126270259992,581622.2414014359
Helmand,146.0,7.911884157057609,0.21153824470189436,0.21145184723277896,581622.2548257521
Helmand,146.25,7.911881502145607,0.20503250799965733,0.20494877186175678,581622.267837219
Helmand,146.5,7.911878928885391,0.19872685319197528,0.19864569628152604,581622.2804485228
Helmand,146.75,7.911876434766248,0.19261512807922462,0.19253647083241132,581622.2926719674
Helmand,147.0,7.911874017352902,0.1866913652930419,0.18661513060884719,581622.3045194879
Helmand,147.25,7.9118716742850355,0.18094978114050608,0.18087589430404125,581622.3160026514
Helmand,147.5,7.911869403277073,0.17538477507451772,0.17531316368052438,581622.327132659
Helmand,147.75,7.911867202114486,0.169990920624305,0.1699215145045697,581622.3379203639
Helmand,148.0,7.911865068648491,0.16476295242200437,0.16469568357831274,581622.3483762965
Helmand,148.25,7.911863000795834,0.1596957656685235,0.15963056820584043,581622.3585106664
Helmand,148.5,7.911860996537917,0.15478441398950218,0.1547212240500267,581622.3683333665
Helmand,148.75,7.911859053920913,0.15002410971833352,0.14996286541542675,581622.377853972
Helmand,149.0,7.911857171049476,0.14541020849235087,0.1453508498510275,581622.3870817716
Helmand,149.25,7.911855346085075,0.14093820516081645,0.14088067405996824,581622.3960257757
Helmand,149.5,7.911853577245708,0.13660373309006113,0.1365479732049686,581622.4046947175
Helmand,149.75,7.911851862805604,0.13240256342798645,0.13234852017310353,581622.4130970546
Helmand,150.0,7.911850201093466,0.12833060080587996,0.12827822127945615,581622.4212409778
Helmand,150.25,7.911848590487404,0.12438387091945513,0.12433310385340567,581622.4291344357
Helmand,150.5,7.911847029414586,0.1205585196767996,0.1205093153869337,581622.4367851366
Helmand,150.75,7.911845516350739,0.11685081196568489,0.11680312230244135,581622.4442005503
Helmand,151.0,7.91184404982038,0.11325713223316784,0.11321091053208163,581622.4513879084
Helmand,151.25,7.911842628393603,0.10977397660432345,0.10972917763983007,581622.4583542184
Helmand,151.5,7.911841250682753,0.10639794473363383,0.10635452467629535,581622.4651062809
Helmand,151.75,7.911839915342382,0.10312573970288524,0.10308365607665887,581622.4716506898
Helmand,152.0,7.911838621068642,0.09995416652658601,0.09991337816670506,581622.4779938352
Helmand,152.25,7.911837366599822,0.09688013346686081,0.09684060047715183,581622.4841419004
Helmand,152.5,7.911836150712633,0.09390064294096118,0.09386232665498576,581622.4901008806
Helmand,152.75,7.91183497221996,0.09101278600681975,0.0909756489513209,581622.4958765937
Helmand,153.0,7.911833829970864,0.08821374236129446,0.0881777482196437,581622.5014746804
Helmand,153.25,7.911832722849994,0.08550077890814206,0.08546589248437232,581622.5069006068
Helmand,153.5,7.9118316497782075,0.08287125128352021,0.08283743846571295,581622.5121596615
Helmand,153.75,7.911830609709184,0.08032259553670244,0.08028982326385936,581622.5172569725
Helmand,154.0,7.91182960162747,0.07785232336522054,0.07782055959611914,581622.5221975164
Helmand,154.25,7.911828624548485,0.07545802211484849,0.07542723579689774,581622.5269861185
Helmand,154.5,7.911827677518077,0.07313735368850888,0.0731075147270514,581622.531627455
Helmand,154.75,7.91182675961299,0.07088805570431046,0.07085913493143212,581622.5361260507
Helmand,155.0,7.911825869938489,0.06870793566008866,0.06867990480586769,581622.5404862906
Helmand,155.25,7.911825007626078,0.06659486536107687,0.06656769702714677,581622.5447124309
Helmand,155.5,7.911824171833496,0.06454678088587666,0.06452044851900308,581622.5488085997
Helmand,155.75,7.911823361744471,0.06256168200873778,0.06253615987463244,581622.5527787972
Helmand,156.0,7.911822576568774,0.060637632311999,0.060612895469074286,581622.5566268966
Helmand,156.25,7.91182181554144,0.05877275729143023,0.05874878156534974,581622.5603566465
Helmand,156.5,7.911821077919843,0.056965237175064354,0.05694199913626965,581622.5639716866
Helmand,156.75,7.911820362983532,0.05521330653895782,0.05519078348035395,581622.5674755479
Helmand,157.0,7.911819670034207,0.05351525422972004,0.05349342414439292,581622.5708716525
Helmand,157.25,7.911818998395254,0.05186942223986933,0.05184826379925939,581622.5741633164
Helmand,157.5,7.91181834741246,0.05027420744752738,0.05025369997888516,581622.577353746
Helmand,157.75,7.911817716451077,0.048728054438589935,0.048708177905404396,581622.580446052
Helmand,158.0,7.911817104895021,0.04722945351914952,0.04721018850239664,581622.5834432539
Helmand,158.25,7.911816512146859,0.045776940715495366,0.04575826839488681,581622.5863482796
Helmand,158.5,7.911815937627619,0.04436909727767845,0.04435099941311334,581622.5891639665
Helmand,158.75,7.911815380776877,0.04300454991190642,0.04298700882481934,581622.5918930613
Helmand,159.0,7.911814841052327,0.0416819697183374,0.04166496827349181,581622.5945382218
Helmand,159.25,7.911814317927399,0.04040006636280707,0.04038358795249278,581622.5971020286
Helmand,159.5,7.911813810891134,0.03915758776210503,0.039141616290465184,581622.5995869859
Helmand,159.75,7.911813319448184,0.037953320083974854,0.037937839951332916,581622.6019955213
Helmand,160.0,7.911812843118498,0.036786086984864956,0.036771083072362765,581622.6043299877
Helmand,160.25,7.911812381437819,0.03565475082099549,0.035640208474728347,581622.6065926601
Helmand,160.5,7.911811933956468,0.03455820967141509,0.03454411468779879,581622.6087857425
Helmand,160.75,7.911811500237762,0.033495393459895724,0.033481732072629125,581622.610911375
Helmand,161.0,7.911811079857998,0.03246526392358635,0.032452022790626825,581622.6129716343
Helmand,161.25,7.911810672406459,0.031466814613012914,0.03145398080355181,581622.614968533
Helmand,161.5,7.911810277485102,0.030499070135106367,0.03048663111685313,581622.616904022
Helmand,161.75,7.911809894709116,0.029561087532530516,0.029549031158427014,581622.6187799873
Helmand,162.0,7.911809523705737,0.02865195335542597,0.028640267851569305,581622.6205982559
Helmand,162.25,7.911809164112933,0.027770780456869846,0.027759454411751393,581622.6223606018
Helmand,162.5,7.911808815579399,0.02691670798155455,0.026905730335303663,581622.6240687469
Helmand,162.75,7.911808477764563,0.026088901365787804,0.026078261399415475,581622.6257243602
Helmand,163.0,7.91180815033837,0.025286551822175884,0.02527623914702875,581622.6273290594
Helmand,163.25,7.911807832981595,0.024508877102163974,0.024498881649061957,581622.628884409
Helmand,163.5,7.911807525385368,0.023755120326949836,0.023745432335807854,581622.6303919227
Helmand,163.75,7.911807227249661,0.02302454629212011,0.023015156303085992,581622.6318530709
Helmand,164.0,7.911806938283255,0.022316441373298183,0.02230734021792928,581622.6332692809
Helmand,164.25,7.911806658203736,0.021630113526144207,0.02162129231858396,581622.6346419366
Helmand,164.5,7.91180638673744,0.020964892141919204,0.020956342270132773,581622.6359723796
Helmand,164.75,7.911806123619283,0.020320127645889054,0.02031184076306055,581622.6372619087
Helmand,165.0,7.91180586859332,0.019695192849488535,0.01968716086486587,581622.6385117784
Helmand,165.25,7.911805621411062,0.019089478838765887,0.019081693910192092,581622.6397232065
Helmand,165.5,7.911805381831194,0.018502394282234297,0.018494848808962273,581622.6408973758
Helmand,165.75,7.91180514961958,0.0179333654308719,0.01792605204637917,581622.6420354337
Helmand,166.0,7.911804924549254,0.017381836118121784,0.01737474768292524,581622.6431384924
Helmand,166.25,7.9118047064002575,0.0168472673358374,0.01684039693048099,581622.64420763
Helmand,166.5,7.91180449495992,0.01632913794883175,0.01632247886657958,581622.6452438888
Helmand,166.75,7.911804290022611,0.01582694406221937,0.015820489802010503,581622.6462482768
Helmand,167.0,7.911804091388531,0.015340196070776227,0.015333940331387564,581622.6472217728
Helmand,167.25,7.911803898863678,0.014868418580768946,0.014862355255010062,581622.648165328
Helmand,167.5,7.911803712259849,0.014411150409954821,0.014405273578862801,581622.6490798644
Helmand,167.75,7.911803531394645,0.013967944587581813,0.013962248514616093,581622.6499662761
Helmand,168.0,7.911803356091265,0.01353836787440548,0.013532846999838283,581622.6508254297
Helmand,168.25,7.911803186178946,0.013122001815926284,0.01311665075080102,581622.6516581619
Helmand,168.5,7.911803021492478,0.012718441572226648,0.012713255092797063,581622.6524652825
Helmand,168.75,7.911802861871306,0.012327293708161007,0.012322266751234203,581622.6532475783
Helmand,169.0,7.911802707159523,0.011948176176431131,0.011943303834717499,581622.6540058135
Helmand,169.25,7.911802557205867,0.01158071831758612,0.011575995835049266,581622.6547407294
Helmand,169.5,7.911802411863727,0.011224560860022402,0.011219983627229084,581622.6554530443
Helmand,169.75,7.911802270991006,0.010879355603912469,0.010874919153511383,581622.656143455
Helmand,170.0,7.911802134450348,0.010544765958001773,0.010540465959981676,581622.6568126343
Helmand,170.25,7.911802002109105,0.010220466871683813,0.010216299128661002,581622.6574612326
Helmand,170.5,7.9118018738383515,0.00990614242072251,0.00990210286421528,581622.6580898815
Helmand,170.75,7.911801749512853,0.009601485720722705,0.009597570407461172,581622.658699195
Helmand,171.0,7.911801629011065,0.009306198927130162,0.009302404035366071,581622.6592897688
Helmand,171.25,7.91180151221513,0.009019993235231566,0.009016315061048111,581622.6598621802
Helmand,171.5,7.911801399010862,0.008742588834653798,0.008739023788293996,581622.660416989
Helmand,171.75,7.911801289287582,0.00847371450949866,0.008470259111856216,581622.6609547378
Helmand,172.0,7.911801182938707,0.008213109082707821,0.008209759961228214,581622.6614759486
Helmand,172.25,7.911801079860828,0.007960519150526478,0.007957273036034378,581622.6619811286
Helmand,172.5,7.911800979953433,0.007715698412026014,0.007712552135826522,581622.6624707702
Helmand,172.75,7.911800883118907,0.007478407669103992,0.007475358160083893,581622.6629453517
Helmand,173.0,7.911800789262539,0.007248414826484159,0.007245459108213164,581622.6634053375
Helmand,173.25,7.911800698292512,0.00702549489171644,0.007022630079548437,581622.6638511774
Helmand,173.5,7.91180061011986,0.006809429857075508,0.0068066531552979665,581622.6642833076
Helmand,173.75,7.91180052465844,0.006600008631371297,0.006597317330381778,581622.66470215
Helmand,174.0,7.911800441825337,0.006397028035320309,0.006394419508397112,581622.6651081113
Helmand,174.25,7.911800361540005,0.0062002906920043625,0.006197762392938939,581622.665501586
Helmand,174.5,7.911800283724151,0.006009604743227145,0.0060071542040722875,581622.665882958
Helmand,174.75,7.911800208301732,0.0058247838495142056,0.005822408678332249,581622.6662525999
Helmand,175.0,7.911800135198957,0.005645647190112962,0.005643345068723974,581622.6666108732
Helmand,175.25,7.911800064344289,0.005472019462992694,0.00546978814472267,581622.6669581288
Helmand,175.5,7.911799995668423,0.005303730836211852,0.005301568143660744,581622.6672947061
Helmand,175.75,7.911799929104178,0.005140616687258974,0.005138520510174623,581622.6676209344
Helmand,176.0,7.911799864586989,0.004982518802734143,0.004980487095396737,581622.6679371303
Helmand,176.25,7.911799802054203,0.004829283649249514,0.004827314428562253,581622.6682436006
Helmand,176.5,7.911799741444892,0.004680761928976026,0.004678853272737167,581622.6685406441
Helmand,176.75,7.911799682699861,0.004536808579643406,0.004534958624818311,581622.6688285508
Helmand,177.0,7.911799625761639,0.004397282774540167,0.004395489715533345,581622.6691076026
Helmand,177.25,7.911799570574487,0.004262047922513605,0.004260310009440762,581622.6693780723
Helmand,177.5,7.911799517084391,0.004130971667969803,0.004129287204929886,581622.6696402248
Helmand,177.75,7.911799465238984,0.004003925686276134,0.004002293029706758,581622.6698943168
Helmand,178.0,7.911799414987728,0.003880786134501016,0.0038792036913496094,581622.670140596
Helmand,178.25,7.911799366281962,0.0037614337710617355,0.003759899996908344,581622.6703793007
Helmand,178.5,7.911799319074353,0.0036457526031595557,0.0036442660008916294,581622.6706106631
Helmand,178.75,7.911799273318873,0.0035336298450510135,0.0035321889635552147,581622.6708349086
Helmand,179.0,7.911799228970804,0.0034249559180479206,0.003423559350901934,581622.6710522566
Helmand,179.25,7.911799185986741,0.0033196244505173645,0.003318270834681703,581622.6712629196
Helmand,179.5,7.91179914432458,0.0032175322778817046,0.0032162202923915217,581622.6714671039
Helmand,179.75,7.911799103943533,0.003118579442618577,0.0031173078072754727,581622.6716650096
Helmand,180.0,7.911799064804043,0.0030226690137082238,0.0030214364878456347,581622.6718568305
Helmand,180.25,7.911799026867962,0.002929707510921693,0.0029285128919969393,581622.6720427534
Helmand,180.5,7.9117989900986,0.002839605026127375,0.00283844714826456,581622.6722229585
Helmand,180.75,7.911798954460256,0.0027522740765357386,0.0027511518095365305,581622.6723976204
Helmand,181.0,7.9117989199182075,0.0026676295715727595,0.002666541819940683,581622.6725669095
Helmand,181.25,7.911798886438705,0.002585588812879922,0.0025845345148446477,581622.672730991
Helmand,181.5,7.911798853988977,0.002506071494314216,0.0025050496208558516,581622.6728900257
Helmand,181.75,7.91179882253723,0.002428999701948141,0.002428009255821522,581622.6730441692
Helmand,182.0,7.911798792052643,0.002354297914069701,0.002353337928828682,581622.6731935729
Helmand,182.25,7.911798762505362,0.0022818929725737518,0.00228096251160716,581622.6733383829
Helmand,182.5,7.911798733866428,0.002211713915674351,0.0022108120713100017,581622.673478741
Helmand,182.75,7.911798706108142,0.0021436928646453393,0.002142818756892421,581622.6736147831
Helmand,183.0,7.91179867920364,0.0020777639937991496,0.0020769167695109175,581622.6737466408
Helmand,183.25,7.911798653126778,0.002013863232395092,0.002013042064553135,581622.6738744423
Helmand,183.5,7.911798627852123,0.0019519282646393524,0.0019511323516378629,581622.6739983123
Helmand,183.75,7.911798603354963,0.0018918985296849896,0.0018911270946150346,581622.6741183718
Helmand,184.0,7.9117985796113,0.0018337152216319386,0.001832967511565729,581622.6742347385
Helmand,184.25,7.911798556597852,0.0017773212895270097,0.00177659657480217,581622.6743475264
Helmand,184.5,7.911798534292055,0.0017226614373638874,0.0017219590108677255,581622.6744568461
Helmand,184.75,7.911798512672049,0.0016696821006261025,0.0016690012770894426,581622.6745628048
Helmand,185.0,7.911798491716624,0.0016183313068322059,0.001617671422179977,581622.6746655063
Helmand,185.25,7.91179847140554,0.001568559454495873,0.001567919864880048,581622.6747650501
Helmand,185.5,7.911798451719174,0.001520318461236341,0.0015196985424164298,581622.674861532
Helmand,185.75,7.911798432638422,0.0014735615083661144,0.0014729606551938143,581622.674955046
Helmand,186.0,7.911798414144692,0.0014282430408909643,0.001427660666794814,581622.6750456829
Helmand,186.25,7.911798396219909,0.0013843187675099298,0.0013837543039799593,581622.6751335316
Helmand,186.5,7.911798378846517,0.0013417456606153162,0.0013411985566877016,581622.6752186777
Helmand,186.75,7.911798362007469,0.0013004819562926965,0.0012999516780344104,581622.6753012051
Helmand,187.0,7.9117983456862415,0.0012604871543209105,0.0012599731843143753,581622.6753811948
Helmand,187.25,7.911798329866819,0.0012217220181720647,0.001221223854999805,581622.6754587251
Helmand,187.5,7.91179831453367,0.0011841484833421943,0.0011836656411088513,581622.6755338722
Helmand,187.75,7.911798299671827,0.0011477298716959393,0.0011472618794627863,581622.6756067094
Helmand,188.0,7.911798285266995,0.0011124311569358602,0.0011119775580471685,581622.675677307
Helmand,188.25,7.91179827130526,0.0010782182391510348,0.0010777785908562998,581622.6757457327
Helmand,188.5,7.911798257773069,0.0010450579095122824,0.00104463178260285,581622.6758120534
Helmand,188.75,7.911798244657233,0.0010129178502721655,0.0010125048287178543,581622.6758763335
Helmand,189.0,7.911798231944928,0.0009817666347649889,0.0009813663153507152,581622.675938636
Helmand,189.25,7.911798219623694,0.0009515737274067998,0.0009511857193692014,581622.6759990219
Helmand,189.5,7.911798207681432,0.0009223094836953883,0.0009219334083594479,581622.6760575504
Helmand,189.75,7.9117981961064086,0.0008939451502102863,0.0008935806406259567,581622.676114279
Helmand,190.0,7.911798184887254,0.0008664528646127692,0.000866099565191596,581622.6761692635
Helmand,190.25,7.911798174012948,0.0008398056229796297,0.0008394631891446926,581622.676222558
Helmand,190.5,7.911798163472815,0.0008139772657149352,0.0008136453635564721,581622.6762742148
Helmand,190.75,7.911798153256731,0.0007889429821470607,0.0007886212878723718,581622.6763242834
Helmand,191.0,7.911798143354866,0.0007646786841538289,0.0007643668837926387,581622.6763728119
Helmand,191.25,7.91179813375764,0.000741160897193681,0.0007408586863479344,581622.6764198475
Helmand,191.5,7.911798124455723,0.0007183667603056772,0.0007180738438993342,581622.6764654358
Helmand,191.75,7.911798115440038,0.0006962740261094964,0.0006959901181383277,581622.6765096213
Helmand,192.0,7.911798106701755,0.0006748610608054363,0.0006745858840868184,581622.6765524473
Helmand,192.25,7.911798098232297,0.0006541068441744138,0.0006538401300971239,581622.6765939556
Helmand,192.5,7.911798090023336,0.0006339909695779638,0.0006337324578519758,581622.6766341873
Helmand,192.75,7.911798082066794,0.0006144936439582407,0.0006142430823645195,581622.676673182
Helmand,193.0,7.911798074354846,0.0005955956878380175,0.0005953528319783152,581622.676710978
Helmand,193.25,7.9117980668799035,0.0005772785110253407,0.0005770431240818948,581622.6767476123
Helmand,193.5,7.911798059634618,0.0005595241011765861,0.0005592959536764446,581622.6767831212
Helmand,193.75,7.911798052612048,0.0005423154517801639,0.0005420943211850194,581622.6768175384
Helmand,194.0,7.91179804580546,0.0005256360610142075,0.0005254217315146039,581622.6768508973
Helmand,194.25,7.911798039208287,0.0005094698382243631,0.0005092621005720349,581622.6768832296
Helmand,194.5,7.911798032814132,0.0004938011039237897,0.0004935997552640003,581622.6769145671
Helmand,194.75,7.911798026616763,0.0004786145897931589,0.0004784194334970402,581622.6769449402
Helmand,195.0,7.911798020610117,0.00046389543868065504,0.0004637062841775458,581622.6769743785
Helmand,195.25,7.911798014788299,0.00044962920460197507,0.00044944586721176044,581622.677002911
Helmand,195.5,7.911798009145581,0.0004358018527403287,0.00043562415350577885,581622.6770305657
Helmand,195.75,7.911798003676405,0.0004223997594464383,0.0004222275249655474,581622.6770573698
Helmand,196.0,7.911797998375379,0.0004094097122385389,0.0004092427744968642,581622.67708335
Helmand,196.25,7.911797993237277,0.00039681890980237814,0.000396657106005379,581622.6771085316
Helmand,196.5,7.911797988257032,0.00038461493140888115,0.00038445810382672457,581622.6771329396
Helmand,196.75,7.9117979834297545,0.00037278579638264455,0.0003726337921707366,581622.6771565978
Helmand,197.0,7.911797978750847,0.00036132023772067847,0.00036117290862865283,581622.677179529
Helmand,197.25,7.911797974215837,0.0003502072979686743,0.0003500645002141714,581622.6772017549
Helmand,197.5,7.911797969820362,0.00033943628667864754,0.00033929788083844,581622.6772232968
Helmand,197.75,7.91179796556017,0.0003289967804089383,0.00032886263131005596,581622.6772441759
Helmand,198.0,7.911797961431114,0.00031887862272421077,0.00031874859933506594,581622.6772644122
Helmand,198.25,7.91179795742916,0.00030907192419545374,0.0003089458995169663,581622.6772840256
Helmand,198.5,7.911797953550381,0.00029956706239998024,0.0002994449133567028,581622.6773030353
Helmand,198.75,7.911797949790958,0.0002903546819214277,0.00029023628925267073,581622.6773214601
Helmand,199.0,7.911797946147184,0.00028142569434975784,0.00028131094250071495,581622.6773393181
Helmand,199.25,7.911797942615457,0.0002727712782812569,0.0002726600552941298,581622.6773566268
Helmand,199.5,7.911797939192288,0.00026438287931853527,0.00026427507672365923,581622.6773734037
Helmand,199.75,7.9117979358742945,0.0002562522100705278,0.00025614772277749657,581622.677389665
Helmand,200.0,7.911797932658189,0.00024837121649758315,0.00024826994270009297,581622.677405427
Helmand,200.25,7.911797929540831,0.00024073220023088074,0.0002406340412616846,581622.6774207051
Helmand,200.5,7.911797926519271,0.00023332793538924802,0.0002332327955274974,581622.6774355136
Helmand,200.75,7.911797923590634,0.00022615137666442896,0.00022605916306204485,581622.6774498667
Helmand,201.0,7.911797920752114,0.0002191956458807457,0.00021910626849426886,581622.6774637782
Helmand,201.25,7.91179791800097,0.00021245403199509838,0.00021236740351754016,581622.6774772614
Helmand,201.5,7.911797915334534,0.0002059199910969652,0.00020583602688965802,581622.6774903295
Helmand,201.75,7.911797912750203,0.00019958714640840245,0.0001995057644328504,581622.6775029951
Helmand,202.0,7.911797910245443,0.00019344928828404442,0.00019337040903377387,581622.6775152709
Helmand,202.25,7.911797907817789,0.00018750037421110354,0.00018742392064351367,581622.6775271688
Helmand,202.5,7.911797905464841,0.00018173452880937025,0.00018166042627758367,581622.6775387004
Helmand,202.75,7.911797903184271,0.00017614604383121304,0.00017607422001592645,581622.6775498774
Helmand,203.0,7.911797900973818,0.00017072937816157847,0.00017065976300291316,581622.6775607107
Helmand,203.25,7.9117978988312885,0.0001654791578179912,0.00016541168344734358,581622.6775712111
Helmand,203.5,7.911797896754559,0.00016039017595055393,0.00016032477662244625,581622.6775813891
Helmand,203.75,7.91179789474156,0.0001554573683323621,0.0001553939803662839,581622.6775912547
Helmand,204.0,7.911797892790331,0.00015067592707753612,0.0001506144887534098,581622.6776008176
Helmand,204.25,7.9117978908990425,0.0001460413653862274,0.00014598181681348642,581622.6776100867
Helmand,204.5,7.911797889065905,0.00014154930436336983,0.00014149158743696053,581622.6776190709
Helmand,204.75,7.9117978872891745,0.00013719546526082472,0.0001371395236203709,581622.6776277785
Helmand,205.0,7.911797885567144,0.00013297566947738067,0.00013292144846634849,581622.6776362181
Helmand,205.25,7.911797883898151,0.00012888583855875376,0.00012883328518361635,581622.6776443978
Helmand,205.5,7.91179788228057,0.00012492199419758746,0.00012487105708698963,581622.6776523255
Helmand,205.75,7.911797880712821,0.00012108025823345255,0.00012103088759737567,581622.6776600089
Helmand,206.0,7.911797879193359,0.00011735685265284727,0.00011730900024177383,581622.6776674557
Helmand,206.25,7.911797877720686,0.00011374809958919724,0.00011370171865327566,581622.6776746733
Helmand,206.5,7.91179787629334,0.00011025042132285547,0.00011020546657106479,581622.6776816687
Helmand,206.75,7.911797874909904,0.0001068603402811023,0.00010681676784041698,581622.6776884488
Helmand,207.0,7.911797873568997,0.00010357447903814557,0.00010353224641270012,581622.6776950205
Helmand,207.25,7.911797872269283,0.00010038956031512044,0.00010034862634537419,581622.6777013903
Helmand,207.5,7.911797871009466,9.730240698008945e-05,9.72627318019913e-05,581622.6777075647
Helmand,207.75,7.911797869788288,9.430993438818151e-05,9.427147939545734e-05,581622.6777135496
Helmand,208.0,7.911797868604538,9.140918258329846e-05,9.137191037660295e-05,581622.6777193511
Helmand,208.25,7.911797867457114,8.859744698322114e-05,8.856132126600911e-05,581622.6777249746
Helmand,208.5,7.911797866344947,8.587210441965182e-05,8.58370899649822e-05,581622.6777304253
Helmand,208.75,7.911797865266987,8.32305886413072e-05,8.319665126863494e-05,581622.6777357083
Helmand,209.0,7.911797864222212,8.067039031391827e-05,8.063749686588645e-05,581622.6777408287
Helmand,209.25,7.91179786320962,7.818905702023046e-05,7.815717533946223e-05,581622.6777457914
Helmand,209.5,7.911797862228235,7.57841932600036e-05,7.575329216589412e-05,581622.6777506011
Helmand,209.75,7.9117978612771,7.345346045001185e-05,7.342350971552028e-05,581622.6777552626
Helmand,210.0,7.9117978603552865,7.119457692404379e-05,7.116554725248534e-05,581622.6777597803
Helmand,210.25,7.911797859461886,6.900531793290233e-05,6.897718093474021e-05,581622.6777641588
Helmand,210.5,7.911797858596013,6.688351564440482e-05,6.68562438140422e-05,581622.6777684025
Helmand,210.75,7.911797857756806,6.482705914338298e-05,6.480062583595498e-05,581622.6777725153
Helmand,211.0,7.911797856943428,6.283389443168287e-05,6.280827383984856e-05,581622.6777765017
Helmand,211.25,7.911797856155063,6.0902024428164977e-05,6.087719155889935e-05,581622.6777803655
Helmand,211.5,7.911797855390921,5.902950896870415e-05,5.900543962009012e-05,581622.6777841105
Helmand,211.75,7.9117978546502306,5.721446480618962e-05,5.719113554420999e-05,581622.6777877406
Helmand,212.0,7.911797853932248,5.545506561052501e-05,5.5432453745854455e-05,581622.6777912594
Helmand,212.25,7.911797853236249,5.374953568690296e-05,5.3727619254260665e-05,581622.6777946705
Helmand,212.5,7.911797852561555,5.209621141175543e-05,5.20749691242047e-05,581622.6777979771
Helmand,212.75,7.911797851907546,5.0493579848646386e-05,5.047299103615295e-05,581622.6778011824
Helmand,213.0,7.911797851273623,4.8940164689389414e-05,4.892020928388642e-05,581622.6778042892
Helmand,213.25,7.911797850659194,4.743451991404896e-05,4.74151784370869e-05,581622.6778073005
Helmand,213.5,7.911797850063682,4.597522979094035e-05,4.595648334133704e-05,581622.6778102191
Helmand,213.75,7.91179784948652,4.4560908876629814e-05,4.454273911812027e-05,581622.6778130477
Helmand,214.0,7.911797848927157,4.319020201593443e-05,4.317259116482089e-05,581622.6778157891
Helmand,214.25,7.911797848385051,4.1861784341922185e-05,4.1844715154723995e-05,581622.677818446
Helmand,214.5,7.911797847859675,4.0574361275911945e-05,4.05578170370155e-05,581622.6778210208
Helmand,214.75,7.9117978473505115,3.932666852747344e-05,3.931063303678216e-05,581622.6778235162
Helmand,215.0,7.911797846857058,3.81174720944273e-05,3.810192965501155e-05,581622.6778259346
Helmand,215.25,7.911797846378824,3.6945568262845044e-05,3.6930503668592036e-05,581622.6778282784
Helmand,215.5,7.911797845915328,3.580978360704905e-05,3.579518213031287e-05,581622.67783055
Helmand,215.75,7.911797845466106,3.470897498961258e-05,3.469482236886406e-05,581622.6778327515
Helmand,216.0,7.911797845030703,3.3642029561359803e-05,3.362831198883647e-05,581622.6778348854
Helmand,216.25,7.911797844608677,3.260786476136574e-05,3.25945688707218e-05,581622.6778369538
Helmand,216.5,7.911797844199599,3.1605428316956324e-05,3.159254117091256e-05,581622.6778389587
Helmand,216.75,7.911797843803052,3.063369824370835e-05,3.0621207321702066e-05,581622.6778409021
Helmand,217.0,7.911797843418631,2.9691682845449487e-05,2.9679576031284468e-05,581622.6778427862
Helmand,217.25,7.911797843045945,2.8778424560638986e-05,2.8766690128566055e-05,581622.6778446127
Helmand,217.5,7.911797842684648,2.78930746342883e-05,2.788170120463842e-05,581622.6778463834
Helmand,217.75,7.911797842334417,2.7034840970907115e-05,2.7023817486989264e-05,581622.6778480998
Helmand,218.0,7.911797841994934,2.620294629027458e-05,2.619226201233479e-05,581622.6778497637
Helmand,218.25,7.911797841665889,2.539662811665534e-05,2.538627261584016e-05,581622.6778513762
Helmand,218.5,7.911797841346976,2.4615138778799522e-05,2.4605101931119496e-05,581622.6778529392
Helmand,218.75,7.911797841037896,2.3857745409942754e-05,2.3848017390235874e-05,581622.677854454
Helmand,219.0,7.911797840738356,2.3123729947806144e-05,2.3114301223701333e-05,581622.6778559221
Helmand,219.25,7.911797840448069,2.241238913459631e-05,2.2403250460476864e-05,581622.6778573447
Helmand,219.5,7.911797840166756,2.172303451700534e-05,2.1714176927972425e-05,581622.6778587234
Helmand,219.75,7.911797839894138,2.1054992446210837e-05,2.1046407252046913e-05,581622.6778600595
Helmand,220.0,7.9117978396299495,2.040760407787588e-05,2.0399282857008204e-05,581622.6778613543
Helmand,220.25,7.911797839373927,1.978022537214904e-05,1.9772159965613123e-05,581622.6778626092
Helmand,220.5,7.911797839125812,1.9172227093664388e-05,1.9164409599067454e-05,581622.6778638251
Helmand,220.75,7.911797838885356,1.858299481154148e-05,1.857541757702594e-05,581622.6778650036
Helmand,221.0,7.911797838652314,1.8011928899385366e-05,1.8004584517592273e-05,581622.6778661457
Helmand,221.25,7.911797838426446,1.7458444535286593e-05,1.7451325837319114e-05,581622.6778672526
Helmand,221.5,7.911797838207519,1.692197170182119e-05,1.6915071751208084e-05,581622.6778683256
Helmand,221.75,7.91179783799531,1.6401955186050685e-05,1.639526727270975e-05,581622.6778693657
Helmand,222.0,7.911797837789594,1.5897854579522094e-05,1.5891372213723636e-05,581622.6778703738
Helmand,222.25,7.91179783759016,1.540914427826793e-05,1.540286118459825e-05,581622.6778713512
Helmand,222.5,7.911797837396797,1.4935313463801558e-05,1.4929223575134133e-05,581622.6778722989
Helmand,222.75,7.911797837209311,1.4475882504456425e-05,1.4469979949234831e-05,581622.6778732177
Helmand,223.0,7.911797837027534,1.4030444745712078e-05,1.4024723818193367e-05,581622.6778741087
Helmand,223.25,7.911797836851312,1.359861425155067e-05,1.3593069403357705e-05,581622.6778749722
Helmand,223.5,7.911797836680487,1.3180011525901733e-05,1.3174637363397304e-05,581622.6778758095
Helmand,223.75,7.911797836514908,1.2774263512642174e-05,1.276905479430311e-05,581622.677876621
Helmand,224.0,7.911797836354425,1.2381003595596288e-05,1.2375955229387556e-05,581622.6778774075
Helmand,224.25,7.9117978361988905,1.1999871598535736e-05,1.1994978639284564e-05,581622.6778781698
Helmand,224.5,7.911797836048162,1.1630513785179566e-05,1.162577143194955e-05,581622.6778789085
Helmand,224.75,7.911797835902096,1.1272582859194203e-05,1.1267986452659413e-05,581622.6778796243
Helmand,225.0,7.911797835760554,1.0925737964193447e-05,1.0921282984012541e-05,581622.677880318
Helmand,225.25,7.9117978356234,1.0589644683738481e-05,1.058532674592882e-05,581622.6778809902
Helmand,225.5,7.9117978354905,1.0263975041337864e-05,1.0259789895649612e-05,581622.6778816415
Helmand,225.75,7.911797835361722,9.948407500447533e-06,9.94435102773778e-06,581622.6778822728
Helmand,226.0,7.911797835236937,9.642626964470805e-06,9.638695174077667e-06,581622.6778828843
Helmand,226.25,7.911797835116022,9.346324776758372e-06,9.342513803875109e-06,581622.6778834768
Helmand,226.5,7.9117978349988505,9.059198720608312e-06,9.055504823657429e-06,581622.6778840511
Helmand,226.75,7.911797834885302,8.780953019266074e-06,8.777372577273443e-06,581622.6778846076
Helmand,227.0,7.91179783477526,8.511298335924485e-06,8.507827845893453e-06,581622.6778851469
Helmand,227.25,7.91179783466861,8.24995177372376e-06,8.24658784800925e-06,581622.6778856696
Helmand,227.5,7.9117978345652356,7.996636875751482e-06,7.993376239434115e-06,581622.6778861763
Helmand,227.75,7.9117978344650295,7.751083625042613e-06,7.747923113302817e-06,581622.6778866673
Helmand,228.0,7.911797834367883,7.513028444579506e-06,7.5099650000716134e-06,581622.6778871435
Helmand,228.25,7.911797834273692,7.2822141972918775e-06,7.279244867518253e-06,581622.677887605
Helmand,228.5,7.9117978341823525,7.058390186056827e-06,7.055512120741973e-06,581622.6778880528
Helmand,228.75,7.911797834093768,6.8413149662039565e-06,6.838525413521758e-06,581622.6778884869
Helmand,229.0,7.9117978340078565,6.630791094085984e-06,6.628087382717903e-06,581622.677888908
Helmand,229.25,7.911797833924549,6.42664778942694e-06,6.424027317690196e-06,581622.6778893162
Helmand,229.5,7.911797833843776,6.228716473161735e-06,6.226176708111817e-06,581622.677889712
Helmand,229.75,7.911797833765471,6.036830910565058e-06,6.034369387039817e-06,581622.6778900959
Helmand,230.0,7.911797833689566,5.850827211251376e-06,5.84844153091512e-06,581622.6778904679
Helmand,230.25,7.911797833615995,5.670543829174933e-06,5.668231659562524e-06,581622.6778908285
Helmand,230.5,7.911797833544694,5.4958215626297496e-06,5.4935806361906975e-06,581622.6778911779
Helmand,230.75,7.911797833475598,5.3265035542496246e-06,5.324331667392184e-06,581622.6778915165
Helmand,231.0,7.911797833408644,5.162435291008134e-06,5.160330303143398e-06,581622.6778918447
Helmand,231.25,7.911797833343771,5.003464604218632e-06,5.001424436804628e-06,581622.6778921626
Helmand,231.5,7.911797833280917,4.849441669534249e-06,4.847464305120034e-06,581622.6778924706
Helmand,231.75,7.911797833220022,4.700219006947893e-06,4.698302488217649e-06,581622.6778927691
Helmand,232.0,7.9117978331610255,4.555651480792249e-06,4.5537939096093785e-06,581622.6778930583
Helmand,232.25,7.911797833103871,4.41559629973978e-06,4.413795836191001e-06,581622.6778933384
Helmand,232.5,7.911797833048501,4.2799130168027264e-06,4.278167878242169e-06,581622.6778936097
Helmand,232.75,7.911797832994859,4.148463529333107e-06,4.1467719894264055e-06,581622.6778938726
Helmand,233.0,7.911797832942889,4.021112079022715e-06,4.019472466791107e-06,581622.6778941273
Helmand,233.25,7.911797832892537,3.8977252519031245e-06,3.8961359507675415e-06,581622.6778943741
Helmand,233.5,7.9117978328437495,3.778171978345685e-06,3.7766314251708537e-06,581622.6778946132
Helmand,233.75,7.9117978327964735,3.662323533061523e-06,3.660830217200055e-06,581622.6778948449
Helmand,234.0,7.911797832750658,3.550053535101543e-06,3.5486059974380357e-06,581622.6778950695
Helmand,234.25,7.9117978327062515,3.4412379478564277e-06,3.439834779851554e-06,581622.677895287
Helmand,234.5,7.911797832663206,3.3357550790566353e-06,3.3343949217912413e-06,581622.677895498
Helmand,234.75,7.911797832621471,3.233485580772406e-06,3.2321671239916054e-06,581622.6778957025
Helmand,235.0,7.9117978325810006,3.1343124494137506e-06,3.1330344305710235e-06,581622.6778959009
Helmand,235.25,7.911797832541747,3.03812102573046e-06,3.0368822290317463e-06,581622.6778960933
Helmand,235.5,7.911797832503663,2.9447989948121044e-06,2.9435982502598946e-06,581622.67789628
Helmand,235.75,7.911797832466707,2.854239673790673e-06,2.853075854887526e-06,581622.677896461
Helmand,236.0,7.91179783243085,2.766373047941563e-06,2.7652450567384863e-06,581622.6778966368
Helmand,236.25,7.911797832396067,2.6811369043377015e-06,2.680043668253051e-06,581622.6778968072
Helmand,236.5,7.911797832362331,2.5984673212390748e-06,2.59740779375535e-06,581622.6778969726
Helmand,236.75,7.911797832329616,2.5183009804147876e-06,2.5172741408325523e-06,581622.6778971329
Helmand,237.0,7.911797832297897,2.4405751671430645e-06,2.439580020334863e-06,581622.6778972883
Helmand,237.25,7.911797832267149,2.3652277702112466e-06,2.364263346375525e-06,581622.6778974391
Helmand,237.5,7.9117978322373474,2.2921972819157947e-06,2.2912626363308205e-06,581622.6778975851
Helmand,237.75,7.911797832208465,2.2214227980622878e-06,2.2205170108400685e-06,581622.6778977267
Helmand,238.0,7.911797832180479,2.1528440179654234e-06,2.151966193805625e-06,581622.6778978638
Helmand,238.25,7.911797832153365,2.086401244449018e-06,2.0855505123928844e-06,581622.6778979967
Helmand,238.5,7.911797832127099,2.0220353838460055e-06,2.02121089703028e-06,581622.6778981255
Helmand,238.75,7.911797832101655,1.959687945998439e-06,1.9588888814092806e-06,581622.6778982502
Helmand,239.0,7.911797832077013,1.8993010442574912e-06,1.8985266024843945e-06,581622.6778983709
Helmand,239.25,7.911797832053146,1.8408173954834512e-06,1.8400668004731668e-06,581622.6778984879
Helmand,239.5,7.911797832030033,1.784180320045727e-06,1.783452818856181e-06,581622.6778986012
Helmand,239.75,7.911797832007651,1.7293337418228468e-06,1.728628604377058e-06,581622.6778987108
Helmand,240.0,7.911797831985978,1.6762221882024559e-06,1.6755387070424558e-06,581622.6778988171
Helmand,240.25,7.911797831964989,1.624790790081318e-06,1.6241282801220716e-06,581622.6778989199
Helmand,240.5,7.911797831944664,1.5749852818653166e-06,1.5743430801486391e-06,581622.6778990196
Helmand,240.75,7.911797831924981,1.5267520014694517e-06,1.5261294669179307e-06,581622.677899116
Helmand,241.0,7.911797831905918,1.4800378903178432e-06,1.4794344034887553e-06,581622.6778992094
Helmand,241.25,7.911797831887453,1.43479049334373e-06,1.43420545618296e-06,581622.6778992999
Helmand,241.5,7.911797831869566,1.3909579589894677e-06,1.390390794585431e-06,581622.6778993875
Helmand,241.75,7.911797831852235,1.3484890392065325e-06,1.3479391915440906e-06,581622.6778994725
Helmand,242.0,7.91179783183544,1.307333089455517e-06,1.3068000231698984e-06,581622.6778995548
Helmand,242.25,7.91179783181916,1.2674400687061337e-06,1.2669232688368548e-06,581622.6778996346
Helmand,242.5,7.9117978318033755,1.2287605394372137e-06,1.228259511181995e-06,581622.677899712
Helmand,242.75,7.911797831788067,1.1912456676367056e-06,1.1907599361053913e-06,581622.677899787
Helmand,243.0,7.911797831773213,1.154847222801677e-06,1.1543763327701571e-06,581622.6778998598
Helmand,243.25,7.911797831758795,1.1195175779383147e-06,1.1190610936024412e-06,581622.6778999305
Helmand,243.5,7.911797831744795,1.0852097095619227e-06,1.08476721429143e-06,581622.6778999991
Helmand,243.75,7.911797831731192,1.0518772068181436e-06,1.0514483029068488e-06,581622.6779000658
Helmand,244.0,7.911797831717977,1.0194943589165718e-06,1.0190786591418646e-06,581622.6779001305
Helmand,244.25,7.9117978317051465,9.880518924698364e-07,9.876490133903038e-07,581622.6779001935
Helmand,244.5,7.911797831692691,9.575306818045862e-07,9.571402477773246e-07,581622.6779002545
Helmand,244.75,7.911797831680604,9.279116199959247e-07,9.275332631688947e-07,581622.6779003137
Helmand,245.0,7.911797831668878,8.991756188674103e-07,8.988089791717917e-07,581622.6779003711
Helmand,245.25,7.911797831657503,8.713036089910553e-07,8.709483341336031e-07,581622.6779004269
Helmand,245.5,7.911797831646474,8.442765396873268e-07,8.439322851427266e-07,581622.677900481
Helmand,245.75,7.9117978316357815,8.180753790251464e-07,8.177418080283695e-07,581622.6779005334
Helmand,246.0,7.911797831625418,7.926811138218897e-07,7.923578973605492e-07,581622.6779005842
Helmand,246.25,7.911797831615377,7.680747496433869e-07,7.67761566450093e-07,581622.6779006334
Helmand,246.5,7.911797831605649,7.44237310803923e-07,7.439338473486381e-07,581622.677900681
Helmand,246.75,7.911797831596228,7.211498403662371e-07,7.208557908486316e-07,581622.6779007273
Helmand,247.0,7.911797831587105,6.987934001415228e-07,6.985084664833307e-07,581622.677900772
Helmand,247.25,7.911797831578272,6.771490706894282e-07,6.768729625268022e-07,581622.6779008153
Helmand,247.5,7.911797831569722,6.561979513180559e-07,6.559303859939232e-07,581622.6779008572
Helmand,247.75,7.911797831561447,6.359211600839627e-07,6.356618626403805e-07,581622.6779008977
Helmand,248.0,7.91179783155344,6.162998337921601e-07,6.160485369626709e-07,581622.6779009369
Helmand,248.25,7.911797831545693,5.97315127996114e-07,5.970715721981009e-07,581622.6779009749
Helmand,248.5,7.911797831538197,5.789482169977443e-07,5.787121503247873e-07,581622.6779010117
Helmand,248.75,7.911797831530947,5.611802938474265e-07,5.609514720616566e-07,581622.6779010472
Helmand,249.0,7.911797831523933,5.43992570343989e-07,5.437707568684454e-07,581622.6779010815
Helmand,249.25,7.911797831517148,5.273662770347158e-07,5.271512429456999e-07,581622.6779011148
Helmand,249.5,7.911797831510585,5.112826632153449e-07,5.110741872347766e-07,581622.6779011469
Helmand,249.75,7.911797831504235,4.957229969300687e-07,4.955208654178416e-07,581622.6779011781
Helmand,250.0,7.911797831498092,4.806685649715344e-07,4.804725719178713e-07,581622.6779012082
Helmand,250.25,7.911797831492146,4.661006728808432e-07,4.659106198986516e-07,581622.6779012374
Helmand,250.5,7.911797831486393,4.5200064494755085e-07,4.5181634126477863e-07,581622.6779012656
Helmand,250.75,7.911797831480822,4.3834982420966765e-07,4.3817108666165823e-07,581622.6779012928
Helmand,251.0,7.911797831475427,4.2512957245365875e-07,4.2495622547550617e-07,581622.6779013192
Helmand,251.25,7.9117978314702,4.123212702144426e-07,4.1215314583334894e-07,581622.677901345
Helmand,251.5,7.911797831465134,3.9990631677539314e-07,3.9974325460302155e-07,581622.6779013698
Helmand,251.75,7.911797831460221,3.8786613016833857e-07,3.8770797739316997e-07,581622.6779013939
Helmand,252.0,7.911797831455452,3.761821471735612e-07,3.7602875855324974e-07,581622.6779014171
Helmand,252.25,7.911797831450822,3.6483582331979805e-07,3.646870611735265e-07,581622.6779014398
Helmand,252.5,7.9117978314463215,3.5380863288424043e-07,3.5366436708507527e-07,581622.677901462
Helmand,252.75,7.911797831441945,3.43082068892534e-07,3.429421768597819e-07,581622.6779014834
Helmand,253.0,7.911797831437682,3.326376431187791e-07,3.3250200981034125e-07,581622.6779015042
Helmand,253.25,7.911797831433528,3.224568860855309e-07,3.2232540399025913e-07,581622.6779015246
Helmand,253.5,7.911797831429477,3.12530788708899e-07,3.1240335398910415e-07,581622.6779015445
Helmand,253.75,7.9117978314255355,3.028717826762346e-07,3.0274828642517937e-07,581622.6779015638
Helmand,254.0,7.911797831421702,2.9347746448727626e-07,2.933577987782505e-07,581622.6779015827
Helmand,254.25,7.911797831417975,2.843444438928304e-07,2.842285021815002e-07,581622.677901601
Helmand,254.5,7.911797831414353,2.7546923912588737e-07,2.753569162876114e-07,581622.6779016186
Helmand,254.75,7.911797831410835,2.6684827690162123e-07,2.667394692687673e-07,581622.6779016359
Helmand,255.0,7.911797831407419,2.584778924173898e-07,2.5837249781665147e-07,581622.6779016526
Helmand,255.25,7.911797831404104,2.5035432935273464e-07,2.502522471424478e-07,581622.6779016689
Helmand,255.5,7.9117978314008885,2.4247373986938126e-07,2.4237487097684054e-07,581622.6779016847
Helmand,255.75,7.91179783139777,2.348321846112388e-07,2.3473643157001418e-07,581622.6779016999
Helmand,256.0,7.911797831394748,2.2742563270440028e-07,2.2733289969165364e-07,581622.6779017147
Helmand,256.25,7.911797831391819,2.2024996175714247e-07,2.2016015463094408e-07,581622.6779017291
Helmand,256.5,7.911797831388983,2.1330095785992592e-07,2.1321398419657108e-07,581622.677901743
Helmand,256.75,7.911797831386238,2.065743155853949e-07,2.064900847167204e-07,581622.6779017565
Helmand,257.0,7.911797831383582,2.0006563798837762e-07,1.9998406103907827e-07,581622.6779017695
Helmand,257.25,7.911797831381013,1.9377043660588596e-07,1.9369142653083115e-07,581622.6779017821
Helmand,257.5,7.9117978313785295,1.8768413145711565e-07,1.8760760307866587e-07,581622.6779017942
Helmand,257.75,7.911797831376129,1.818020510434461e-07,1.8172792108876958e-07,581622.677901806
Helmand,258.0,7.91179783137381,1.7611943234844055e-07,1.7604761948682976e-07,581622.6779018174
Helmand,258.25,7.911797831371571,1.706314208378462e-07,1.7056184571803423e-07,581622.6779018283
Helmand,258.5,7.911797831369408,1.653330704595937e-07,1.65265655747071e-07,581622.6779018389
Helmand,258.75,7.911797831367322,1.6021934364379778e-07,1.601540140581286e-07,581622.6779018492
Helmand,259.0,7.911797831365308,1.5528511130275682e-07,1.552217936548958e-07,581622.677901859
Helmand,259.25,7.911797831363366,1.50525152830953e-07,1.5046377606056172e-07,581622.6779018686
Helmand,259.5,7.911797831361492,1.4593415610505225e-07,1.458746513178157e-07,581622.6779018777
Helmand,259.75,7.911797831359685,1.4150671748390453e-07,1.4144901798884754e-07,581622.6779018866
Helmand,260.0,7.911797831357943,1.372373418085431e-07,1.371813831553473e-07,581622.6779018951
Helmand,260.25,7.911797831356263,1.331204424021854e-07,1.3306616241850536e-07,581622.6779019034
Helmand,260.5,7.911797831354643,1.2915034107023262e-07,1.2909767989901248e-07,581622.6779019113
Helmand,260.75,7.911797831353081,1.253212681002696e-07,1.2527016823705968e-07,581622.677901919
Helmand,261.0,7.911797831351572,1.21627362262065e-07,1.2157776859233838e-07,581622.6779019263
Helmand,261.25,7.911797831350118,1.1806267080757136e-07,1.1801453064404016e-07,581622.6779019334
Helmand,261.5,7.911797831348713,1.1462114947092479e-07,1.1457441259085714e-07,581622.6779019403
Helmand,261.75,7.911797831347357,1.112966624684455e-07,1.1125128115098159e-07,581622.677901947
Helmand,262.0,7.911797831346045,1.0808298249863725e-07,1.0803891156210631e-07,581622.6779019535
Helmand,262.25,7.911797831344777,1.0497379074218756e-07,1.0493098758142417e-07,581622.6779019596
Helmand,262.5,7.911797831343548,1.0196267686196793e-07,1.0192110148562855e-07,581622.6779019657
Helmand,262.75,7.911797831342357,9.904313900303359e-08,9.900275407091308e-08,581622.6779019715
Helmand,263.0,7.911797831341199,9.620858379262334e-08,9.616935465297175e-08,581622.6779019772
Helmand,263.25,7.911797831340075,9.345232634016007e-08,9.341422106699885e-08,581622.6779019827
Helmand,263.5,7.911797831338979,9.076759023725012e-08,9.073057966768905e-08,581622.677901988
Helmand,263.75,7.9117978313379105,8.81475075576841e-08,8.811156532923715e-08,581622.6779019933
Helmand,264.0,7.911797831336864,8.558511885743585e-08,8.555022144533861e-08,581622.6779019984
Helmand,264.25,7.911797831335839,8.307337317466343e-08,8.303949992918886e-08,581622.6779020034
Helmand,264.5,7.911797831334832,8.06051280297084e-08,8.0572261213484e-08,581622.6779020084
Helmand,264.75,7.91179783133384,7.81731494250963e-08,7.814127425042e-08,581622.6779020133
Helmand,265.0,7.91179783133286,7.57731330652921e-08,7.574223649954387e-08,581622.6779020181
Helmand,265.25,7.911797831331901,7.342114759350955e-08,7.339121005206034e-08,581622.6779020228
Helmand,265.5,7.911797831330962,7.112124993967454e-08,7.109225018367648e-08,581622.6779020274
Helmand,265.75,7.911797831330045,6.887393388554511e-08,6.884585047480905e-08,581622.6779020319
Helmand,266.0,7.9117978313291495,6.667962993090517e-08,6.665244124970406e-08,581622.6779020362
Helmand,266.25,7.9117978313282755,6.45387052935645e-08,6.45123895764367e-08,581622.6779020405
Helmand,266.5,7.911797831327424,6.245146390935876e-08,6.24259992669114e-08,581622.6779020447
Helmand,266.75,7.911797831326594,6.041814643214949e-08,6.039351087686178e-08,581622.6779020488
Helmand,267.0,7.911797831325787,5.8438930233824096e-08,5.841510170585068e-08,581622.6779020528
Helmand,267.25,7.911797831325001,5.6513929404295866e-08,5.649088579727019e-08,581622.6779020566
Helmand,267.5,7.911797831324238,5.464319475150395e-08,5.4620913938341536e-08,581622.6779020603
Helmand,267.75,7.911797831323496,5.2826713801413386e-08,5.280517366011523e-08,581622.6779020639
Helmand,268.0,7.911797831322777,5.1064410798015076e-08,5.104358923747096e-08,581622.6779020675
Helmand,268.25,7.9117978313220805,4.935614670332581e-08,4.933602168911764e-08,581622.6779020709
Helmand,268.5,7.911797831321405,4.770171919738824e-08,4.7682268777593394e-08,581622.6779020743
Helmand,268.75,7.911797831320752,4.610086267827091e-08,4.608206500926558e-08,581622.6779020774
Helmand,269.0,7.91179783132012,4.4553248262068204e-08,4.453508163433071e-08,581622.6779020806
Helmand,269.25,7.91179783131951,4.305848378290043e-08,4.3040926646814586e-08,581622.6779020835
Helmand,269.5,7.911797831318921,4.1616113792913716e-08,4.1599144784572156e-08,581622.6779020864
Helmand,269.75,7.911797831318354,4.022561956228012e-08,4.0209217529287634e-08,581622.6779020892
Helmand,270.0,7.9117978313178075,3.8886419079197534e-08,3.8870563106474425e-08,581622.6779020919
Helmand,270.25,7.911797831317282,3.759786704988974e-08,3.758253648547513e-08,581622.6779020944
Helmand,270.5,7.911797831316776,3.63592548986064e-08,3.63444293794616e-08,581622.6779020969
Helmand,270.75,7.911797831316291,3.516981076762303e-08,3.515547024543487e-08,581622.6779020993
Helmand,271.0,7.911797831315825,3.4028699517241046e-08,3.401482428422522e-08,581622.6779021015
Helmand,271.25,7.911797831315379,3.293502272578772e-08,3.2921593440492094e-08,581622.6779021038
Helmand,271.5,7.911797831314952,3.188781868961622e-08,3.18748164027242e-08,581622.6779021058
Helmand,271.75,7.9117978313145425,3.088606242310556e-08,3.0873468603239406e-08,581622.6779021078
Helmand,272.0,7.911797831314152,2.992866565866065e-08,2.991646221818486e-08,581622.6779021098
Helmand,272.25,7.911797831313779,2.901447684671225e-08,2.900264616753688e-08,581622.6779021117
Helmand,272.5,7.911797831313423,2.814228115571705e-08,2.8130806115101018e-08,581622.6779021134
Helmand,272.75,7.911797831313084,2.731080047215756e-08,2.7299664468511994e-08,581622.677902115
Helmand,273.0,7.911797831312761,2.6518693400542173e-08,2.6507880379233786e-08,581622.6779021166
Helmand,273.25,7.911797831312453,2.5764555263405177e-08,2.575404974255961e-08,581622.6779021181
Helmand,273.5,7.9117978313121595,2.504691810130672e-08,2.5036705197611804e-08,581622.6779021196
Helmand,273.75,7.9117978313118815,2.436425067283284e-08,2.4354316127342022e-08,581622.6779021209
Helmand,274.0,7.911797831311616,2.37149584545954e-08,2.3705288658531044e-08,581622.6779021223
Helmand,274.25,7.911797831311365,2.309738364123223e-08,2.308796566178896e-08,581622.6779021234
Helmand,274.5,7.911797831311125,2.250980514540694e-08,2.2500626751554967e-08,581622.6779021246
Helmand,274.75,7.9117978313108965,2.1950438597809095e-08,2.1941488286097542e-08,581622.6779021258
Helmand,275.0,7.911797831310679,2.1417436347154057e-08,2.1408703367514366e-08,581622.6779021268
Helmand,275.25,7.911797831310471,2.0908887460183126e-08,2.0900361841732302e-08,581622.6779021278
Helmand,275.5,7.911797831310273,2.042281772166343e-08,2.0414490298507504e-08,581622.6779021288
Helmand,275.75,7.911797831310083,1.9957189634388015e-08,1.9949052071425238e-08,581622.6779021297
Helmand,276.0,7.9117978313099,1.950990241917575e-08,1.9501947237900067e-08,581622.6779021306
Helmand,276.25,7.911797831309724,1.907879201487144e-08,1.907101261917568e-08,581622.6779021315
Helmand,276.5,7.9117978313095545,1.866163107834574e-08,1.8654021780325105e-08,581622.6779021323
Helmand,276.75,7.911797831309388,1.825612898449516e-08,1.8248685030250447e-08,581622.6779021331
Helmand,277.0,7.911797831309227,1.7859931826242104e-08,1.7852649421683155e-08,581622.6779021339
Helmand,277.25,7.911797831309068,1.7470622414534798e-08,1.746349875118376e-08,581622.6779021347
Helmand,277.5,7.9117978313089115,1.7085720278347456e-08,1.7078753559142086e-08,581622.6779021354
Helmand,277.75,7.911797831308755,1.6702681664680076e-08,1.66958711297772e-08,581622.6779021362
Helmand,278.0,7.911797831308598,1.6318899538558523e-08,1.6312245491137267e-08,581622.677902137
Helmand,278.25,7.91179783130844,1.5931703583034623e-08,1.5925207415099813e-08,581622.6779021377
Helmand,278.5,7.91179783130828,1.553836019918603e-08,1.5532024417371426e-08,581622.6779021386
Helmand,278.75,7.911797831308116,1.5136072506116196e-08,1.5129900757488077e-08,581622.6779021394
Helmand,279.0,7.911797831307947,1.4721980340954556e-08,1.4715977438814742e-08,581622.6779021402
Helmand,279.25,7.911797831307772,1.4293160258856398e-08,1.4287332208545786e-08,581622.677902141
Helmand,279.5,7.911797831307592,1.3851815462261337e-08,1.384616737077497e-08,581622.6779021419
Helmand,279.75,7.911797831307412,1.3411382136244465e-08,1.3405913631986955e-08,581622.6779021429
Helmand,280.0,7.911797831307234,1.2973424886810026e-08,1.296813496021222e-08,581622.6779021437
Helmand,280.25,7.911797831307056,1.253865437200531e-08,1.2533541723720682e-08,581622.6779021446
Helmand,280.5,7.91179783130688,1.2107754197205217e-08,1.2102817249140815e-08,581622.6779021454
Helmand,280.75,7.911797831306706,1.168138091511226e-08,1.1676617821459642e-08,581622.6779021464
Helmand,281.0,7.911797831306534,1.1260164025756557e-08,1.1255572684022748e-08,581622.6779021472
Helmand,281.25,7.911797831306365,1.084470597649584e-08,1.0840284038534256e-08,581622.677902148
Helmand,281.5,7.911797831306198,1.0435582162015448e-08,1.0431327045056861e-08,581622.6779021488
Helmand,281.75,7.911797831306034,1.0033340924328334e-08,1.0029249822011797e-08,581622.6779021496
Helmand,282.0,7.911797831305872,9.638503552775053e-09,9.63457344617886e-09,581622.6779021504
Helmand,282.25,7.911797831305715,9.251564284023785e-09,9.247791952696397e-09,581622.6779021511
Helmand,282.5,7.91179783130556,8.8729903020703e-09,8.869372335061305e-09,581622.677902152
Helmand,282.75,7.911797831305409,8.503221738237995e-09,8.499754545129041e-09,581622.6779021526
Helmand,283.0,7.911797831305262,8.14267167117787e-09,8.139351493113611e-09,581622.6779021533
Helmand,283.25,7.911797831305119,7.791726126868532e-09,7.788549047587581e-09,581622.677902154
Helmand,283.5,7.9117978313049795,7.450744078616203e-09,7.4477060354820585e-09,581622.6779021547
Helmand,283.75,7.9117978313048445,7.1200574470547146e-09,7.117154242086714e-09,581622.6779021554
Helmand,284.0,7.911797831304714,6.799971100145507e-09,6.797198411049772e-09,581622.6779021561
Helmand,284.25,7.911797831304588,6.490762853177629e-09,6.4881162443780055e-09,581622.6779021567
Helmand,284.5,7.911797831304466,6.192683468767741e-09,6.190158402436744e-09,581622.6779021573
Helmand,284.75,7.911797831304349,5.9059566568601185e-09,5.90354850394987e-09,581622.6779021579
Helmand,285.0,7.911797831304237,5.630779074726631e-09,5.628483125999823e-09,581622.6779021585
Helmand,285.25,7.9117978313041295,5.36732032696678e-09,5.365131804027585e-09,581622.6779021589
Helmand,285.5,7.9117978313040265,5.115722965507661e-09,5.113637031832705e-09,581622.6779021594
Helmand,285.75,7.911797831303929,4.876102489603982e-09,4.874114261573278e-09,581622.67790216
Helmand,286.0,7.911797831303836,4.648547345838065e-09,4.646651903765955e-09,581622.6779021603
Helmand,286.25,7.9117978313037485,4.433118928119842e-09,4.431311327285944e-09,581622.6779021608
Helmand,286.5,7.911797831303665,4.2298515776868554e-09,4.228126859366993e-09,581622.6779021613
Helmand,286.75,7.911797831303587,4.03875258310425e-09,4.03710578560142e-09,581622.6779021616
Helmand,287.0,7.911797831303514,3.859802180264785e-09,3.85822834994009e-09,581622.677902162
Helmand,287.25,7.9117978313034465,3.6929535523888393e-09,3.691447754692418e-09,581622.6779021623
Helmand,287.5,7.9117978313033825,3.5381328300243808e-09,3.5366901605263797e-09,581622.6779021627
Helmand,287.75,7.911797831303325,3.3952390910470107e-09,3.3938546864684953e-09,581622.6779021629
Helmand,288.0,7.9117978313032715,3.264144360659922e-09,3.262813409903851e-09,581622.6779021631
Helmand,288.25,7.911797831303223,3.1446936113939325e-09,3.143411366576071e-09,581622.6779021634
Helmand,288.5,7.911797831303178,3.036704763107453e-09,3.035466550587344e-09,581622.6779021636
Helmand,288.75,7.911797831303139,2.9399686829865195e-09,2.9387699143984154e-09,581622.6779021638
Helmand,289.0,7.911797831303104,2.854249185544771e-09,2.853085368828572e-09,581622.6779021639
Helmand,289.25,7.9117978313030735,2.779283032623458e-09,2.7781497830556666e-09,581622.6779021642
Helmand,289.5,7.911797831303047,2.714779933391436e-09,2.7136729846160887e-09,581622.6779021643
Helmand,289.75,7.911797831303025,2.66042254434518e-09,2.659337759404804e-09,581622.6779021644
Helmand,290.0,7.911797831303007,2.6158664693087775e-09,2.614799851675316e-09,581622.6779021644
Helmand,290.25,7.911797831302993,2.5807402594338998e-09,2.5796879640396898e-09,581622.6779021645
Helmand,290.5,7.911797831302982,2.5546454131998585e-09,2.5536037574685256e-09,581622.6779021645
Helmand,290.75,7.911797831302975,2.5371563764135653e-09,2.536121851291011e-09,581622.6779021646
Helmand,291.0,7.91179783130297,2.5278205422095396e-09,2.526789823194855e-09,581622.6779021646
Helmand,291.25,7.9117978313029695,2.5261582510499012e-09,2.525128209226335e-09,581622.6779021646
Helmand,291.5,7.911797831302972,2.531662790724406e-09,2.530630503790283e-09,581622.6779021646
Helmand,291.75,7.9117978313029775,2.543800396350387e-09,2.5427631596500824e-09,581622.6779021646
Helmand,292.0,7.911797831302985,2.5620102503728194e-09,2.5609655879276624e-09,581622.6779021645
Helmand,292.25,7.911797831302994,2.585704482564266e-09,2.5846501581035226e-09,581622.6779021645
Helmand,292.5,7.911797831303006,2.614268170024909e-09,2.6132021980167004e-09,581622.6779021644
Helmand,292.75,7.911797831303019,2.6470593371825307e-09,2.6459799938647894e-09,581622.6779021644
Helmand,293.0,7.911797831303034,2.683408955792541e-09,2.6823147902039514e-09,581622.6779021643
Helmand,293.25,7.91179783130305,2.722620944937944e-09,2.721510789948876e-09,581622.6779021643
Helmand,293.5,7.911797831303067,2.7639721710293658e-09,2.7628451543728365e-09,581622.6779021642
Helmand,293.75,7.911797831303084,2.8067124478050267e-09,2.8055680031076266e-09,581622.677902164
Helmand,294.0,7.911797831303102,2.850064536330768e-09,2.848902414143622e-09,581622.6779021639
Helmand,294.25,7.91179783130312,2.893224145000055e-09,2.8920444238297413e-09,581622.6779021639
Helmand,294.5,7.9117978313031365,2.9353599295339263e-09,2.934163026873451e-09,581622.6779021638
Helmand,294.75,7.911797831303153,2.9756134929810587e-09,2.974400176340781e-09,581622.6779021637
Helmand,295.0,7.9117978313031685,3.013099385717738e-09,3.0118707836563133e-09,581622.6779021637
Helmand,295.25,7.911797831303183,3.0469051054478614e-09,3.045662718603174e-09,581622.6779021636
Helmand,295.5,7.911797831303194,3.0760910972029084e-09,3.0748368093230504e-09,581622.6779021636
Helmand,295.75,7.911797831303204,3.099690753341993e-09,3.098426842316184e-09,581622.6779021635
Helmand,296.0,7.911797831303211,3.11671041355184e-09,3.1154395624413626e-09,581622.6779021635
Helmand,296.25,7.911797831303215,3.1261293648467836e-09,3.1248546729159394e-09,581622.6779021635
Helmand,296.5,7.911797831303215,3.1268998415687573e-09,3.12562483531582e-09,581622.6779021635
Helmand,296.75,7.911797831303211,3.1179470253873144e-09,3.116675669575445e-09,581622.6779021635
Helmand,297.0,7.911797831303203,3.0981690452996065e-09,3.096905753987833e-09,581622.6779021635
Helmand,297.25,7.911797831303191,3.0664369776304235e-09,3.065186625204537e-09,581622.6779021636
Helmand,297.5,7.911797831303172,3.0215948460321184e-09,3.0203627782356768e-09,581622.6779021636
Helmand,297.75,7.911797831303148,2.962459621484699e-09,2.9612516664499233e-09,581622.6779021637
Helmand,298.0,7.911797831303118,2.887821222295755e-09,2.8866437015744872e-09,581622.6779021639
Helmand,298.25,7.9117978313030815,2.798613721003285e-09,2.797472575729388e-09,581622.677902164
Helmand,298.5,7.911797831303042,2.7025912399781335e-09,2.7014892511392694e-09,581622.6779021643
Helmand,298.75,7.911797831303001,2.601049731707068e-09,2.5999891518577773e-09,581622.6779021644
Helmand,299.0,7.911797831302957,2.4945220147601194e-09,2.49350487902813e-09,581622.6779021646
Helmand,299.25,7.911797831302912,2.383528239871004e-09,2.3825563711265777e-09,581622.6779021649
Helmand,299.5,7.911797831302865,2.2685758899371245e-09,2.2676509039624007e-09,581622.6779021651
Helmand,299.75,7.911797831302817,2.1501597800195692e-09,2.1492830906779123e-09,581622.6779021653
Helmand,300.0,7.911797831302767,2.028762057343114e-09,2.027934881748456e-09,581622.6779021656
Helmand,300.25,7.911797831302716,1.9048522012962197e-09,1.9040755649824082e-09,581622.6779021658
Helmand,300.5,7.911797831302665,1.7788870234310341e-09,1.778161765521175e-09,581622.677902166
Helmand,300.75,7.911797831302613,1.6513106674633907e-09,1.6506374458391953e-09,581622.6779021664
Helmand,301.0,7.911797831302561,1.5225546092728093e-09,1.5219339057439386e-09,581622.6779021666
Helmand,301.25,7.911797831302508,1.3930376569024968e-09,1.3924697823759068e-09,581622.6779021668
Helmand,301.5,7.911797831302454,1.2631659505593443e-09,1.262651050208632e-09,581622.6779021671
Helmand,301.75,7.911797831302402,1.1333329626139319e-09,1.1328710210486798e-09,581622.6779021674
Helmand,302.0,7.911797831302349,1.0039194976005226e-09,1.0035103440356443e-09,581622.6779021677
Helmand,302.25,7.911797831302296,8.752936922170685e-10,8.74937005642154e-10,581622.6779021679
Helmand,302.5,7.911797831302245,7.478110153252063e-10,7.475063296738659e-10,581622.6779021681
Helmand,302.75,7.911797831302193,6.218142679502598e-10,6.215609772694713e-10,581622.6779021684
Helmand,303.0,7.911797831302143,4.976335832812384e-10,4.974309469006931e-10,581622.6779021687
Helmand,303.25,7.911797831302093,3.755864266708383e-10,3.754335743722821e-10,581622.677902169
Helmand,303.5,7.911797831302044,2.5597759563544006e-10,2.558735328220231e-10,581622.6779021692
Helmand,303.75,7.911797831301996,1.3909921985511343e-10,1.3904283272073224e-10,581622.6779021694
Helmand,304.0,7.91179783130195,2.5230761173612537e-11,2.522082187225753e-11,581622.6779021696
Helmand,304.25,7.911797831301905,-8.536098640162275e-11,-8.532581458652242e-11,581622.6779021699
Helmand,304.5,7.911797831301861,-1.924218966994648e-10,-1.9234305418569718e-10,581622.67790217
Helmand,304.75,7.9117978313018185,-2.957105113851011e-10,-2.9558953712232615e-10,581622.6779021702
Helmand,305.0,7.9117978313017785,-3.949980399600322e-10,-3.9483656626043523e-10,581622.6779021705
Helmand,305.25,7.911797831301739,-4.900683597620738e-10,-4.898681071310201e-10,581622.6779021706
Helmand,305.5,7.911797831301702,-5.80718015965352e-10,-5.804807879320423e-10,581622.6779021708
Helmand,305.75,7.9117978313016675,-6.667562215803095e-10,-6.664838995284392e-10,581622.677902171
Helmand,306.0,7.911797831301634,-7.48004857453704e-10,-7.476993954521064e-10,581622.6779021712
Helmand,306.25,7.911797831301603,-8.242984722686038e-10,-8.239618919019174e-10,581622.6779021713
Helmand,306.5,7.911797831301574,-8.954842825443926e-10,-8.951186677437071e-10,581622.6779021714
Helmand,306.75,7.911797831301547,-9.614221726367678e-10,-9.610296645102847e-10,581622.6779021716
Helmand,307.0,7.911797831301522,-1.0219846947377392e-09,-1.021567486401424e-09,581622.6779021717
Helmand,307.25,7.9117978313015,-1.0770570688756349e-09,-1.0766174002838677e-09,581622.6779021719
Helmand,307.5,7.911797831301479,-1.126537182915092e-09,-1.1260773356913325e-09,581622.6779021719
Helmand,307.75,7.911797831301461,-1.1703355925570604e-09,-1.1698578848244916e-09,581622.677902172
Helmand,308.0,7.911797831301446,-1.208375521338811e-09,-1.2078823025510023e-09,581622.6779021721
Helmand,308.25,7.911797831301433,-1.2405928606339207e-09,-1.2400865064054775e-09,581622.6779021721
Helmand,308.5,7.911797831301422,-1.266936169652282e-09,-1.266419076589504e-09,581622.6779021722
Helmand,308.75,7.911797831301414,-1.2873666754401073e-09,-1.2868412559716386e-09,581622.6779021722
Helmand,309.0,7.911797831301408,-1.3018582728799143e-09,-1.3013269500874027e-09,581622.6779021722
Helmand,309.25,7.911797831301405,-1.3103975246905405e-09,-1.3098627271392896e-09,581622.6779021723
Helmand,309.5,7.911797831301404,-1.3129836614271334e-09,-1.3124478179967602e-09,581622.6779021723
Helmand,309.75,7.911797831301405,-1.309628581481157e-09,-1.3090941161962424e-09,581622.6779021723
Helmand,310.0,7.911797831301409,-1.3003568510803869e-09,-1.2998261779411346e-09,581622.6779021722
Helmand,310.25,7.911797831301415,-1.285205704288913e-09,-1.2846812221018025e-09,581622.6779021722
Helmand,310.5,7.911797831301423,-1.2642250430071396e-09,-1.2637091302155815e-09,581622.6779021722
Helmand,310.75,7.911797831301434,-1.2374774369717868e-09,-1.236972446486773e-09,581622.6779021721
Helmand,311.0,7.911797831301447,-1.205038123755884e-09,-1.2045463777866528e-09,581622.6779021721
Helmand,311.25,7.911797831301463,-1.1669950087687777e-09,-1.1665187936534562e-09,581622.677902172
Helmand,311.5,7.911797831301481,-1.1234486652561282e-09,-1.1229902262923979e-09,581622.6779021719
Helmand,311.75,7.9117978313015005,-1.0745123342999082e-09,-1.0740738705756468e-09,581622.6779021719
Helmand,312.0,7.911797831301523,-1.020311924818404e-09,-1.0198955840423584e-09,581622.6779021717
Helmand,312.25,7.911797831301548,-9.609860135662153e-10,-9.605938868986427e-10,581622.6779021716
Helmand,312.5,7.911797831301573,-8.966858451342602e-10,-8.963199620175831e-10,581622.6779021714
Helmand,312.75,7.911797831301602,-8.275753319497646e-10,-8.272376549392292e-10,581622.6779021713
Helmand,313.0,7.911797831301632,-7.538310542762715e-10,-7.535234738706035e-10,581622.6779021712
Helmand,313.25,7.911797831301664,-6.756422602136356e-10,-6.753665896856956e-10,581622.677902171
Helmand,313.5,7.911797831301697,-5.93210865698027e-10,-5.929688359254602e-10,581622.6779021708
Helmand,313.75,7.911797831301732,-5.067514545019278e-10,-5.06544708797824e-10,581622.6779021707
Helmand,314.0,7.91179783130177,-4.164912782341398e-10,-4.163213671776831e-10,581622.6779021705
Helmand,314.25,7.911797831301808,-3.226702563397684e-10,-3.2253863260689724e-10,581622.6779021703
Helmand,314.5,7.911797831301847,-2.255409761002432e-10,-2.2544898929430092e-10,581622.6779021701
Helmand,314.75,7.911797831301888,-1.2536869263330064e-10,-1.2531758411568854e-10,581622.6779021699
Helmand,315.0,7.91179783130193,-2.2431328892991863e-11,-2.2422226613835473e-11,581622.6779021696
Helmand,315.25,7.911797831301973,8.298052433031273e-11,8.294661100152051e-11,581622.6779021695
Helmand,315.5,7.911797831302017,1.905636084099326e-10,1.904857938536805e-10,581622.6779021693
Helmand,315.75,7.911797831302062,3.000019968828828e-10,2.998795243989667e-10,581622.6779021691
Helmand,316.0,7.911797831302107,4.1096709544984673e-10,4.1079934242673846e-10,581622.6779021688
Helmand,316.25,7.911797831302152,5.231176419752076e-10,5.229041250593841e-10,581622.6779021686
Helmand,316.5,7.911797831302199,6.360997064870277e-10,6.358400867523213e-10,581622.6779021684
Helmand,316.75,7.911797831302245,7.495466911770612e-10,7.492407792940013e-10,581622.6779021681
Helmand,317.0,7.911797831302292,8.630793304007334e-10,8.62727091805907e-10,581622.6779021679
Helmand,317.25,7.911797831302338,9.763056906771858e-10,9.75907250742568e-10,581622.6779021677
Helmand,317.5,7.911797831302383,1.0888211706892166e-09,1.0883768198915047e-09,581622.6779021674
Helmand,317.75,7.911797831302429,1.2002085012833236e-09,1.199718700373314e-09,581622.6779021672
Helmand,318.0,7.911797831302474,1.3100377454696884e-09,1.3095031306415952e-09,581622.6779021671
Helmand,318.25,7.9117978313025175,1.4178662984221884e-09,1.4172876864829956e-09,581622.6779021668
Helmand,318.5,7.911797831302561,1.523238887478357e-09,1.5226172810171765e-09,581622.6779021666
Helmand,318.75,7.911797831302603,1.6256875721394567e-09,1.6250241646968605e-09,581622.6779021664
Helmand,319.0,7.911797831302643,1.7247317440704096e-09,1.724027925307764e-09,581622.6779021661
Helmand,319.25,7.911797831302682,1.8198781270998172e-09,1.8191354879686582e-09,581622.677902166
Helmand,319.5,7.911797831302719,1.9106207772199815e-09,1.909841115131338e-09,581622.6779021658
Helmand,319.75,7.911797831302754,1.9964410825869003e-09,1.9956264065806463e-09,581622.6779021657
Helmand,320.0,7.911797831302787,2.076807763520239e-09,2.0759602994344364e-09,581622.6779021655
Helmand,320.25,7.911797831302817,2.1511768725033462e-09,2.1502990681435868e-09,581622.6779021653
Helmand,320.5,7.911797831302845,2.218991794183277e-09,2.2180863244920307e-09,581622.6779021652
Helmand,320.75,7.911797831302869,2.2796832453707655e-09,2.2787530175967397e-09,581622.6779021651
Helmand,321.0,7.911797831302891,2.3326692750402123e-09,2.331717433907681e-09,581622.677902165
Helmand,321.25,7.911797831302909,2.3773552643297273e-09,2.376385197207872e-09,581622.6779021649
Helmand,321.5,7.911797831302924,2.4131339265411094e-09,2.41214926861337e-09,581622.6779021649
Helmand,321.75,7.911797831302935,2.4393853071398094e-09,2.4383899465732487e-09,581622.6779021648
Helmand,322.0,7.911797831302941,2.455476783755019e-09,2.4544748668696277e-09,581622.6779021648
Helmand,322.25,7.911797831302944,2.46076306617957e-09,2.4597590026176535e-09,581622.6779021648
Helmand,322.5,7.911797831302941,2.4545861963699947e-09,2.4535846642654865e-09,581622.6779021648
Helmand,322.75,7.911797831302933,2.4362755484465217e-09,2.4352814995943444e-09,581622.6779021648
Helmand,323.0,7.911797831302921,2.4051478286930457e-09,2.404166493718477e-09,581622.6779021649
Helmand,323.25,7.911797831302903,2.3605070755571703e-09,2.3595439690851263e-09,581622.677902165
Helmand,323.5,7.911797831302879,2.3016446596501617e-09,2.300705585474615e-09,581622.6779021651
Helmand,323.75,7.911797831302848,2.2264017724635783e-09,2.2254935404316845e-09,581622.6779021652
Helmand,324.0,7.911797831302809,2.130334474888737e-09,2.12946609613229e-09,581622.6779021655
Helmand,324.25,7.911797831302761,2.014272191930834e-09,2.013452339116711e-09,581622.6779021657
Helmand,324.5,7.911797831302706,1.879408991450495e-09,1.87864581951507e-09,581622.6779021659
Helmand,324.75,7.911797831302644,1.7269179574712717e-09,1.7262191127351188e-09,581622.6779021661
Helmand,325.0,7.911797831302575,1.5579511901796356e-09,1.5573238194622377e-09,581622.6779021665
Helmand,325.25,7.9117978313025,1.3736398059249836e-09,1.3730905656594344e-09,581622.677902167
Helmand,325.5,7.911797831302419,1.175093937219637e-09,1.174629002567346e-09,581622.6779021673
Helmand,325.75,7.911797831302333,9.634027327388378e-10,9.630278067042373e-10,581622.6779021678
Helmand,326.0,7.911797831302241,7.396343573207534e-10,7.393546798660018e-10,581622.6779021681
Helmand,326.25,7.911797831302145,5.048359919664745e-10,5.046563491261625e-10,581622.6779021686
Helmand,326.5,7.911797831302045,2.6003383384001423e-10,2.5995856683586835e-10,581622.6779021692
Helmand,326.75,7.911797831301942,6.233096268309542e-12,6.266110623900213e-12,581622.6779021696
Helmand,327.0,7.9117978313018344,-2.555819912587787e-10,-2.554372166033368e-10,581622.6779021702
Helmand,327.25,7.911797831301725,-5.244481830884665e-10,-5.241885866618048e-10,581622.6779021707
Helmand,327.5,7.911797831301613,-7.994232174050467e-10,-7.990461460898408e-10,581622.6779021713
Helmand,327.75,7.911797831301499,-1.079585816229889e-09,-1.079089016148152e-09,581622.6779021719
Helmand,328.0,7.911797831301382,-1.3640356854214393e-09,-1.3634172928198181e-09,581622.6779021724
Helmand,328.25,7.911797831301265,-1.6518935146752173e-09,-1.6511520468102872e-09,581622.677902173
Helmand,328.5,7.911797831301147,-1.9423009775238282e-09,-1.941435323547385e-09,581622.6779021736
Helmand,328.75,7.911797831301027,-2.234420731336941e-09,-2.2334301431813003e-09,581622.6779021742
Helmand,329.0,7.911797831300908,-2.527436417321313e-09,-2.5263205005846043e-09,581622.6779021748
Helmand,329.25,7.911797831300788,-2.8205526605207698e-09,-2.8193113653522284e-09,581622.6779021753
Helmand,329.5,7.911797831300669,-3.11299506981622e-09,-3.111628681801484e-09,581622.6779021759
Helmand,329.75,7.91179783130055,-3.404010237925642e-09,-3.402519368972048e-09,581622.6779021765
Helmand,330.0,7.911797831300432,-3.6928657414040972e-09,-3.6912513206259757e-09,581622.6779021771
Helmand,330.25,7.911797831300316,-3.9788501406437185e-09,-3.977113405247689e-09,581622.6779021777
Helmand,330.5,7.9117978313002,-4.2612729798737215e-09,-4.259415466043981e-09,581622.6779021781
Helmand,330.75,7.9117978313000865,-4.5394647871603895e-09,-4.537488320944018e-09,581622.6779021787
Helmand,331.0,7.9117978312999755,-4.812777074407093e-09,-4.810683762599341e-09,581622.6779021793
Helmand,331.25,7.911797831299866,-5.080582337354271e-09,-5.078374558383855e-09,581622.6779021798
Helmand,331.5,7.911797831299759,-5.34227405557944e-09,-5.339954450393842e-09,581622.6779021804
Helmand,331.75,7.911797831299655,-5.597266692497198e-09,-5.594838155447956e-09,581622.6779021808
Helmand,332.0,7.911797831299554,-5.844995695359215e-09,-5.8424613650872195e-09,581622.6779021814
Helmand,332.25,7.911797831299456,-6.0849174952542396e-09,-6.082280745575029e-09,581622.6779021819
Helmand,332.5,7.911797831299362,-6.316509507108096e-09,-6.313773937897151e-09,581622.6779021823
Helmand,332.75,7.91179783129927,-6.5392701296836856e-09,-6.536439557761724e-09,581622.6779021827
Helmand,333.0,7.911797831299183,-6.752718745580984e-09,-6.749797195599259e-09,581622.6779021831
Helmand,333.25,7.911797831299101,-6.956395721237048e-09,-6.953387416562638e-09,581622.6779021836
Helmand,333.5,7.911797831299022,-7.14986240692601e-09,-7.146771760527114e-09,581622.677902184
Helmand,333.75,7.911797831298947,-7.332701136759077e-09,-7.329532742090313e-09,581622.6779021843
Helmand,334.0,7.911797831298877,-7.504515228684527e-09,-7.50127385057223e-09,581622.6779021847
Helmand,334.25,7.911797831298811,-7.664928984487731e-09,-7.661619550015233e-09,581622.677902185
Helmand,334.5,7.911797831298751,-7.81358768979112e-09,-7.810215279184062e-09,581622.6779021852
Helmand,334.75,7.911797831298695,-7.950157614054206e-09,-7.946727451565828e-09,581622.6779021856
Helmand,335.0,7.911797831298644,-8.074326010573588e-09,-8.070843455370019e-09,581622.6779021858
Helmand,335.25,7.911797831298599,-8.185801116482924e-09,-8.182271653528481e-09,581622.677902186
Helmand,335.5,7.911797831298559,-8.284312152752964e-09,-8.280741383695441e-09,581622.6779021862
Helmand,335.75,7.911797831298523,-8.369609324191523e-09,-8.366002958247502e-09,581622.6779021864
Helmand,336.0,7.911797831298494,-8.441463819443509e-09,-8.437827664283632e-09,581622.6779021865
Helmand,336.25,7.911797831298471,-8.499667810990881e-09,-8.496007763625166e-09,581622.6779021866
Helmand,336.5,7.911797831298452,-8.544034455152694e-09,-8.540356492815827e-09,581622.6779021868
Helmand,336.75,7.91179783129844,-8.574397892085085e-09,-8.570708063121685e-09,581622.6779021868
Helmand,337.0,7.911797831298434,-8.59061324578124e-09,-8.586917660531202e-09,581622.6779021869
Helmand,337.25,7.911797831298433,-8.592556624071458e-09,-8.588861445755213e-09,581622.6779021869
Helmand,337.5,7.911797831298438,-8.580125118623071e-09,-8.576436554226899e-09,581622.6779021869
Helmand,337.75,7.911797831298449,-8.55323680494054e-09,-8.549561096101848e-09,581622.6779021868
Helmand,338.0,7.911797831298466,-8.51183074236536e-09,-8.508174156257986e-09,581622.6779021866
Helmand,338.25,7.911797831298489,-8.455866974076112e-09,-8.452235794295636e-09,581622.6779021865
Helmand,338.5,7.911797831298517,-8.38532652708847e-09,-8.381727044537481e-09,581622.6779021864
Helmand,338.75,7.911797831298552,-8.300211412255175e-09,-8.296649916028579e-09,581622.6779021863
Helmand,339.0,7.911797831298593,-8.200544624266029e-09,-8.197027392536344e-09,581622.677902186
Helmand,339.25,7.91179783129864,-8.086370141647938e-09,-8.0829034325506e-09,581622.6779021858
Helmand,339.5,7.911797831298692,-7.957752926764861e-09,-7.954342969283501e-09,581622.6779021856
Helmand,339.75,7.91179783129875,-7.814778925817854e-09,-7.811431910669588e-09,581622.6779021852
Helmand,340.0,7.911797831298815,-7.657555068845025e-09,-7.654277139365788e-09,581622.677902185
Helmand,340.25,7.911797831298884,-7.486209269721594e-09,-7.483006512751373e-09,581622.6779021847
Helmand,340.5,7.911797831298959,-7.3008904261598236e-09,-7.2977688629280126e-09,581622.6779021843
Helmand,340.75,7.911797831299041,-7.101768419709069e-09,-7.098733996719725e-09,581622.6779021838
Helmand,341.0,7.911797831299128,-6.889034115755761e-09,-6.886092695672923e-09,581622.6779021835
Helmand,341.25,7.9117978312992205,-6.662899363523397e-09,-6.660056716056366e-09,581622.677902183
Helmand,341.5,7.911797831299318,-6.42359699607256e-09,-6.420858788861194e-09,581622.6779021826
Helmand,341.75,7.91179783129942,-6.17138083030092e-09,-6.168752619800935e-09,581622.677902182
Helmand,342.0,7.911797831299529,-5.906525666943205e-09,-5.904012889311475e-09,581622.6779021815
Helmand,342.25,7.9117978312996415,-5.629327290571225e-09,-5.626935252551068e-09,581622.6779021809
Helmand,342.5,7.91179783129976,-5.3401024695938695e-09,-5.337836339400345e-09,581622.6779021804
Helmand,342.75,7.911797831299883,-5.039188956257118e-09,-5.037053754462303e-09,581622.6779021798
Helmand,343.0,7.91179783130001,-4.72694548664399e-09,-4.724946077062326e-09,581622.6779021791
Helmand,343.25,7.9117978313001425,-4.403751780674617e-09,-4.401892861248155e-09,581622.6779021785
Helmand,343.5,7.911797831300278,-4.070008542106185e-09,-4.068294635789894e-09,581622.6779021778
Helmand,343.75,7.911797831300419,-3.726137458532953e-09,-3.724572904180027e-09,581622.6779021771
Helmand,344.0,7.911797831300563,-3.3725812013863025e-09,-3.3711701446334314e-09,581622.6779021764
Helmand,344.25,7.911797831300711,-3.0098034259346417e-09,-3.0085498100873297e-09,581622.6779021757
Helmand,344.5,7.911797831300863,-2.638288771283472e-09,-2.6371963282013337e-09,581622.6779021749
Helmand,344.75,7.911797831301017,-2.2585428603753752e-09,-2.257615101357405e-09,581622.6779021742
Helmand,345.0,7.911797831301175,-1.8710922999900084e-09,-1.8703325066599054e-09,581622.6779021734
Helmand,345.25,7.911797831301337,-1.4764846807440887e-09,-1.4758958959355415e-09,581622.6779021727
Helmand,345.5,7.9117978313015005,-1.0752885770914305e-09,-1.074873595733387e-09,581622.6779021719
Helmand,345.75,7.911797831301667,-6.680935473228951e-10,-6.678549073248972e-10,581622.677902171
Helmand,346.0,7.911797831301835,-2.5551013356649596e-10,-2.5545010670395725e-10,581622.6779021702
Helmand,346.25,7.911797831302005,1.6183013821275826e-10,1.6170955541327022e-10,581622.6779021693
Helmand,346.5,7.911797831302177,5.83274758212761e-10,5.829718535882105e-10,581622.6779021685
Helmand,346.75,7.9117978313023505,1.0081502327943216e-09,1.0076635876599065e-09,581622.6779021677
Helmand,347.0,7.9117978313025255,1.4357620844811465e-09,1.4350905827450544e-09,581622.6779021667
Helmand,347.25,7.9117978313027,1.8653948519599215e-09,1.8645376892379443e-09,581622.6779021659
Helmand,347.5,7.911797831302876,2.2963120900802137e-09,2.295268782810522e-09,581622.6779021651
Helmand,347.75,7.911797831303052,2.7277563698545468e-09,2.7265267644123792e-09,581622.6779021642
Helmand,348.0,7.911797831303228,3.158949278458315e-09,3.157533560270672e-09,581622.6779021634
Helmand,348.25,7.911797831303404,3.5890914192298843e-09,3.5874901218902455e-09,581622.6779021624
Helmand,348.5,7.911797831303579,4.0173624116705145e-09,4.015576426053559e-09,581622.6779021616
Helmand,348.75,7.911797831303752,4.442920891444446e-09,4.440951474820685e-09,581622.6779021608
Helmand,349.0,7.911797831303924,4.864904510378729e-09,4.8627532955293115e-09,581622.67790216
Helmand,349.25,7.911797831304095,5.282429936463459e-09,5.28009894079482e-09,581622.677902159
Helmand,349.5,7.911797831304263,5.694592853851584e-09,5.692084488510133e-09,581622.6779021582
Helmand,349.75,7.911797831304429,6.100467962858995e-09,6.09778504184591e-09,581622.6779021574
Helmand,350.0,7.911797831304591,6.499108979964505e-09,6.4962547292502935e-09,581622.6779021567
Helmand,350.25,7.91179783130475,6.8895486378098724e-09,6.886526704449177e-09,581622.6779021559
Helmand,350.5,7.911797831304907,7.270798685199717e-09,7.267613146446046e-09,581622.6779021551
Helmand,350.75,7.911797831305058,7.64184988710167e-09,7.638505259521976e-09,581622.6779021544
Helmand,351.0,7.911797831305204,8.001672024646176e-09,7.998173273235735e-09,581622.6779021537
Helmand,351.25,7.911797831305346,8.349213895126756e-09,8.345566442423696e-09,581622.677902153
Helmand,351.5,7.911797831305483,8.683403311999691e-09,8.679613047199827e-09,581622.6779021523
Helmand,351.75,7.911797831305613,9.003147104884277e-09,8.99922039295579e-09,581622.6779021516
Helmand,352.0,7.911797831305737,9.307331119562704e-09,9.303274810360732e-09,581622.677902151
Helmand,352.25,7.911797831305854,9.594820217980145e-09,9.590641655361656e-09,581622.6779021504
Helmand,352.5,7.9117978313059645,9.864458278244598e-09,9.860165309183035e-09,581622.67790215
Helmand,352.75,7.911797831306067,1.0115068194626974e-08,1.0110669178326942e-08,581622.6779021494
Helmand,353.0,7.911797831306161,1.0345451877561352e-08,1.0340955694573259e-08,581622.6779021489
Helmand,353.25,7.911797831306246,1.0554390253644373e-08,1.0549806314979221e-08,581622.6779021486
Helmand,353.5,7.911797831306322,1.0740643265635897e-08,1.0735981521880014e-08,581622.6779021482
Helmand,353.75,7.911797831306388,1.0902949872458511e-08,1.0898220822888176e-08,581622.6779021479
Helmand,354.0,7.911797831306444,1.1040028049197785e-08,1.1035242750893983e-08,581622.6779021475
Helmand,354.25,7.911797831306489,1.1150574787102377e-08,1.1145744864065455e-08,581622.6779021474
Helmand,354.5,7.911797831306523,1.1233266093583536e-08,1.1228403745848012e-08,581622.6779021472
Helmand,354.75,7.911797831306545,1.12867569922157e-08,1.1281875004964807e-08,581622.677902147
Helmand,355.0,7.911797831306554,1.1309681522736179e-08,1.1304793275416738e-08,581622.677902147
Helmand,355.25,7.911797831306551,1.130065274104516e-08,1.1295772216482164e-08,581622.677902147
Helmand,355.5,7.911797831306534,1.1258262719205746e-08,1.125340451271713e-08,581622.6779021472
Helmand,355.75,7.911797831306502,1.118108254544404e-08,1.1176261873955331e-08,581622.6779021473
Helmand,356.0,7.911797831306456,1.1067662324148964e-08,1.1062895035308008e-08,581622.6779021475
Helmand,356.25,7.911797831306394,1.0916531175872452e-08,1.0911833757164234e-08,581622.6779021479
Helmand,356.5,7.911797831306316,1.0726197237329263e-08,1.0721586825190385e-08,581622.6779021482
Helmand,356.75,7.911797831306222,1.0495147661397203e-08,1.0490642050330846e-08,581622.6779021487
Helmand,357.0,7.91179783130611,1.0221848617116946e-08,1.0217466268807293e-08,581622.6779021493
Helmand,357.25,7.911797831305985,9.912842167841752e-09,9.908598656701076e-09,581622.6779021499
Helmand,357.5,7.91179783130586,9.607688341140202e-09,9.603581810459362e-09,581622.6779021504
Helmand,357.75,7.911797831305739,9.31170083983933e-09,9.307727059097984e-09,581622.677902151
Helmand,358.0,7.9117978313056225,9.024652303525937e-09,9.020807109832817e-09,581622.6779021516
Helmand,358.25,7.911797831305509,8.746317746952164e-09,8.742597047828218e-09,581622.6779021522
Helmand,358.5,7.911797831305399,8.476474560035477e-09,8.47287433619702e-09,581622.6779021528
Helmand,358.75,7.911797831305291,8.214902507858672e-09,8.211418816000538e-09,581622.6779021532
Helmand,359.0,7.911797831305188,7.96138373066988e-09,7.958012706248565e-09,581622.6779021537
Helmand,359.25,7.911797831305088,7.715702743882556e-09,7.712440603899374e-09,581622.6779021543
Helmand,359.5,7.911797831304991,7.47764643807549e-09,7.474489483859715e-09,581622.6779021547
Helmand,359.75,7.911797831304897,7.2470040789928e-09,7.243948698984823e-09,581622.6779021552
Helmand,360.0,7.911797831304805,7.023567307543939e-09,7.020609980078407e-09,581622.6779021557
Helmand,360.25,7.9117978313047175,6.807130139803684e-09,6.804267435892659e-09,581622.677902156
Helmand,360.5,7.911797831304631,6.597488967012148e-09,6.5947175531282455e-09,581622.6779021565
Helmand,360.75,7.911797831304549,6.3944425555747685e-09,6.3917591964343185e-09,581622.6779021568
Helmand,361.0,7.911797831304469,6.197792047062321e-09,6.195193608408504e-09,581622.6779021573
Helmand,361.25,7.911797831304391,6.007340958210905e-09,6.004824409596912e-09,581622.6779021577
Helmand,361.5,7.911797831304315,5.822895180921955e-09,5.82045759849413e-09,581622.677902158
Helmand,361.75,7.911797831304242,5.6442629822622295e-09,5.6419015515432215e-09,581622.6779021583
Helmand,362.0,7.911797831304172,5.471255004463826e-09,5.468967023135736e-09,581622.6779021587
Helmand,362.25,7.911797831304104,5.3036842649241665e-09,5.301467145611696e-09,581622.677902159
Helmand,362.5,7.911797831304037,5.141366156206005e-09,5.139217429259607e-09,581622.6779021594
Helmand,362.75,7.911797831303973,4.9841184460374275e-09,4.982035762316454e-09,581622.6779021597
Helmand,363.0,7.911797831303911,4.831761277311845e-09,4.8297424109677e-09,581622.67790216
Helmand,363.25,7.911797831303851,4.684117168088009e-09,4.682160019347289e-09,581622.6779021603
Helmand,363.5,7.911797831303792,4.541011011589991e-09,4.5391136095376406e-09,581622.6779021606
Helmand,363.75,7.911797831303736,4.402270076207199e-09,4.400430581569657e-09,581622.6779021609
Helmand,364.0,7.911797831303681,4.267724005494369e-09,4.265940713422721e-09,581622.6779021611
Helmand,364.25,7.911797831303628,4.137204818171568e-09,4.135476161024692e-09,581622.6779021614
Helmand,364.5,7.911797831303576,4.010546908124195e-09,4.0088714582519125e-09,581622.6779021616
Helmand,364.75,7.9117978313035255,3.887587044402979e-09,3.885963516929196e-09,581622.6779021618
Helmand,365.0,7.911797831303477,3.768164371223975e-09,3.7665916268298435e-09,581622.6779021621
Kabul,0.0,379839.2399810399,0.0,1.0,625480.2480189601
Kabul,0.25,379838.8959798279,0.33863153504179044,0.944671783995093,625480.3087168531
Kabul,0.5,379838.5691935336,0.6499077217152878,0.9025214638623684,625480.3663772808
Kabul,0.75,379838.2552358068,0.9389873119084714,0.8720026869608375,625480.4217741943
Kabul,1.0,379837.9502245485,1.210374105548289,0.8518087721605538,625480.4755925739
Kabul,1.25,379837.6507029789,1.4680147832056931,0.8408398828161529,625480.5284423552
Kabul,1.5,379837.3535715001,1.71538309717942,0.8381749502745739,625480.5808704526
Kabul,1.75,379837.05602871237,1.9555524788096166,0.8430476434242553,625480.6333711655
Kabul,2.0,379836.75552033336,2.191258627213062,0.8548258479284059,625480.6863951916
Kabul,2.25,379836.4496948465,2.4249535479703814,0.8729941531401099,625480.7403574525
Kabul,2.5,379836.1363648783,2.658852293829736,0.897138919672814,625480.7956439084
Kabul,2.75,379835.81347346015,2.8949734597644983,0.926935569261896,625480.852617511
Kabul,3.0,379835.4790644467,3.135174342326123,0.9621377878929354,625480.9116234232
Kabul,3.25,379835.13125645905,3.3811815467831927,1.0025683769823899,625480.9729936173
Kabul,3.5,379834.7682198136,3.6346177162466953,1.048111525280524,625481.037050945
Kabul,3.75,379834.38815596345,3.8970249647062287,1.098706306340081,625481.1041127656
Kabul,4.0,379833.9892790438,4.169885520252868,1.154341233597692,625481.1744942025
Kabul,4.25,379833.569799175,4.454640002722261,1.2150497333811634,625481.248511089
Kabul,4.5,379833.12790727307,4.752703650711396,1.2809064271209123,625481.3264826493
Kabul,4.75,379832.6617610158,5.065480917675453,1.3520240924603948,625481.4087339742
Kabul,5.0,379832.16947175463,5.3943786931730475,1.4285512208227193,625481.4955983317
Kabul,5.25,379831.64909215097,5.740818393723496,1.5106701079489842,625481.5874193476
Kabul,5.5,379831.09860462014,6.106246888443986,1.5985954453785898,625481.6845530462
Kabul,5.75,379830.51591000607,6.4921468782991045,1.6925732675738718,625481.7873698482
Kabul,6.0,379829.8988164246,6.900046756922484,1.7928802787192337,625481.89625654
Kabul,6.25,379829.2450287826,7.331529540955014,1.8998235535116723,625482.0116181232
Kabul,6.5,379828.55213785084,7.788241951389235,2.0137404543618382,625482.1338797436
Kabul,6.75,379827.8176093952,8.271903113370938,2.134998881889255,625482.2634886098
Kabul,7.0,379827.0387737077,8.784312717239876,2.2639977348941747,625482.4009158404
Kabul,7.25,379826.2128138947,9.327359960416624,2.4011676130505957,625482.5466585321
Kabul,7.5,379825.33675514755,9.903031472895142,2.5469717264491494,625482.7012416533
Kabul,7.75,379824.4074525158,10.513420276071543,2.7019070052960963,625482.8652202031
Kabul,8.0,379823.4215789302,11.16073431756548,2.866505427509518,625483.0391813249
Kabul,8.25,379822.3756127187,11.847305300177307,3.0413354698582413,625483.2237465115
Kabul,8.5,379821.26582385064,12.575598254595684,3.2270038620015082,625483.419574033
Kabul,8.75,379820.0882609108,13.348220506578906,3.424157345525673,625483.6273612373
Kabul,9.0,379818.8387355503,14.167932312482074,3.633484841904561,625483.8478472956
Kabul,9.25,379817.51280827075,15.037656471108011,3.855719545878778,625484.0818157125
Kabul,9.5,379816.1057712916,15.960489888577147,4.091641467956209,625484.3300973522
Kabul,9.75,379814.6126323659,16.939714403665352,4.342079934774814,625484.593573296
Kabul,10.0,379813.0280963698,17.978809091686596,4.607916444288172,625484.8731780945
Kabul,10.25,379811.3465462873,19.08146290124158,4.890087685602712,625485.1699031262
Kabul,10.5,379809.5620236861,20.25158760881948,5.189588659469899,625485.484800046
Kabul,10.75,379807.66820643115,21.49333256692075,5.507476279930312,625485.8189847223
Kabul,11.0,379805.65838756575,22.811098649684375,5.844872816327162,625486.1736409685
Kabul,11.25,379803.52544987574,24.20955503402063,6.20297005415786,625486.5500250363
Kabul,11.5,379801.26184220385,25.693654794089937,6.583033200752355,625486.9494698016
Kabul,11.75,379798.85955133714,27.268653406612962,6.9864055250947485,625487.3733897315
Kabul,12.0,379796.3100744214,28.940126882050183,7.4145129366426135,625487.8232857604
Kabul,12.25,379793.6043887693,30.713991605030323,7.868869000713139,625488.3007506253
Kabul,12.5,379790.73291916435,32.59652580259456,8.351080386758586,625488.8074746467
Kabul,12.75,379787.6855055294,34.594390764652616,8.86285226341495,625489.345251443
Kabul,13.0,379784.45136488863,36.714655802355445,9.405994653321699,625489.9159846561
Kabul,13.25,379781.0190556509,38.96482167104477,9.98242841032927,625490.5216942682
Kabul,13.5,379777.3764348646,41.35284860199842,10.594192374339492,625491.1645241595
Kabul,13.75,379773.51061718573,43.88718319746599,11.243450249522011,625491.8467493678
Kabul,14.0,379769.4079284671,46.576788852132744,11.932498384286427,625492.570784297
Kabul,14.25,379765.05385714397,49.431177608744505,12.663773928157124,625493.3391913197
Kabul,14.5,379760.43300470297,52.46044261137757,13.43986314456758,625494.1546895417
Kabul,14.75,379755.5290285932,55.67529550611647,14.263510995003285,625495.0201649063
Kabul,15.0,379750.32458806265,59.087101917165185,15.137630237336259,625495.9386797835
Kabul,15.25,379744.80127938505,62.707923873363136,16.065312304755025,625496.9134844374
Kabul,15.5,379738.93957419787,66.55056018465129,17.04983766942754,625497.9480279486
Kabul,15.75,379732.7187487402,70.62859278065422,18.094687732636274,625499.0459707471
Kabul,16.0,379726.11681097775,74.95643442075553,19.20355707622037,625500.211197526
Kabul,16.25,379719.1104251243,79.54937810692758,20.380366151839066,625501.4478306175
Kabul,16.5,379711.6748257358,84.42365331731908,21.62927572471934,625502.7602452227
Kabul,16.75,379703.7837356181,89.5964797307553,22.95470068208504,625504.1530839696
Kabul,17.0,379695.4092679039,95.08613131667705,24.361326499399294,625505.6312742806
Kabul,17.25,379686.5218330515,100.91199718082463,25.854124889942014,625507.2000448782
Kabul,17.5,379677.0900315753,107.09465175535563,27.438371847610263,625508.8649448223
Kabul,17.75,379667.0805443479,113.65592655262382,29.11966610869669,625510.6318629914
Kabul,18.0,379656.45801819954,120.61898499376603,30.90394840370376,625512.5070484035
Kabul,18.25,379645.1849364651,128.00840707095105,32.79752324404135,625514.4971332204
Kabul,18.5,379633.2214948769,135.85027048741904,34.807079820316886,625516.6091548158
Kabul,18.75,379620.52545379335,144.1722472796404,36.939716873350825,625518.8505820541
Kabul,19.0,379607.0519979015,153.00369550293328,39.20296633063533,625521.2293402654
Kabul,19.25,379592.7535742881,162.3757650741421,41.60482056882966,625523.7538400695
Kabul,19.5,379577.57972711854,172.32150577623904,44.15376027060132,625526.4330068352
Kabul,19.75,379561.47692506266,182.87597999793792,46.858783499579744,625529.2763114404
Kabul,20.0,379544.38836626295,194.0763901170182,49.72943856229903,625532.2938050582
Kabul,20.25,379526.2537913249,205.96220058607614,52.7758555440773,625535.4961525454
Kabul,20.5,379507.0092608345,218.57528319978988,56.00878379860946,625538.8946721676
Kabul,20.75,379486.58694409457,231.96005492356878,59.43962759999775,625542.5013733824
Kabul,21.0,379464.91487564304,246.16363678849095,63.080487190246096,625546.3290003787
Kabul,21.25,379441.916706423,261.2360161509999,66.94420078059005,625550.3910766459
Kabul,21.5,379417.5114446463,277.23021566207456,71.04438828406076,625554.7019514082
Kabul,21.75,379391.61316259985,294.2024843851066,75.39550080215442,625559.2768522134
Kabul,22.0,379364.1307160203,312.21248058305133,80.01286804982308,625564.1319353475
Kabul,22.25,379334.967410288,331.32348920372067,84.91275470230771,625569.2843458066
Kabul,22.5,379304.020683497,351.60262810742364,90.11241401467511,625574.7522743815
Kabul,22.75,379271.18174200447,373.12108532283355,95.6301493868698,625580.5550232864
Kabul,23.0,379236.3351873624,395.95436162831277,101.48537750210538,625586.7130735078
Kabul,23.25,379199.35862924234,420.1825222076684,107.698693820423,625593.2481547302
Kabul,23.5,379160.12224667013,445.8904817856947,114.29194682825359,625600.1833247165
Kabul,23.75,379118.4883693443,473.1682763854382,121.28830903099121,625607.5430452399
Kabul,24.0,379074.3109794412,502.11138683877084,128.7123612735998,625615.353272447
Kabul,24.25,379027.4352392255,532.8210449297444,136.59017297367595,625623.6415428717
Kabul,24.5,378977.69694878085,565.4045850694932,144.94939400880355,625632.4370721414
Kabul,24.75,378924.92199071206,599.9758037684798,153.81934907778881,625641.7708564423
Kabul,25.0,378868.92575596576,636.6553312422301,163.2311352422962,625651.6757775503
Kabul,25.25,378809.51249229704,675.5710528016273,173.21773262425268,625662.1867222778
Kabul,25.5,378746.474684941,716.8585086438885,183.81410996526614,625673.3406964506
Kabul,25.75,378679.5923190288,760.6613703251741,195.05734997917102,625685.1769606676
Kabul,26.0,378608.6321828764,807.1318894064195,206.98676840706557,625697.7371593107
Kabul,26.25,378533.34706796356,856.4314131988523,219.64405022942287,625711.0654686088
Kabul,26.5,378453.47495237173,908.7309096556444,233.07338930974646,625725.2087486635
Kabul,26.75,378368.7381575353,964.2115092122582,247.32163253549098,625740.2167007176
Kabul,27.0,378278.8423928767,1023.0651180156598,262.4384431620408,625756.1420459463
Kabul,27.25,378183.4758516392,1085.4949965008514,278.4764561710169,625773.0406956896
Kabul,27.5,378082.3081324272,1151.7164503053211,295.4914627369155,625790.9719545313
Kabul,27.75,377974.98922893853,1221.957474159353,313.5425845393348,625809.9987123634
Kabul,28.0,377861.1483646436,1296.4594960045324,332.692473642914,625830.1876657096
Kabul,28.25,377740.3928156373,1375.4781250245849,353.0075158812979,625851.6095434575
Kabul,28.5,377612.3066907352,1459.28392651882,374.55804139103816,625874.3393413555
Kabul,28.75,377476.44955902937,1548.163291942455,397.418561667346,625898.4565873614
Kabul,29.0,377332.35515653394,1642.4192547830717,421.6679946457104,625924.0455940379
Kabul,29.25,377179.52984074014,1742.3724672324736,447.38993177559195,625951.1957602523
Kabul,29.5,377017.4511648055,1848.3620933833477,474.67288793783007,625980.0018538738
Kabul,29.75,376845.56621408864,1960.7468549488801,503.6105900785474,626010.5643408844
Kabul,30.0,376663.2899639414,2079.9060545011016,534.3022658785771,626042.9897156795
Kabul,30.25,376470.00355529506,2206.240650088096,566.8529458142654,626077.3908488032
Kabul,30.5,376265.05239023233,2340.1744367587103,601.3737978480264,626113.8873751615
Kabul,30.75,376047.74433950934,2482.1551501901263,637.9824457812293,626152.6060645198
Kabul,31.0,375817.3476033946,2632.6557869347585,676.8033453424264,626193.6812643289
Kabul,31.25,375573.0887838158,2792.175775739976,717.9681312177136,626237.255309227
Kabul,31.5,375314.150590481,2961.24238103968,761.6160224915952,626283.4790059882
Kabul,31.75,375039.6696742598,3140.4120046119883,807.8942154637834,626332.512105665
Kabul,32.0,374748.73427744984,3330.2716019495147,856.958304881688,626384.5238157195
Kabul,32.25,374440.3817517407,3531.440160046648,908.972734396527,626439.6933538166
Kabul,32.5,374113.5961931895,3744.5700909992834,964.1112305626557,626498.2104852491
Kabul,32.75,373767.3056653062,3970.348869253301,1022.5573068027483,626560.2761586382
Kabul,33.0,373400.379771144,4209.5004213436105,1084.5047213731686,626626.1030861397
Kabul,33.25,373011.62668516795,4462.786849414931,1150.1580191060625,626695.9164463115
Kabul,33.5,372599.7905685154,4731.009867208373,1219.7330295677425,626769.954534709
Kabul,33.75,372163.54856610595,5015.012497106777,1293.4574257663648,626848.4695110214
Kabul,34.0,371701.5079532329,5315.680614338169,1371.571279275941,626931.7281531536
Kabul,34.25,371212.20325084456,5633.944501678437,1454.3276182377242,627020.0126292398
Kabul,34.5,370694.09308583656,5970.780505074089,1541.993039571097,627113.6213695188
Kabul,34.75,370145.55747809645,6327.212386251635,1634.8482659730596,627212.8698696794
Kabul,35.0,369564.89452236297,6704.313011977801,1733.1887961717273,627318.0916694881
Kabul,35.25,368950.31783344614,7103.205485457652,1837.3254690135934,627429.6392120833
Kabul,35.5,368299.95325030293,7525.064723280049,1947.5851234230113,627547.8849029946
Kabul,35.75,367611.83638757066,7971.118374905364,2064.3111772074626,627673.2220603172
Kabul,36.0,366883.90963871236,8442.648081355186,2187.8642635459605,627806.0660163871
Kabul,36.25,366114.0197865924,8940.990189060974,2318.6228262824447,627946.8551980647
Kabul,36.5,365299.9155920191,9467.536468425118,2456.9837027505687,628096.0522368058
Kabul,36.75,364439.2455257088,10023.7345629757,2603.362716600731,628254.1451947154
Kabul,37.0,363529.5561668229,10611.08796881868,2758.195188970504,628421.6486753885
Kabul,37.25,362568.29024696903,11231.156081993999,2921.9364896012034,628599.1051814363
Kabul,37.5,361552.7860560095,11885.553248648654,3095.0624595108475,628787.0862358315
Kabul,37.75,360480.2760936754,12575.948197200978,3278.0698710086394,628986.1938381154
Kabul,38.0,359347.8876714435,13304.061981374902,3471.4767354438336,629197.0616117383
Kabul,38.25,358152.6425773483,14071.666493947454,3675.8226178292875,629420.3563108755
Kabul,38.5,356891.4590568562,14880.581137093908,3891.6687889330383,629656.7790171175
Kabul,38.75,355561.1529858388,15732.670046179739,4119.598337549729,629907.0666304323
Kabul,39.0,354158.4414711285,16629.837286441703,4360.216105376549,630171.9931370538
Kabul,39.25,352679.9460521263,17574.022389991016,4614.148541543236,630452.3710163401
Kabul,39.5,351122.1982484135,18567.193838872772,4882.043335006797,630749.0525777075
Kabul,39.75,349481.6453389512,19611.34248033796,5164.568954261824,631062.9312264497
Kabul,40.0,347754.65823944693,20708.473045888117,5462.413874289178,631394.9428403764
Kabul,40.25,345937.5404566223,21860.594968148496,5776.285734283787,631746.066840946
Kabul,40.5,344026.53869953146,23069.71169497172,6106.910046457163,632117.3275590403
Kabul,40.75,342017.85564622394,24337.808411264556,6455.028888583796,632509.7950539283
Kabul,41.0,339907.66369839263,25666.83892378944,6821.398979156098,632924.5863986624
Kabul,41.25,337692.1221871203,27058.70982737136,7206.789802552618,633362.8661829563
Kabul,41.5,335367.39469675225,28515.26473708882,7611.980939071317,633825.8476270882
Kabul,41.75,332929.6712177001,30038.264579099952,8037.759500768748,634314.7927024317
Kabul,42.0,330375.18951207976,31629.368916024097,8484.916620995402,634831.0129509013
Kabul,42.25,327700.2624927176,33290.1122901626,8954.244049963463,635375.8691671569
Kabul,42.5,324901.3040510913,35021.88243111371,9446.52975978449,635950.771758011
Kabul,42.75,321974.8617655033,36825.89279829737,9962.553492112334,636557.1799440875
Kabul,43.0,318917.64743144374,38703.15759903383,10503.081511330209,637196.6014581927
Kabul,43.25,315726.5747799804,40654.46111320042,11068.860879182526,637870.5912276371
Kabul,43.5,312398.7949439419,42680.32944657581,11660.613420887506,638580.7501885953
Kabul,43.75,308931.73814008274,44780.99788447878,12279.028563894235,639328.7234115446
Kabul,44.0,305323.15426385304,46956.37937643428,12924.756562303599,640116.1977974095
Kabul,44.25,301571.1567774507,49206.031737838515,13598.399888366073,640944.8995963451
Kabul,44.5,297674.26810690924,51529.12341277843,14300.505689711403,641816.5907906013
Kabul,44.75,293631.4638868332,53924.40228952038,15031.555954784668,642733.0658688621
Kabul,45.0,289442.22128355224,56390.160780768405,15791.959069433215,643696.1468662465
Kabul,45.25,285106.5622936151,58924.2073026517,16582.039323273053,644707.6790804606
Kabul,45.5,280625.1014166361,61523.834394110294,17402.027245127687,645769.5249441263
Kabul,45.75,275999.0869792624,64185.79347208212,18252.049295847704,646883.558252808
Kabul,46.0,271230.4432351392,66906.27071440147,19132.116892202976,648051.6571582567
Kabul,46.25,266321.8083191727,69680.86627438491,20042.116873868967,649275.6965325738
Kabul,46.5,261276.56605495122,72504.58184646859,20981.799829877687,650557.5402687029
Kabul,46.75,256098.87679149228,75371.80802142859,21950.771379736892,651899.0318073427
Kabul,47.0,250793.6966902724,78276.32452752377,22948.48128167864,653301.9855005256
Kabul,47.25,245366.79466641485,81211.30237977242,23974.215011549622,654768.1759422636
Kabul,47.5,239824.75875382,84169.31589796982,25027.085534810216,656299.3278134003
Kabul,47.75,234174.99269235478,87142.36528545698,26106.02513283809,657897.1048893506
Kabul,48.0,228425.7071633644,90121.90192247943,27209.78082626945,659563.0980878872
Kabul,48.25,222585.89419397424,93098.87145739218,28336.9078322943,661298.8145163398
Kabul,48.5,216665.29735671796,96063.75803265125,29485.768099706554,663105.6645109247
Kabul,48.75,210674.3670092376,99006.64279920826,30654.528001193154,664984.9501903615
Kabul,49.0,204624.20394949894,101917.27218148406,31841.15887920308,666937.8529898144
Kabul,49.25,198526.49766997923,104785.12811732903,33043.44098370972,668965.4212289825
Kabul,49.5,192393.44537531823,107599.51713845404,34258.96635578556,671068.5591304426
Kabul,49.75,186237.67092857,110349.65437301977,35485.148499177696,673248.0141992329
Kabul,50.0,180072.1283909359,113024.76226690567,36719.23002720176,675504.3673149571
Kabul,50.25,173909.9993380673,115614.17112964667,37958.29559844379,677838.0219338427
Kabul,50.5,167764.58967232695,118107.41706273895,39199.28683314976,680249.1944317848
Kabul,50.75,161649.21185242396,120494.35259162962,40439.0169715375,682737.9065844094
Kabul,51.0,155577.07722240992,122765.24150398104,41674.19249781717,685303.9767757923
Kabul,51.25,149561.17758623895,124910.86427765297,42901.430868190415,687947.0152679181
Kabul,51.5,143614.1734210341,126922.61112294334,44117.284903818196,690666.4185522049
Kabul,51.75,137748.28796798587,128792.56788305963,45318.26616711512,693461.3659818398
Kabul,52.0,131975.1986382076,130513.60201166476,46500.86843236797,696330.81891776
Kabul,52.25,126305.94812240677,132079.4247193173,47661.59631811396,699273.5188401623
Kabul,52.5,120750.8525113423,133484.65719545525,48796.98779397281,702287.99049923
Kabul,52.75,115319.42900196568,134724.87209660225,49903.6432375349,705372.5436638974
Kabul,53.0,110020.33214877814,135796.6280893334,50978.249699894,708525.2780619948
Kabul,53.25,104861.30008976867,136697.4922730297,52017.605246618914,711744.090390583
Kabul,53.5,99849.1218382712,137426.0404371808,53018.645330832886,715026.6803937155
Kabul,53.75,94989.60773539101,137981.85670252366,53978.46153665463,718370.5620254311
Kabul,54.0,90287.58340984402,138365.50660627897,54894.3256201261,721773.0723637514
Kabul,54.25,85746.88935157655,138578.50872319285,55763.70584400665,725231.3840812243
Kabul,54.5,81370.39590801822,138623.28996139634,56584.28340458957,728742.5187259963
Kabul,54.75,77160.03131737742,138503.12952694195,57353.96808558806,732303.3590700929
Kabul,55.0,73116.81439898458,138222.101808392,58070.9061847244,735910.6656078993
Kabul,55.25,69240.90399581243,137785.00151741828,58733.49256915619,739561.0899176134
Kabul,55.5,65531.64797074151,137197.27478105188,59340.37385285926,743251.1913953477
Kabul,55.75,61987.64462793364,136464.93778877478,59890.45247728511,746977.4531060068
Kabul,56.0,58606.80554694236,135594.49726465257,60382.88833037393,750736.2968580315
Kabul,56.25,55386.42116365965,134592.87178991587,60817.09424784487,754524.10079858
Kabul,56.5,52323.2318674172,133467.3076116099,61192.73510594155,758337.2134150318
Kabul,56.75,49413.49376874278,132225.30535447365,61509.718456483606,762171.9704203004
Kabul,57.0,46653.05032944253,130874.54059373974,61768.18801439042,766024.7090624277
Kabul,57.25,44037.39677709503,129422.79539088944,61968.51343778605,769891.7823942299
Kabul,57.5,41561.74547596461,127877.89114142788,62111.277495586015,773769.5738870219
Kabul,57.75,39221.08729807194,126247.62582224139,62197.265756006396,777654.5091236806
Kabul,58.0,37010.24735126631,124539.72131439506,62227.44998006645,781543.0693542726
Kabul,58.25,34923.9401104064,122761.77006240861,62202.976246378596,785431.8015808068
Kabul,58.5,32956.81554576381,120921.19470352956,62125.14805789127,789317.3296928158
Kabul,58.75,31103.505058958443,119025.20759667213,61995.41175736041,793196.3635870095
Kabul,59.0,29358.65890040635,117080.78033048216,61815.34133496054,797065.7074341513
Kabul,59.25,27716.981449131294,115094.61708708861,61586.621815689636,800922.2676480908
Kabul,59.5,26173.260835786095,113073.1326371136,61311.03581554244,804763.0587115582
Kabul,59.75,24722.393883962763,111022.4380068122,60990.44662232466,808585.2094869007
Kabul,60.0,23359.40830401441,108948.32661035845,60626.785907656966,812385.9671779705
Kabul,60.25,22079.478962980334,106856.26931267165,60222.03803271706,816162.7016916313
Kabul,60.5,20877.94293298107,104751.4084195163,59778.228522048725,819912.9081254542
Kabul,60.75,19750.30898619862,102638.55933874758,59297.41045856748,823634.2092164867
Kabul,61.0,18692.26628226212,100522.21145465547,58781.65373130121,827324.3565317816
Kabul,61.25,17699.68864372177,98406.53435382582,58233.03373106362,830981.2312713892
Kabul,61.5,16768.638009879956,96295.38407058227,57653.62167391569,834602.8442456225
Kabul,61.75,15895.364788228819,94192.31244126847,57045.47541564986,838187.3353548533
Kabul,62.0,15076.307286728,92100.57707507379,56410.63116254664,841732.9724756519
Kabul,62.25,14308.089189292048,90023.1528021521,55751.09613878968,845238.1498697666
Kabul,62.5,13587.516122578143,87962.74384271262,55068.841833367274,848701.3862013423
Kabul,62.75,12911.5710872348,85921.79660526846,54365.79830569129,852121.3220018058
Kabul,63.0,12277.409188497526,83902.51272942135,53643.84892049246,855496.717161589
Kabul,63.25,11682.351639885677,81906.86275184156,52904.82617740436,858826.4474308687
Kabul,63.5,11123.879551982027,79936.59892246654,52150.50770401875,862109.501821533
Kabul,63.75,10599.626951932994,77993.26938185969,51382.61358552414,865344.9780806835
Kabul,64.0,10107.374321203959,76078.23006017235,50602.803320105755,868532.0802985182
Kabul,64.25,9645.040965573839,74192.65896353476,49812.67450132805,871670.1135695637
Kabul,64.5,9210.678815388397,72337.56684241502,49013.76075467271,874758.4815875242
Kabul,64.75,8802.464481491692,70513.81101579609,48207.53114211383,877796.6813605988
Kabul,65.0,8418.693361436888,68722.10522877908,47395.389629443154,880784.2997803412
Kabul,65.25,8057.772195071474,66963.03173878326,46578.67419487714,883721.0098712684
Kabul,65.5,7718.21287124443,65237.05148888755,45758.658323413045,886606.5653164552
Kabul,65.75,7398.62634497328,63544.513469967256,44936.54965205195,889440.7985330079
Kabul,66.0,7097.715846156741,61885.66542458453,44113.49229965264,892223.6144296064
Kabul,66.25,6814.272104233547,60260.661072114795,43290.56707465482,894954.9877489972
Kabul,66.5,6547.1669676263755,58669.56967760581,42468.79198123935,897634.9593735287
Kabul,66.75,6295.348491414916,57112.38338622436,41649.125367024775,900263.6307553363
Kabul,67.0,6057.836232130084,55589.02405625063,40832.465119125285,902841.1625924943
Kabul,67.25,5833.715763154266,54099.35117149306,40019.65180791719,905367.7692574358
Kabul,67.5,5622.135087255203,52643.16691054674,39211.4704553244,907843.715546874
Kabul,67.75,5422.300009381975,51220.222709531525,38408.65053773613,910269.3147433507
Kabul,68.0,5233.469991676692,49830.22488313323,37611.87024948808,912644.9228757024
Kabul,68.25,5054.955116448402,48472.838827929634,36821.75671799687,914970.9373376254
Kabul,68.5,4886.111939975342,47147.694636296124,36038.88792476252,917247.7934989664
Kabul,68.75,4726.340628375108,45854.39073431056,35263.79619713077,919475.960440184
Kabul,69.0,4575.082014002299,44592.497916850654,34496.96796443913,921655.9401047083
Kabul,69.25,4431.814317200473,43361.56344176912,33738.847225118436,923788.2630159124
Kabul,69.5,4296.051047176025,42161.11361933283,32989.83751110441,925873.4858223872
Kabul,69.75,4167.338276185757,40990.65742604608,32250.302236642845,927912.1900611258
Kabul,70.0,4045.2522132802073,39849.68920837232,31520.568623578518,929904.9779547694
Kabul,70.25,3929.3974827456773,38737.690862121344,30800.92828989404,931852.4713652394
Kabul,70.5,3819.404759203192,37654.134705860895,30091.63884847336,933755.309686463
Kabul,70.75,3714.9290852601002,36598.48515815574,29392.927081501155,935614.1466750834
Kabul,71.0,3615.648281215932,35570.200786807975,28704.988970548224,937429.6499614283
Kabul,71.25,3521.261058948729,34568.73627508216,28027.99231282794,939202.4983531416
Kabul,71.5,3431.4858430966356,33593.543546505236,27362.078690570484,940933.3799198281
Kabul,71.75,3346.0592925647557,32644.073604504927,26707.363651883315,942622.9914510475
Kabul,72.0,3264.734897625413,31719.777685353623,26063.939690958377,944272.0357260631
Kabul,72.25,3187.2820562427773,30820.108202035655,25431.877153064725,945881.2205886573
Kabul,72.5,3113.4848047933506,29944.520158538948,24811.224956420807,947451.2580802473
Kabul,72.75,3043.1407844682235,29092.47178210558,24202.013288485854,948982.8621449409
Kabul,73.0,2976.0604699023183,28263.42538622783,23604.25385580842,950476.7482880619
Kabul,73.25,2912.0661089120836,27456.84832163319,23017.941184938594,951933.6323845166
Kabul,73.5,2850.990994404269,26672.213295858935,22443.054669186768,953354.2290405505
Kabul,73.75,2792.6787715140395,25908.999172382708,21879.55858380216,954739.2514723015
Kabul,74.0,2736.982593540869,25166.691492007543,21327.403718897924,956089.4101955541
Kabul,74.25,2683.7645992133384,24444.782647759595,20786.528784636816,957405.4119683907
Kabul,74.5,2632.89529562562,23742.77257373435,20256.860409544002,958687.9597210964
Kabul,74.75,2584.252902186136,23060.168936334092,19738.314852104682,959937.7513093755
Kabul,75.0,2537.7229576385084,22396.487251408314,19230.798914576153,961155.4788763775
Kabul,75.25,2493.197791605177,21751.251428870273,18734.209995240395,962341.8287842845
Kabul,75.5,2450.576012193517,21123.993743248324,18248.4377097967,963497.4805347619
Kabul,75.75,2409.762200279344,20514.254919548857,17773.36447954623,964623.106400626
Kabul,76.0,2370.666472419027,19921.584535395123,17308.865627390176,965719.3713647961
Kabul,76.25,2333.20407233828,19345.540854950486,16854.810828532103,966786.9322441795
Kabul,76.5,2297.295131208336,18785.690882101833,16411.06450583475,967826.4374808555
Kabul,76.75,2262.8643116751555,18241.610648816048,15977.485929461496,968838.5271100476
Kabul,77.0,2229.8404768681,17712.884964915553,15553.93047400451,969823.8320842122
Kabul,77.25,2198.1565025181603,17199.107430691845,15140.249916433835,970782.9741503566
Kabul,77.5,2167.748988775841,16699.880648208862,14736.292497233644,971716.5658657821
Kabul,77.75,2138.5579888624097,16214.815919959854,14341.903988736829,972625.2101024414
Kabul,78.0,2110.526861669089,15743.533213080893,13956.927959239632,973509.4999660108
Kabul,78.25,2083.602039488555,15285.661324245284,13581.20577234059,974370.0188639261
Kabul,78.5,2057.732804466712,14840.837555368089,13214.57746986648,975207.3401702992
Kabul,78.75,2032.8711695286568,14408.707621360156,12856.88204618638,976022.0271629252
Kabul,79.0,2008.9716953087197,13988.925784949995,12507.957387970897,976814.6331317709
Kabul,79.25,1985.9913050979546,13581.15454425307,12167.640961366009,977585.7011892834
Kabul,79.5,1963.889181793422,13185.064473105827,11835.770125970657,978335.7642191305
Kabul,79.75,1942.6266308860022,12800.334326259528,11512.182042368418,979065.3450004865
Kabul,80.0,1922.1669269378522,12426.650783179963,11196.714142111621,979774.956147771
Kabul,80.25,1902.4752161284828,12063.70820873831,10889.204493459552,980465.1000816742
Kabul,80.5,1883.51842089953,11711.208715392293,10589.491721135133,981136.2691425736
Kabul,80.75,1865.2651148731543,11368.862008974607,10297.415244806582,981788.9456313462
Kabul,81.0,1847.6854244896156,11036.385065947034,10012.815682909268,982423.6018266546
Kabul,81.25,1830.7509669312356,10713.502133441169,9735.534826848869,983040.7000727792
Kabul,81.5,1814.4347515476168,10399.944696301243,9465.415674854525,983640.6928772972
Kabul,81.75,1798.7110823021574,10095.451099524995,9202.302821634781,984224.0229965386
Kabul,82.0,1783.5555165464539,9799.766477597514,8946.042503726772,984791.1235021298
Kabul,82.25,1768.9447861836277,9512.64278364872,8696.482528212475,985342.4179019557
Kabul,82.5,1754.8567167782658,9233.838468071664,8453.472546366354,985878.3202687842
Kabul,82.75,1741.2701815585524,8963.118299730122,8216.86417910192,986399.2353396099
Kabul,83.0,1728.1650506352903,8700.253385720413,7986.510945266344,986905.5586183785
Kabul,83.25,1715.522126447675,8445.02100998969,7762.268354851619,987397.6765087115
Kabul,83.5,1703.323086785346,8197.204330540608,7543.994091048815,987875.9664916258
Kabul,83.75,1691.5504572927073,7956.592348857844,7331.5479906098,988340.7972032401
Kabul,84.0,1680.1875605713608,7722.979896159388,7124.7920000735,988792.5285431963
Kabul,84.25,1669.2184602861255,7496.167300418491,6923.5903365424765,989231.5119027534
Kabul,84.5,1658.6279369473125,7275.960274407465,6727.80952108241,989658.0902675634
Kabul,84.75,1648.4014522860891,7062.169921955029,6537.3183145628855,990072.5983111965
Kabul,85.0,1638.5251070250729,6854.612558135328,6351.987768849396,990475.3625659908
Kabul,85.25,1628.9856038684584,6653.109457938031,6171.691299610028,990866.701638584
Kabul,85.5,1619.770230008632,6457.486829283983,5996.304660697452,991246.9262800105
Kabul,85.75,1610.8668244633243,6267.575789792721,5825.705902201396,991616.3394835431
Kabul,86.0,1602.263739881523,6083.212073698215,5659.775432561941,991975.2367538589
Kabul,86.25,1593.949826358502,5904.235932586947,5498.396023898841,992323.9062171563
Kabul,86.5,1585.9144092848064,5730.492130476394,5341.4527621909565,992662.6286980484
Kabul,86.75,1578.1472618255048,5561.82980357093,5188.833048691353,992991.6778859128
Kabul,87.0,1570.6385777361,5398.102228480649,5040.426613682483,993311.3205801013
Kabul,87.25,1563.37896135361,5239.16679302673,4896.125496917283,993621.8167487029
Kabul,87.5,1556.3594061440717,5084.884977298689,4755.824004525483,993923.4196120324
Kabul,87.75,1549.5712693211797,4935.122119151649,4619.418709451357,994216.3759020764
Kabul,88.0,1543.006258562855,4789.747305580544,4486.808439418502,994500.9259964386
Kabul,88.25,1536.656419256837,4648.633360755496,4357.894241537868,994777.3039784504
Kabul,88.5,1530.5141167782958,4511.656756534931,4232.579357961381,995045.737768726
Kabul,88.75,1524.5720157195024,4378.697396953041,4110.769200166063,995306.4493871619
Kabul,89.0,1518.823073642359,4249.638584321048,3992.3713328097547,995559.6550092273
Kabul,89.25,1513.2605274898879,4124.367003849487,3877.295436646819,995805.5650320144
Kabul,89.5,1507.8778766473483,4002.7725498583213,3765.4532772986713,996044.3842961962
Kabul,89.75,1502.6688715811931,3884.748208012465,3656.758676408927,996276.3122439979
Kabul,90.0,1497.627506586239,3770.1900396011106,3551.127486797719,996501.5429670155
Kabul,90.25,1492.7480083959194,3658.9971282714546,3448.477562653714,996720.2653006795
Kabul,90.5,1488.0248206339425,3551.0713914735734,3348.7287095141137,996932.6630783789
Kabul,90.75,1483.4525991271516,3446.3175411715915,3251.8026665705006,997138.9151931313
Kabul,91.0,1479.026203545316,3344.6430700850397,3157.623078083219,997339.1956482871
Kabul,91.25,1474.7406859133118,3245.9581260257096,3066.115450927507,997533.6737371341
Kabul,91.5,1470.5912812874592,3150.175396329877,2977.2071127586278,997722.5142096246
Kabul,91.75,1466.5734034020818,3057.2100912031683,2890.827193281765,997905.8773121136
Kabul,92.0,1462.682637219385,2966.979908746299,2806.90659705695,998083.918856978
Kabul,92.25,1458.914727569456,2879.4048791463424,2725.377943201315,998256.7904500834
Kabul,92.5,1455.2655753690133,2794.40732360225,2646.1755447227893,998424.6395563065
Kabul,92.75,1451.7312323954727,2711.91184167229,2569.23538685185,998587.609539081
Kabul,93.0,1448.3078933097172,2631.8452170222486,2494.495083273045,998745.8398063956
Kabul,93.25,1444.9918883950272,2554.136314642996,2421.893828435014,998899.4659685276
Kabul,93.5,1441.7796807187303,2478.716065201339,2351.3723822246375,999048.619871856
Kabul,93.75,1438.6678611252203,2405.517437706946,2282.8730464829937,999193.4296546854
Kabul,94.0,1435.6531399288278,2334.4753133893228,2216.3396033851245,999334.0199432974
Kabul,94.25,1432.7323439869806,2265.526448471071,2151.717294003596,999470.511913539
Kabul,94.5,1429.9024132776606,2198.609462618265,2088.952801393959,999603.0233227108
Kabul,94.75,1427.1603951371646,2133.664762872447,2027.9942082163523,999731.6686337746
Kabul,95.0,1424.5034388619733,2070.6344591178745,1968.7909501294287,999856.5591518914
Kabul,95.25,1421.9287937259069,2009.4623505924994,1911.2938028075787,999977.8030528746
Kabul,95.5,1419.4338054959433,1950.0939013208886,1855.4548611483558,1000095.5054320354
Kabul,95.75,1417.015910247982,1892.4761376890694,1801.227480593659,1000209.76847147
Kabul,96.0,1414.672632274573,1836.5576191329915,1748.566258084406,1000320.6914905087
Kabul,96.25,1412.4015817158827,1782.2884274733428,1697.4270182565272,1000428.3709725549
Kabul,96.5,1410.200450179557,1729.6201009336237,1647.7667722662457,1000532.9006766212
Kabul,96.75,1408.0670069029497,1678.505569196556,1599.5436771657182,1000634.3717467354
Kabul,97.0,1405.9990973129584,1628.8991426258908,1552.71702507327,1000732.8727349886
Kabul,97.25,1403.994640448844,1580.7564875467262,1507.24722326391,1000828.4896487412
Kabul,97.5,1402.0516243217612,1534.0345434733167,1463.0957409853017,1000921.3060912202
Kabul,97.75,1400.1681045200758,1488.6915026708857,1420.2250946754395,1001011.4032981343
Kabul,98.0,1398.3422024828349,1444.6867998376251,1378.5988360641943,1001098.860161616
Kabul,98.25,1396.5721020017897,1401.981052278733,1338.1815117240974,1001183.753333996
Kabul,98.5,1394.856046635521,1360.5360135729254,1298.9386311491737,1001266.1573086431
Kabul,98.75,1393.192338640283,1320.3145653718666,1260.836657982286,1001346.1444380062
Kabul,99.0,1391.5793368810635,1281.2806903481285,1223.842988968078,1001423.7849838034
Kabul,99.25,1390.0154534216724,1243.3994075478058,1187.925908696272,1001499.1472303349
Kabul,99.5,1388.4991526157814,1206.6367592526267,1153.0545790647236,1001572.2975090676
Kabul,99.75,1387.0289497921272,1170.959800301344,1119.199028317547,1001643.3002215896
Kabul,100.0,1385.6034083656552,1136.3365434056234,1086.330111621775,1001712.2179366077
Kabul,100.25,1384.2211382197181,1102.7359290890083,1054.4194886887421,1001779.1114440032
Kabul,100.5,1382.8807948862336,1070.1278192039822,1023.4396165725666,1001844.0397693379
Kabul,100.75,1381.5810777003405,1038.4829666788712,993.36372620618,1001907.0602294153
Kabul,101.0,1380.3207274258793,1007.7729683038998,964.1657870890484,1001968.2285171818
Kabul,101.25,1379.0985256187685,977.9702561607655,935.8204996596738,1002027.5987185615
Kabul,101.5,1377.913293592325,949.0480859774123,908.3032845248755,1002085.223335906
Kabul,101.75,1376.7638900054249,920.9804883327668,881.5902452622681,1002141.1533764002
Kabul,102.0,1375.6492099549123,893.7422515990625,855.6581548479286,1002195.4383835988
Kabul,102.25,1374.5681843065022,867.3089158536039,830.484449114577,1002248.1264507261
Kabul,102.5,1373.5197779977543,841.6567403488658,806.0472010481552,1002299.264280606
Kabul,102.75,1372.5029885087106,816.762672084733,782.3250959935399,1002348.8972434137
Kabul,103.0,1371.5168453937042,792.6043401493039,759.2974261018427,1002397.0693883558
Kabul,103.25,1370.5604093275122,769.1600407803045,736.9440774978426,1002443.8234723951
Kabul,103.5,1369.632770240015,746.4086979794118,715.2454988342568,1002489.201032947
Kabul,103.75,1368.733046822333,724.3298545831843,694.1826936767694,1002533.2424049184
Kabul,104.0,1367.860385949713,702.9036655305088,673.7372138257161,1002575.9867346947
Kabul,104.25,1367.0139611360974,682.1108653774282,653.8911329219752,1002617.4720405652
Kabul,104.5,1366.1929716488253,661.9327498250714,634.6270311908702,1002657.7352473359
Kabul,104.75,1365.3966421428308,642.3511715394644,615.9279911011079,1002696.8121952172
Kabul,105.0,1364.6242216747628,623.3485210802429,597.7775812668277,1002734.7376759788
Kabul,105.25,1363.8749824301444,604.9076992181961,580.1598335064724,1002771.5454848459
Kabul,105.5,1363.1482194059884,587.0121117561987,563.0592380594766,1002807.268430779
Kabul,105.75,1362.4432498899525,569.6456614558329,546.4607361664814,1002841.9383524883
Kabul,106.0,1361.7594121171626,552.7927184800421,530.349695303418,1002875.5861741
Kabul,106.25,1361.0960648281039,536.4381112596724,514.7119013023707,1002908.2419226104
Kabul,106.5,1360.452586941953,520.5671222527747,499.5335540768195,1002939.934736729
Kabul,106.75,1359.8283765620447,505.16546650400795,484.80124934799363,1002970.6929075866
Kabul,107.0,1359.2228502122223,490.2192747694917,470.5019642052864,1003000.5439108136
Kabul,107.25,1358.63544261042,475.71509024111236,456.6230538539105,1003029.5144132952
Kabul,107.5,1358.0656060866995,461.6398570962541,443.15224150095185,1003057.6302953167
Kabul,107.75,1357.5128095923112,447.9808981280837,430.07759910389973,1003084.9166931764
Kabul,108.0,1356.9765384656355,434.7259102231427,417.3875432529922,1003111.3980080588
Kabul,108.25,1356.4562941188942,421.8629592739066,405.07083033906207,1003137.0979162687
Kabul,108.5,1355.951593108676,409.3804590960631,393.1165382495661,1003162.0394095463
Kabul,108.75,1355.4619667465988,397.2671628383579,381.51405879433537,1003186.2448116214
Kabul,109.0,1354.9869609053242,385.5121601268318,370.25309483995454,1003209.7357841285
Kabul,109.25,1354.5261353699475,374.10486275517536,359.3236476892006,1003232.5333541863
Kabul,109.5,1354.0790632212845,363.0349905588892,348.7160046439624,1003254.6579415766
Kabul,109.75,1353.6453306825465,352.2925687663933,338.4207364442959,1003276.1293641074
Kabul,110.0,1353.2245367638625,341.8679208217394,328.4286907354612,1003296.9668516796
Kabul,110.25,1352.816292517803,331.7516511267875,318.73097679035607,1003317.1890795657
Kabul,110.5,1352.4202208571874,321.93464117180486,309.31896197444127,1003336.8141759972
Kabul,110.75,1352.0359563584764,312.4080461125038,300.1842684516204,1003355.859729078
Kabul,111.0,1351.6631446161248,303.16327979733734,291.3187598349603,1003374.3428157523
Kabul,111.25,1351.3014419200877,294.1920073700232,282.71453453301723,1003392.2800161776
Kabul,111.5,1350.9505151335845,285.48614324123736,274.36392373558715,1003409.6874178903
Kabul,111.75,1350.6100412613616,277.0378413504808,266.2594826145674,1003426.5806347743
Kabul,112.0,1350.2797069698856,268.8394839066546,258.39398019019023,1003442.9748289338
Kabul,112.25,1349.9592084782992,260.8836792671612,250.76039730381385,1003458.8847149514
Kabul,112.5,1349.6482513323901,253.16325722743986,243.35192224712802,1003474.3245691936
Kabul,112.75,1349.3465498544763,245.67125601811668,236.1619390062779,1003489.3082551217
Kabul,113.0,1349.0538270001575,238.40091909173765,229.1840243007541,1003503.849229608
Kabul,113.25,1348.7698142311567,231.3456927486449,222.41194528814754,1003517.9605477327
Kabul,113.5,1348.4942510611334,224.49921542188332,215.83964982077006,1003531.6548836968
Kabul,113.75,1348.2268847998926,217.8553116602926,209.46126094587893,1003544.9445425946
Kabul,114.0,1347.967470472491,211.4079906445974,203.27107544601168,1003557.8414634377
Kabul,114.25,1347.715770525342,205.15143942199845,197.26355762014893,1003570.3572324333
Kabul,114.5,1347.4715544608355,199.08001418450138,191.4333313019192,1003582.5031000534
Kabul,114.75,1347.2345987580413,193.18823860264607,185.77517827237617,1003594.2899843677
Kabul,115.0,1347.0046867235078,187.4708006120553,180.28403524195974,1003605.7284774232
Kabul,115.25,1346.7816080872308,181.92254272477658,174.95498495204984,1003616.8288642366
Kabul,115.5,1346.5651588912062,176.5384594440714,169.78325377108655,1003627.6011278944
Kabul,115.75,1346.3551414047163,171.31369558100747,164.7642100655409,1003638.0549529494
Kabul,116.0,1346.1513638009953,166.2435385220388,159.89335706561366,1003648.1997406121
Kabul,116.25,1345.953639959595,161.32341350006985,155.16632848810073,1003658.0446180529
Kabul,116.5,1345.7617894109878,156.5488824954737,150.57888746283288,1003667.5984406314
Kabul,116.75,1345.575637132374,151.91563945147072,146.12692208034963,1003676.8698013366
Kabul,117.0,1345.3950132727928,147.4195036315862,141.80643923583168,1003685.8670438605
Kabul,117.25,1345.2197530949354,143.05641833270295,137.61356340312142,1003694.59826517
Kabul,117.5,1345.049696873635,138.82244863098165,133.5445345013585,1003703.0713199947
Kabul,117.75,1344.8846895994125,134.7137741964263,129.59570121739523,1003711.2938349874
Kabul,118.0,1344.7245808929174,130.72668726427457,125.76351910469447,1003719.2732127388
Kabul,118.25,1344.5692249470678,126.85759142386203,122.04454941178176,1003727.0166342179
Kabul,118.5,1344.4184802945672,123.10299599924245,118.43545384131386,1003734.5310698656
Kabul,118.75,1344.2722096575626,119.45951240863755,114.93299114773791,1003741.8232867868
Kabul,119.0,1344.1302799088278,115.92385334740172,111.53401634287853,1003748.8998504017
Kabul,119.25,1343.9925619275948,112.49282935981365,108.23547747740697,1003755.7671312359
Kabul,119.5,1343.8589303940644,109.16334382910085,105.03441095353624,1003762.431314824
Kabul,119.75,1343.729263746538,105.93239199568616,101.92794058853457,1003768.8984036699
Kabul,120.0,1343.6034441108377,102.79705934848612,98.91327608445577,1003775.174220457
Kabul,120.25,1343.481357082551,99.75451630487827,95.98770804024767,1003781.2644185731
Kabul,120.5,1343.3628916619728,96.80201664508661,93.14860647525778,1003787.1744852184
Kabul,120.75,1343.2479402138465,93.93689663360712,90.39341998001576,1003792.9097431733
Kabul,121.0,1343.1363982990033,91.15657091610437,87.71967185862707,1003798.475358927
Kabul,121.25,1343.0281645609161,88.45852974885625,85.12495752045712,1003803.8763481705
Kabul,121.5,1342.9231406980807,85.8403383910023,82.60694389104573,1003809.1175770205
Kabul,121.75,1342.8212313611484,83.29963462970494,80.16336707348606,1003814.2037669363
Kabul,122.0,1342.7223439997024,80.83412502004248,77.79202880528928,1003819.1395021756
Kabul,122.25,1342.6263888305775,78.44158414151863,75.49079574805009,1003823.9292312806
Kabul,122.5,1342.5332787881314,76.11985344048482,73.25759838246596,1003828.5772693896
Kabul,122.75,1342.4429293640474,73.86683729328846,71.0904272927085,1003833.0878060507
Kabul,123.0,1342.3552585580592,71.68050180796945,68.98733203074767,1003837.4649076039
Kabul,123.25,1342.2701868496,69.55887418512705,66.94642049901704,1003841.712518467
Kabul,123.5,1342.1876370753969,67.50003971619117,64.96585611130762,1003845.8344670978
Kabul,123.75,1342.1075343440548,65.50213968448395,63.04385580575007,1003849.8344701665
Kabul,124.0,1342.0298060161865,63.563370913231445,61.17868960763665,1003853.7161334637
Kabul,124.25,1341.9543816307012,61.68198397615215,59.368678930326496,1003857.4829554636
Kabul,124.5,1341.8811927904997,59.856280378984934,57.61219390510678,1003861.1383329261
Kabul,124.75,1341.8101731389545,58.08461199775141,55.907652843732635,1003864.6855620203
Kabul,125.0,1341.7412583246937,56.365380245460095,54.25352144098967,1003868.1278399895
Kabul,125.25,1341.6743858836132,54.697033160011266,52.64831001250467,1003871.4682709445
Kabul,125.5,1341.6094952014496,53.07806448711729,51.090572622304656,1003874.7098676898
Kabul,125.75,1341.546527493706,51.50701321636832,49.57890663495442,1003877.8555526556
Kabul,126.0,1341.4854257166292,49.98246138803823,48.11195063182768,1003880.9081622642
Kabul,126.25,1341.4261345026962,48.503032500587956,46.68838289720428,1003883.8704501002
Kabul,126.5,1341.368600146191,47.067391174335405,45.306921093449205,1003886.7450875866
Kabul,126.75,1341.3127705505283,45.67424186399501,43.966321034102926,1003889.534666552
Kabul,127.0,1341.2585951427156,44.32232674219014,42.66537467066428,1003892.2417034451
Kabul,127.25,1341.2060248557677,43.01042527394823,41.402909684998974,1003894.8686401859
Kabul,127.5,1341.1550121038283,41.73735362073435,40.177788917935096,1003897.4178453581
Kabul,127.75,1341.1055106952692,40.501962488838714,38.98890832074763,1003899.8916184958
Kabul,128.0,1341.0574758039643,39.30313642154212,37.83519627984388,1003902.2921914953
Kabul,128.25,1341.0108639550876,38.139793464737046,36.71561329409248,1003904.6217292867
Kabul,128.5,1340.9656329606241,37.01088357269029,35.62915045501941,1003906.8823330124
Kabul,128.75,1340.9217418702312,35.9153873911173,34.57482828628934,1003909.0760424531
Kabul,129.0,1340.879150960679,34.852316006213556,33.55169650159729,1003911.2048365322
Kabul,129.25,1340.8378216986112,33.82071002999731,32.55883313063519,1003913.2706351414
Kabul,129.5,1340.7977166761832,32.81963800373736,31.595342995798994,1003915.2753023249
Kabul,129.75,1340.758799597771,31.848196073205365,30.660357400833714,1003917.2206469289
Kabul,130.0,1340.7210352625466,30.905507567498685,29.75303372641706,1003919.1084234442
Kabul,130.25,1340.684389500628,29.99072141442453,28.87255391721638,1003920.9403351684
Kabul,130.5,1340.6488291505902,29.10301158414931,28.018123949947256,1003922.718035316
Kabul,130.75,1340.614322049494,28.241576851055115,27.188973603626554,1003924.4431274965
Kabul,131.0,1340.580836986604,27.405639646836942,26.38435536341859,1003926.1171680038
Kabul,131.25,1340.5483436654538,26.59444511872781,25.603543520381375,1003927.7416676962
Kabul,131.5,1340.5168126960198,25.807260940801125,24.845833989593924,1003929.3180923742
Kabul,131.75,1340.4862155689532,25.043376678865357,24.110543701980255,1003930.8478640509
Kabul,132.0,1340.4565246067975,24.30210257805973,23.397009444904608,1003932.3323633709
Kabul,132.25,1340.4277129537847,23.582769311778364,22.704587621288493,1003933.7729301138
Kabul,132.5,1340.3997545637633,22.884727687905876,22.032653967208613,1003935.1708637818
Kabul,132.75,1340.3726241536297,22.2073474911051,21.380602444204897,1003936.5274259117
Kabul,133.0,1340.3462971851766,21.550017032455703,20.747844807971912,1003937.8438409751
Kabul,133.25,1340.3207498581771,20.912142982510236,20.133810447330383,1003939.1212967127
Kabul,133.5,1340.295959077753,20.293149561257543,19.537945608530745,1003940.3609457532
Kabul,133.75,1340.2719024245462,19.69247779628068,18.959712684850704,1003941.563907095
Kabul,134.0,1340.248558148802,19.10958537849281,18.398590077654443,1003942.7312663958
Kabul,134.25,1340.2259051531753,18.543946237393023,17.85407178898806,1003943.8640768211
Kabul,134.5,1340.2039229554923,17.99504961429369,17.325666533795253,1003944.9633608971
Kabul,134.75,1340.1825916806513,17.462399861975488,16.812897547608802,1003946.0301109105
Kabul,135.0,1340.1618920524556,16.945516244961823,16.315302394371162,1003947.0652893089
Kabul,135.25,1340.1418053600685,16.44393210460496,15.832432166314014,1003948.0698303698
Kabul,135.5,1340.1223134428205,15.957194481301118,15.36385112170514,1003949.0446409549
Kabul,135.75,1340.1033986854559,15.484863998786556,14.909136573268151,1003949.9906007432
Kabul,136.0,1340.0850439958388,15.026514310109793,14.46787835685358,1003950.908563338
Kabul,136.25,1340.0672327809868,14.581731500791546,14.039678259123194,1003951.7993574599
Kabul,136.5,1340.0499489424444,14.150113975036477,13.624149908032411,1003952.6637871752
Kabul,136.75,1340.033176865451,13.731272187818114,13.220918515507826,1003953.5026324319
Kabul,137.0,1340.016901390452,13.324827935164896,12.829620196710765,1003954.3166504784
Kabul,137.25,1340.0011078062687,12.930414184516739,12.449901807130985,1003955.1065762028
Kabul,137.5,1339.9857818447804,12.54767494425953,12.081420816956534,1003955.8731223947
Kabul,137.75,1339.9709096573158,12.17626467564421,11.723844746810997,1003956.6169809209
Kabul,138.0,1339.9564778014226,11.815847963268636,11.376850851481029,1003957.3388233846
Kabul,138.25,1339.942473237557,11.46609943397999,11.040126041739152,1003958.0393012875
Kabul,138.5,1339.9288833146963,11.126703399037615,10.713366540768726,1003958.7190467463
Kabul,138.75,1339.9156957506746,10.797353363980793,10.396277413691974,1003959.3786734723
Kabul,139.0,1339.902898628382,10.477751934602383,10.08857247711989,1003960.0187769606
Kabul,139.25,1339.8904803894493,10.167610660619046,9.789974148826984,1003960.6399348017
Kabul,139.5,1339.878429812771,9.866649500285563,9.500212933725884,1003961.2427077539
Kabul,139.75,1339.866736008178,9.574596662879205,9.219027272546548,1003961.8276400571
Kabul,140.0,1339.8553884131259,9.291188527206536,8.946163463320115,1003962.395259597
Kabul,140.25,1339.8443767768492,9.01616924668593,8.681375282096946,1003962.946078695
Kabul,140.5,1339.8336911483882,8.749290450911374,8.42442369629395,1003963.4805947051
Kabul,140.75,1339.8233218741284,8.490311184883183,8.175076806152967,1003963.9992901356
Kabul,141.0,1339.81325958943,8.238997700863443,7.933109644699342,1003964.5026330657
Kabul,141.25,1339.803495202331,7.995123051901969,7.698303787269559,1003964.9910779592
Kabul,141.5,1339.7940198902545,7.758467009974528,7.470447272788437,1003965.4650658277
Kabul,141.75,1339.7848250964057,7.528815976844642,7.2493345179670134,1003965.9250244095
Kabul,142.0,1339.7759025145683,7.3059626048471085,7.0347659529490745,1003966.3713689285
Kabul,142.25,1339.7672440825086,7.0897056324656464,6.826547863289125,1003966.8045024225
Kabul,142.5,1339.7588419799454,6.879849834198,6.624492341638924,1003967.2248158449
Kabul,142.75,1339.7506886189228,6.6762057806408714,6.428417057154694,1003967.632688544
Kabul,143.0,1339.7427766327123,6.478589561609629,6.238144989393661,1003968.028488817
Kabul,143.25,1339.7350988737155,6.2868227341092755,6.05350437823244,1003968.4125740147
Kabul,143.5,1339.7276484093777,6.10073222076852,5.874328626162709,1003968.7852907444
Kabul,143.75,1339.720418509145,5.920149984398412,5.70045598547747,1003969.1469755217
Kabul,144.0,1339.713402640992,5.744912941435274,5.531729475038973,1003969.4979549432
Kabul,144.25,1339.706594469445,5.574862913055648,5.36799683318809,1003969.838545785
Kabul,144.5,1339.6999878459224,5.4098463841458635,5.209110286023372,1003970.1690554846
Kabul,144.75,1339.6935768015458,5.249714323999355,5.054926375009869,1003970.4897825002
Kabul,145.0,1339.6873555456784,5.094322150011953,4.905305922011076,1003970.801016383
Kabul,145.25,1339.6813184612085,4.943529610226801,4.760113916317629,1003971.103038013
Kabul,145.5,1339.6754600944387,4.797200530998744,4.6192192720209455,1003971.3961201033
Kabul,145.75,1339.6697751530426,4.655202766061139,4.4824947790120415,1003971.6805273026
Kabul,146.0,1339.664258504149,4.517408149005804,4.3498170572231825,1003971.9565162903
Kabul,146.25,1339.6589051654762,4.383692271998188,4.221066343833487,1003972.2243362194
Kabul,146.5,1339.6537103007313,4.253934370995172,4.0961263828755765,1003972.484228946
Kabul,146.75,1339.648669218465,4.128017297315856,3.974884397847037,1003972.736429087
Kabul,147.0,1339.643777367234,4.005827397008888,3.857230975673488,1003972.9811642608
Kabul,147.25,1339.6390303280082,3.8872543213608113,3.7430598844578347,1003973.2186554668
Kabul,147.5,1339.6344238127804,3.77219099220415,3.6322680400915512,1003973.4491171556
Kabul,147.75,1339.6299536628114,3.6605335583246235,3.5247554642865473,1003973.6727573152
Kabul,148.0,1339.6256158409271,3.552181203149061,3.4204250995969483,1003973.889777857
Kabul,148.25,1339.6214064284727,3.4470360687595236,3.3191827363200637,1003974.1003747672
Kabul,148.5,1339.6173216243633,3.3450032322889554,3.220936989756443,1003974.3047381543
Kabul,148.75,1339.6133577406297,3.2459905948183416,3.1255991933238874,1003974.5030524719
Kabul,149.0,1339.609511196623,3.149908736665983,3.033083259345302,1003974.695496808
Kabul,149.25,1339.6057785179687,3.056670891338798,2.943305653973183,1003974.8822449375
Kabul,149.5,1339.6021563350653,2.966192908170573,2.856185361221859,1003975.0634653963
Kabul,149.75,1339.59864137663,2.878393091162136,2.771643727921931,1003975.239321805
Kabul,150.0,1339.5952304674831,2.7931921436791285,2.689604410508987,1003975.4099729791
Kabul,150.25,1339.5919205277696,2.710513149123344,2.609993356403815,1003975.5755729674
Kabul,150.5,1339.5887085692327,2.6302814779070727,2.5327387145033464,1003975.7362712391
Kabul,150.75,1339.5855916905448,2.552424670897043,2.457770723033313,1003975.8922129163
Kabul,151.0,1339.5825670764832,2.476872418850404,2.3850216897510967,1003976.0435388157
Kabul,151.25,1339.5796319967678,2.403556533480226,2.3144259640884193,1003976.1903855064
Kabul,151.5,1339.5767838007878,2.3324108157641317,2.245919810435333,1003976.3328855737
Kabul,151.75,1339.574019915735,2.263371009376889,2.1794413633274434,1003976.4711677122
Kabul,152.0,1339.5713378459914,2.1963747854077913,2.114930612724549,1003976.6053567566
Kabul,152.25,1339.56873517033,2.131361672545102,2.052329336823977,1003976.735573821
Kabul,152.5,1339.5662095378739,2.0682729561340905,1.9915810049228844,1003976.8619365017
Kabul,152.75,1339.5637586674202,2.007051661317041,1.9326307611874114,1003976.9845589108
Kabul,153.0,1339.561380346628,1.947642532840012,1.8754254052077375,1003977.1035517161
Kabul,153.25,1339.559072427894,1.8899919320065666,1.8199132928317492,1003977.2190223479
Kabul,153.5,1339.5568328264833,1.8340477900502128,1.7660442912898653,1003977.3310750928
Kabul,153.75,1339.5546595200399,1.779759595943481,1.713769767453155,1003977.4398111172
Kabul,154.0,1339.5525505468313,1.7270783525572992,1.6630425456366822,1003977.5453285556
Kabul,154.25,1339.5505040020453,1.675956484190249,1.613816818603626,1003977.6477226958
Kabul,154.5,1339.5485180371445,1.6263478204811384,1.5660481320793167,1003977.747086011
Kabul,154.75,1339.5465908593503,1.5782075835244267,1.519693372341427,1003977.8435081855
Kabul,155.0,1339.5447207287248,1.531492315017564,1.474710696102239,1003977.9370762608
Kabul,155.25,1339.5429059560317,1.4861598228607817,1.4310594791111424,1003978.0278747426
Kabul,155.5,1339.5411449023136,1.4421691705640396,1.3887003059540055,1003978.1159856218
Kabul,155.75,1339.5394359781003,1.39948065755295,1.3475949510928016,1003978.2014884138
Kabul,156.0,1339.5377776401174,1.358055736940976,1.3077062997205027,1003978.2844603239
Kabul,156.25,1339.536168390424,1.317856993997542,1.2689983270348661,1003978.3649762892
Kabul,156.5,1339.5346067760563,1.2788481372685452,1.2314360896857997,1003978.4431089977
Kabul,156.75,1339.5330913874436,1.2409939590466235,1.1949856877247989,1003978.5189289664
Kabul,157.0,1339.5316208558777,1.2042602721247455,1.1596142037261408,1003978.5925046689
Kabul,157.25,1339.5301938531345,1.1686139004042697,1.1252896937447872,1003978.6639025534
Kabul,157.5,1339.528809091118,1.1340226699735547,1.0919811787238967,1003978.7331870608
Kabul,157.75,1339.5274653196516,1.1004553539799782,1.0596585914294965,1003978.8004207356
Kabul,158.0,1339.5261613249559,1.0678816346060853,1.0282927398480344,1003978.8656643012
Kabul,158.25,1339.5248959293444,1.036272095465253,0.9978552998638631,1003978.928976676
Kabul,158.5,1339.5236679907819,1.005598210595318,0.9683188046614526,1003978.9904149947
Kabul,158.75,1339.522476400451,0.9758322836757913,0.9396565862144309,1003979.0500347303
Kabul,159.0,1339.5213200820106,0.9469474295061836,0.911842757455363,1003979.1078897318
Kabul,159.25,1339.5201979913268,0.918917567310446,0.8848522058274308,1003979.1640322362
Kabul,159.5,1339.519109115709,0.8917174016437571,0.8586605749030819,1003979.2185129084
Kabul,159.75,1339.5180524717732,0.8653223690296655,0.8332442130135983,1003979.2713809469
Kabul,160.0,1339.5170271050804,0.8397086289482817,0.8085801645731587,1003979.3226841021
Kabul,160.25,1339.5160320899147,0.8148530582721043,0.7846461647196237,1003979.3724686877
Kabul,160.5,1339.5150665282074,0.7907332244195586,0.7614206134695958,1003979.4207796346
Kabul,160.75,1339.5141295478657,0.7673273436048287,0.7388825355256516,1003979.4676605737
Kabul,161.0,1339.5132203025603,0.7446142755355394,0.717011575171216,1003979.5131538474
Kabul,161.25,1339.5123379715362,0.7225735186934249,0.6957879917249586,1003979.5573005187
Kabul,161.5,1339.5114817583606,0.7011851790537246,0.6751926294267372,1003979.6001404339
Kabul,161.75,1339.510650889665,0.6804299386879324,0.655206887210596,1003979.6417122851
Kabul,162.0,1339.5098446149843,0.6602890517254411,0.6358127148163162,1003979.6820536192
Kabul,162.25,1339.509062206594,0.6407443402945158,0.6169926088798856,1003979.721200845
Kabul,162.5,1339.5083029582077,0.6217781619997684,0.5987295816231537,1003979.7591892988
Kabul,162.75,1339.5075661840206,0.6033733860315426,0.5810071378530495,1003979.7960532928
Kabul,163.0,1339.5068512185655,0.5855133895767249,0.5638092715055024,1003979.8318261211
Kabul,163.25,1339.5061574165784,0.5681820544201529,0.5471204623720648,1003979.8665400674
Kabul,163.5,1339.5054841517383,0.5513637355459103,0.5309256458708227,1003979.9002264675
Kabul,163.75,1339.5048308158973,0.5350432418363461,0.5152101944638801,1003979.9329157486
Kabul,164.0,1339.5041968189498,0.5192058328468233,0.4999599145516864,1003979.9646374345
Kabul,164.25,1339.503581588724,0.5038372160881656,0.485161043855551,1003979.9954201521
Kabul,164.5,1339.5029845698393,0.4889235184780967,0.47080022393197407,1003980.0252916885
Kabul,164.75,1339.5024052230149,0.4744512690874721,0.456864483560824,1003980.0542790251
Kabul,165.0,1339.5018430249622,0.46040739643163886,0.4433412361371284,1003980.0824083433
Kabul,165.25,1339.501297468298,0.4467792263353693,0.43021827761451814,1003980.1097050286
Kabul,165.5,1339.5007680605745,0.4335544576881649,0.41748376316277785,1003980.1361937193
Kabul,165.75,1339.5002543235873,0.42072114513394465,0.4051261905013253,1003980.1618983416
Kabul,166.0,1339.4997557932902,0.40826769698640164,0.39313439789188603,1003980.1868421127
Kabul,166.25,1339.499272019721,0.3961828733698076,0.38149756234763355,1003980.2110475454
Kabul,166.5,1339.4988025662622,0.3844557677216889,0.37020518182394646,1003980.234536485
Kabul,166.75,1339.4983470088798,0.37307578781186723,0.3592470569431447,1003980.2573301472
Kabul,167.0,1339.4979049360602,0.3620326541516387,0.3486132894627078,1003980.2794491212
Kabul,167.25,1339.4974759487259,0.35131639788176044,0.3382942802411057,1003980.300913374
Kabul,167.5,1339.4970596597784,0.34091734938307733,0.32828071827190786,1003980.3217422734
Kabul,167.75,1339.4966556932409,0.33082611683478513,0.31856356003902103,1003980.3419546308
Kabul,168.0,1339.4962636841888,0.3210335844950705,0.3091340278611872,1003980.3615687042
Kabul,168.25,1339.4958832786376,0.31153090989361876,0.2999836071883449,1003980.380602205
Kabul,168.5,1339.4955141333855,0.30230951990259153,0.29110404281853325,1003980.3990723047
Kabul,168.75,1339.4951559151011,0.2933610879394267,0.2824873169478659,1003980.4169956809
Kabul,169.0,1339.4948083001796,0.2846775303902481,0.2741256457267919,1003980.4343885245
Kabul,169.25,1339.49447097464,0.27625100405198527,0.2660114767970066,1003980.4512665453
Kabul,169.5,1339.4941436341264,0.26807390612301846,0.25813748928214264,1003980.4676449713
Kabul,169.75,1339.4938259831642,0.2601388556740144,0.2504965759470849,1003980.4835385861
Kabul,170.0,1339.493517734807,0.25243868478479564,0.2430818346640072,1003980.4989617466
Kabul,170.25,1339.4932186105957,0.24496643756065742,0.23588656746516692,1003980.5139283853
Kabul,170.5,1339.4929283405127,0.23771536895045614,0.22890427940452585,1003980.5284520121
Kabul,170.75,1339.4926466626705,0.23067893700869202,0.22212867110730933,1003980.5425457301
Kabul,171.0,1339.4923733226751,0.2238507869630112,0.2155536234291724,1003980.5562222679
Kabul,171.25,1339.4921080735876,0.21722475026653285,0.20917319654370495,1003980.5694939806
Kabul,171.5,1339.491850675827,0.21079484217231717,0.20298162760676458,1003980.5823728554
Kabul,171.75,1339.4916008971957,0.20455526236398391,0.19697333136354866,1003980.59487051
Kabul,172.0,1339.4913585122251,0.19850037862330586,0.19114288442267993,1003980.6069982257
Kabul,172.25,1339.4911233019493,0.19262472114786683,0.18548501978479542,1003980.6187669581
Kabul,172.5,1339.4908950538772,0.18692298188967849,0.17999462620568818,1003980.630187339
Kabul,172.75,1339.4906735619472,0.18139001340036084,0.17466674708411972,1003980.6412696786
Kabul,173.0,1339.4904586263654,0.17602082480444078,0.16949657658465636,1003980.6520239733
Kabul,173.25,1339.4902500530384,0.17081056761600574,0.16447944598080777,1003980.6624599344
Kabul,173.5,1339.4900476535254,0.1657545345530513,0.15961082251337214,1003980.6725869904
Kabul,173.75,1339.489851244984,0.1608481581769441,0.15488630808032822,1003980.6824142897
Kabul,174.0,1339.4896606501875,0.15608701133019098,0.1503016396581885,1003980.6919506998
Kabul,174.25,1339.4894756971755,0.15146679840645697,0.14585268089611708,1003980.7012048245
Kabul,174.5,1339.4892962188908,0.14698334629136872,0.14153541339291179,1003980.7101850224
Kabul,174.75,1339.489122053176,0.1426326042411157,0.13734593658010885,1003980.718899407
Kabul,175.0,1339.4889530426988,0.13841064207390272,0.1332804659804543,1003980.7273558502
Kabul,175.25,1339.4887890350112,0.13431365159286715,0.1293353345779387,1003980.7355619797
Kabul,175.5,1339.4886298821114,0.13033793567567142,0.12550698231230936,1003980.7435252009
Kabul,175.75,1339.4884754402285,0.12647990289152716,0.12179195089580955,1003980.7512527069
Kabul,176.0,1339.4883255698217,0.12273606746886101,0.11818688378204328,1003980.7587514798
Kabul,176.25,1339.4881801355089,0.11910304753038733,0.11468852446644125,1003980.7660282934
Kabul,176.5,1339.4880390061317,0.11557756670067401,0.111293718034144,1003980.77308971
Kabul,176.75,1339.4879020543278,0.11215644343737864,0.10799940088710695,1003980.7799421023
Kabul,177.0,1339.4877691563768,0.10883658715118992,0.10480259700797423,1003980.7865916603
Kabul,177.25,1339.4876401921974,0.10561499819157552,0.10170041794635531,1003980.7930443925
Kabul,177.5,1339.4875150452851,0.10248876623306896,0.0986900612649073,1003980.799306128
Kabul,177.75,1339.4873936027823,0.09945507204743208,0.09576881224572034,1003980.8053825138
Kabul,178.0,1339.4872757551086,0.09651117829565156,0.0929340350239369,1003980.8112790324
Kabul,178.25,1339.4871613958057,0.09365442560444488,0.09018316880978469,1003980.8170010106
Kabul,178.5,1339.4870504215362,0.09088223256626032,0.08751372788857656,1003980.8225536188
Kabul,178.75,1339.486942732036,0.08819209455308806,0.08492330047848272,1003980.8279418738
Kabul,179.0,1339.486838230166,0.08558158500608601,0.08240954997226616,1003980.8331706357
Kabul,179.25,1339.486736821669,0.08304834933152169,0.07997020905968345,1003980.8382446208
Kabul,179.5,1339.4866384149523,0.08059009951215515,0.07760307453872076,1003980.8431684119
Kabul,179.75,1339.4865429210872,0.07820461408599433,0.07530600729513681,1003980.8479464585
Kabul,180.0,1339.4864502537876,0.07588973758511945,0.07307693176208872,1003980.8525830779
Kabul,180.25,1339.4863603294077,0.07364338050600089,0.07091383589148699,1003980.8570824552
Kabul,180.5,1339.4862730668815,0.07146351778830733,0.06881476968925984,1003980.8614486466
Kabul,180.75,1339.4861883874253,0.0693481813856346,0.06677783806160759,1003980.865685594
Kabul,181.0,1339.4861062145196,0.06729545981375887,0.0648012003800068,1003980.8697971263
Kabul,181.25,1339.4860264739082,0.06530349811254386,0.0628830704445298,1003980.8737869584
Kabul,181.5,1339.4859490935462,0.06337049658705539,0.061021715271604694,1003980.8776586956
Kabul,181.75,1339.4858740036811,0.0614947127785548,0.05921545699190998,1003980.8814158274
Kabul,182.0,1339.4858011365745,0.059674454555422266,0.05746266619753408,1003980.8850617436
Kabul,182.25,1339.4857304264033,0.05790807762684282,0.055761759547854506,1003980.8885997373
Kabul,182.5,1339.485661809259,0.05619398554280636,0.05411119976953778,1003980.8920330063
Kabul,182.75,1339.485595223134,0.05453062931526178,0.05250949529173625,1003980.8953646532
Kabul,183.0,1339.485530607911,0.052916507194735236,0.050955200030949166,1003980.8985976857
Kabul,183.25,1339.4854679053635,0.05135016465437917,0.049446913375687684,1003980.9017350175
Kabul,183.5,1339.4854070588992,0.04983018799407806,0.04798327402774396,1003980.90477948
Kabul,183.75,1339.4853480135373,0.04835520377161954,0.04656295945445215,1003980.9077338241
Kabul,184.0,1339.4852907159088,0.04692387880269442,0.04518468588868844,1003980.9106007203
Kabul,184.25,1339.485235114232,0.045534919553493015,0.043847207743979696,1003980.9133827593
Kabul,184.5,1339.4851811583374,0.0441870727801582,0.042549318230218534,1003980.9160824516
Kabul,184.75,1339.485128799605,0.042879123920608324,0.041289847805140084,1003980.9187022295
Kabul,185.0,1339.4850779907688,0.041609892252355694,0.04006765951167318,1003980.9212444584
Kabul,185.25,1339.4850286859116,0.04037823074462869,0.038881648835544666,1003980.9237114354
Kabul,185.5,1339.484980840465,0.039183026058371755,0.037730743705279415,1003980.9261053907
Kabul,185.75,1339.484934411186,0.038023197960517695,0.036613903928181264,1003980.9284284879
Kabul,186.0,1339.4848893561862,0.03689770005949898,0.03553012189855333,1003980.9306828227
Kabul,186.25,1339.484845634874,0.03580551836222216,0.03447842120819496,1003980.9328704264
Kabul,186.5,1339.484803207785,0.03474566701901407,0.033457852549102024,1003980.9349932736
Kabul,186.75,1339.484762036576,0.033717188211213056,0.03246749360522528,1003980.9370532825
Kabul,187.0,1339.4847220840268,0.03271915215116902,0.03150644905247036,1003980.9390523157
Kabul,187.25,1339.484683314025,0.03175065673570321,0.03057385022500185,1003980.9409921799
Kabul,187.5,1339.48464569157,0.03081082763444744,0.029668855200288398,1003980.9428746265
Kabul,187.75,1339.484609182782,0.02989881851469275,0.028790649015630713,1003980.9447013505
Kabul,188.0,1339.484573754722,0.029013806548821748,0.027938439342148652,1003980.9464740002
Kabul,188.25,1339.4845393753794,0.02815499208346965,0.027111456166206492,1003980.9481941772
Kabul,188.5,1339.4845060136704,0.027321598639524266,0.026308951789412942,1003980.9498634367
Kabul,188.75,1339.4844736394377,0.026512872871283864,0.025530200789292887,1003980.9514832877
Kabul,189.0,1339.4844422234191,0.0257280837951188,0.02477449927653149,1003980.9530551943
Kabul,189.25,1339.4844117373232,0.02496652466763758,0.02404116670351496,1003980.9545805721
Kabul,189.5,1339.4843821536733,0.024227509125493825,0.023329542147249152,1003980.9560607959
Kabul,189.75,1339.4843534457557,0.02351036983419344,0.022638983008255387,1003980.9574972022
Kabul,190.0,1339.4843255876178,0.022814458488094606,0.02196886501057048,1003980.9588910897
Kabul,190.25,1339.4842985540688,0.022139145810407775,0.021318582201746726,1003980.9602437187
Kabul,190.5,1339.4842723206687,0.021483821273557073,0.02068754668357772,1003980.9615563122
Kabul,190.75,1339.4842468637314,0.02084789319124391,0.020075188700737805,1003980.9628300552
Kabul,191.0,1339.4842221603478,0.020230789273436477,0.019480957175207828,1003980.964066094
Kabul,191.25,1339.4841981882403,0.019631953027298945,0.018904316240622873,1003980.9652655433
Kabul,191.5,1339.484174925753,0.019050843470499918,0.018344744966207777,1003980.9664294866
Kabul,191.75,1339.4841523518508,0.018486935131212415,0.01780173735677712,1003980.9675589765
Kabul,192.0,1339.4841304461188,0.0179397180481139,0.017274802352735243,1003980.9686550343
Kabul,192.25,1339.4841091887497,0.017408697411890293,0.01676346348486709,1003980.9697186511
Kabul,192.5,1339.4840885605618,0.016893394057227278,0.016267259348083974,1003980.9707507868
Kabul,192.75,1339.4840685429965,0.016393344386071124,0.015785743527537876,1003980.9717523699
Kabul,193.0,1339.4840491180028,0.01590809746044902,0.015318481799207015,1003980.9727243036
Kabul,193.25,1339.4840302680304,0.015437214884968029,0.01486505201675021,1003980.9736674658
Kabul,193.5,1339.4840119760324,0.014980270806815101,0.014425044111506871,1003980.9745827098
Kabul,193.75,1339.4839942254634,0.014536851915757073,0.013998060092497003,1003980.9754708634
Kabul,194.0,1339.4839770002711,0.014106557218225752,0.013583713828879435,1003980.9763327294
Kabul,194.25,1339.4839602849004,0.013688998136884185,0.013181631145820842,1003980.9771690866
Kabul,194.5,1339.4839440643213,0.013283799218292435,0.012791450505935912,1003980.9779806867
Kabul,194.75,1339.4839283239164,0.01289059530194928,0.012412820283267035,1003980.9787682613
Kabul,195.0,1339.4839130494697,0.01250903128293235,0.012045398534722501,1003980.9795325215
Kabul,195.25,1339.4838982271692,0.012138762111898155,0.011688853000076507,1003980.9802741585
Kabul,195.5,1339.4838838436042,0.011779452795082059,0.01134286110196915,1003980.9809938433
Kabul,195.75,1339.4838698857668,0.0114307783797983,0.011007109931943863,1003980.9816922267
Kabul,196.0,1339.4838563410292,0.011092423423555377,0.010681295739237266,1003980.9823699406
Kabul,196.25,1339.483843197206,0.010764083523297531,0.010365125403336487,1003980.9830275946
Kabul,196.5,1339.4838304424711,0.010445463266893424,0.01005831446140353,1003980.9836657806
Kabul,196.75,1339.4838180653192,0.010136275228843094,0.009760586141207556,1003980.984285074
Kabul,197.0,1339.4838060545633,0.009836239970277945,0.009471671361124874,1003980.9848860349
Kabul,197.25,1339.4837943993373,0.009545086038960753,0.009191308730138945,1003980.9854692067
Kabul,197.5,1339.4837830890942,0.009262549969285664,0.008919244547840386,1003980.9860351172
Kabul,197.75,1339.4837721136034,0.008988376184909039,0.008655232710666648,1003980.9865842783
Kabul,198.0,1339.4837614629405,0.008722316786455185,0.008399034507473101,1003980.9871171865
Kabul,198.25,1339.483751127538,0.008464132762433454,0.008150419785568496,1003980.9876343207
Kabul,198.5,1339.483741098095,0.008213591769742299,0.0079091648134886,1003980.9881361461
Kabul,198.75,1339.4837313655617,0.007970467744318458,0.007675051906076822,1003980.9886231156
Kabul,199.0,1339.4837219211397,0.007734540901136962,0.007447869424484213,1003980.9890956694
Kabul,199.25,1339.4837127562826,0.007505597734211132,0.007227411776169462,1003980.989554235
Kabul,199.5,1339.4837038626943,0.00728343101659258,0.007013479414898896,1003980.9899992277
Kabul,199.75,1339.4836952323287,0.007067839744761012,0.006805878787197403,1003980.99043105
Kabul,200.0,1339.4836868573768,0.006858628846804827,0.006604422051342963,1003980.9908500925
Kabul,200.25,1339.483678730318,0.006655610445996248,0.00640892829410795,1003980.9912567318
Kabul,200.5,1339.4836708438447,0.0064586020100954045,0.0062192217486617555,1003980.9916513332
Kabul,200.75,1339.4836631908456,0.006267425888709348,0.006035131349077593,1003980.9920342527
Kabul,201.0,1339.4836557644048,0.006081909313292055,0.005856490730332497,1003980.9924058364
Kabul,201.25,1339.4836485578014,0.005901884397144425,0.005683138228307323,1003980.9927664204
Kabul,201.5,1339.4836415645102,0.005727188135414282,0.005514916879786747,1003980.9931163313
Kabul,201.75,1339.4836347782013,0.005557662405096373,0.005351674422459266,1003980.9934558858
Kabul,202.0,1339.4836281927292,0.0053931536882791875,0.005193263028421117,1003980.9937853914
Kabul,202.25,1339.4836218021599,0.005233513748043663,0.005039539955021366,1003980.994105145
Kabul,202.5,1339.4836156007611,0.005078599393680859,0.004890367318784124,1003980.9944154334
Kabul,202.75,1339.4836095829514,0.004928271199094211,0.004745610861313159,1003980.9947165358
Kabul,203.0,1339.4836037433,0.004782393487642533,0.004605139934696687,1003980.9950087242
Kabul,203.25,1339.4835980765251,0.004640834332140021,0.004468827501507366,1003980.9952922625
Kabul,203.5,1339.483592577496,0.004503465554856252,0.004336550134802303,1003980.9955674077
Kabul,203.75,1339.4835872412314,0.004370162727516182,0.004208188018123049,1003980.9958344089
Kabul,204.0,1339.4835820629007,0.004240805171300151,0.0040836249454956,1003980.9960935079
Kabul,204.25,1339.4835770378108,0.004115275659103647,0.00396274803472504,1003980.9963449393
Kabul,204.5,1339.483572161442,0.0039934612808674805,0.00384544856065192,1003980.9965889296
Kabul,204.75,1339.4835674294231,0.0038752528424643856,0.003731621376320527,1003980.9968256971
Kabul,205.0,1339.483562837497,0.0037605439912404555,0.0036211640709316846,1003980.9970554552
Kabul,205.25,1339.4835583815193,0.0036492312157829308,0.0035139769696191617,1003980.997278411
Kabul,205.5,1339.4835540574607,0.003541213845920202,0.003409963133449669,1003980.9974947664
Kabul,205.75,1339.4835498614045,0.003436394052721811,0.0033090283594228607,1003980.997704717
Kabul,206.0,1339.4835457895488,0.0033346768484984485,0.003211081180471334,1003980.9979084532
Kabul,206.25,1339.4835418382042,0.0032359700868019553,0.0031160328654606297,1003980.9981061596
Kabul,206.5,1339.4835380037907,0.0031401843212125495,0.0030237972832102087,1003980.9982980154
Kabul,206.75,1339.4835342828453,0.00304723304854266,0.0029342911366821408,1003980.9984841938
Kabul,207.0,1339.4835306720386,0.0029570331046730462,0.0028474343441469226,1003980.9986648613
Kabul,207.25,1339.4835271681288,0.00286950350934741,0.0027631489267952057,1003980.9988401802
Kabul,207.5,1339.4835237679595,0.0027845654035192607,0.002681358948406838,1003980.9990103085
Kabul,207.75,1339.4835204684587,0.002702142049351916,0.00260199051535086,1003980.9991753998
Kabul,208.0,1339.4835172666392,0.002622158830218502,0.0025249717765855077,1003980.9993356036
Kabul,208.25,1339.4835141595988,0.002544543250701953,0.002450232923658212,1003980.999491065
Kabul,208.5,1339.4835111445207,0.0024692249365950115,0.002377706190705598,1003980.9996419252
Kabul,208.75,1339.4835082186726,0.0023961356349002294,0.0023073258544534857,1003980.9997883206
Kabul,209.0,1339.4835053794,0.0023252090370359728,0.002239028063975352,1003980.9999303843
Kabul,209.25,1339.4835026241453,0.002256381257445377,0.0021727513015615397,1003981.0000682442
Kabul,209.5,1339.483499950447,0.002189590795264431,0.0021084363458089336,1003981.0002020233
Kabul,209.75,1339.4834973559055,0.002124777717813338,0.0020460254853755253,1003981.0003318418
Kabul,210.0,1339.4834948381842,0.0020618836500728246,0.0019854625088467684,1003981.0004578165
Kabul,210.25,1339.4834923950086,0.0020008517746841394,0.0019266927047355757,1003981.0005800613
Kabul,210.5,1339.4834900241665,0.0019416268319490527,0.0018696628614823208,1003981.000698687
Kabul,210.75,1339.4834877235085,0.0018841551198298572,0.0018143212674548372,1003981.000813801
Kabul,211.0,1339.4834854909466,0.0018283844939493681,0.0017606177109484194,1003981.0009255077
Kabul,211.25,1339.4834833244563,0.0017742643675909215,0.0017085034801858215,1003981.0010339086
Kabul,211.5,1339.4834812220722,0.0017217456529889062,0.0016579313067837474,1003981.0011391018
Kabul,211.75,1339.4834791818896,0.0016707807648838075,0.0016088553691756577,1003981.0012411828
Kabul,212.0,1339.483477202088,0.0016213242254673275,0.001561231875135601,1003981.0013402427
Kabul,212.25,1339.4834752808963,0.0015733317971379501,0.0015150182266775345,1003981.00143637
Kabul,212.5,1339.4834734165886,0.0015267603651597217,0.0014701729070632124,1003981.001529651
Kabul,212.75,1339.4834716074843,0.001481567937662251,0.0014266554808021854,1003981.00162017
Kabul,213.0,1339.483469851947,0.001437713645640709,0.0013844265936518029,1003981.0017080087
Kabul,213.25,1339.4834681483856,0.0013951577429558288,0.0013434479726172103,1003981.0017932467
Kabul,213.5,1339.483466495254,0.0013538616063339059,0.001303682425951351,1003981.0018759615
Kabul,213.75,1339.4834648910514,0.0013137877353667986,0.001265093843154966,1003981.0019562282
Kabul,214.0,1339.4834633343212,0.0012748997525119268,0.0012276471949765927,1003981.0020341196
Kabul,214.25,1339.48346182365,0.00123716235107487,0.0011913084833230956,1003981.0021097063
Kabul,214.5,1339.4834603576683,0.0012005413192927386,0.0011560447644500915,1003981.002183057
Kabul,214.75,1339.4834589350708,0.0011650040483625328,0.001121824638161088,1003981.0022542371
Kabul,215.0,1339.4834575545876,0.0011305188131564652,0.0010886175551824214,1003981.0023233099
Kabul,215.25,1339.4834562149802,0.0010970546813083583,0.0010563937296192488,1003981.0023903374
Kabul,215.5,1339.4834549150423,0.0010645815132136443,0.0010251241389555492,1003981.0024553802
Kabul,215.75,1339.4834536535989,0.0010330699620293654,0.0009947805240541215,1003981.0025184967
Kabul,216.0,1339.4834524295072,0.001002491473674173,0.0009653353891565865,1003981.0025797444
Kabul,216.25,1339.4834512416558,0.0009728182868283281,0.0009367620018833856,1003981.0026391789
Kabul,216.5,1339.483450088965,0.000944023432933702,0.0009090343932337814,1003981.0026968541
Kabul,216.75,1339.483448970387,0.0009160807361937755,0.0008821273575858572,1003981.0027528224
Kabul,217.0,1339.4834478849057,0.0008889648135736387,0.0008560164526965178,1003981.0028071346
Kabul,217.25,1339.4834468315328,0.0008626509783950535,0.0008306779068696067,1003981.0028598404
Kabul,217.5,1339.4834458093198,0.0008371155333223689,0.0008060889010824903,1003981.0029109871
Kabul,217.75,1339.4834448173597,0.0008123358193412766,0.0007822276161497359,1003981.0029606201
Kabul,218.0,1339.4834438547673,0.0007882897320959005,0.0007590727669865956,1003981.0030087836
Kabul,218.25,1339.48344292068,0.0007649557138814672,0.0007366035948984563,1003981.0030555208
Kabul,218.5,1339.4834420142565,0.0007423127536443069,0.0007147998675808394,1003981.003100874
Kabul,218.75,1339.4834411346776,0.0007203403869818525,0.0006936418791194013,1003981.0031448839
Kabul,219.0,1339.483440281146,0.0006990186961426399,0.0006731104499899332,1003981.0031875905
Kabul,219.25,1339.4834394528864,0.0006783283100263083,0.0006531869270583611,1003981.0032290327
Kabul,219.5,1339.4834386491448,0.0006582504041835998,0.0006338531835807455,1003981.0032692482
Kabul,219.75,1339.48343786919,0.0006387667008163593,0.0006150916192032821,1003981.0033082734
Kabul,220.0,1339.483437112312,0.0006198594687775352,0.0005968851599623012,1003981.0033461439
Kabul,220.25,1339.483436377822,0.0006015115024257877,0.0005792172379225966,1003981.0033828942
Kabul,220.5,1339.4834356650513,0.0005837060934601219,0.0005620717640558376,1003981.0034185579
Kabul,220.75,1339.4834349733676,0.0005664274544214562,0.000545433536045672,1003981.0034531665
Kabul,221.0,1339.4834343021578,0.000549660260620187,0.0005292877971932531,1003981.0034867506
Kabul,221.25,1339.4834336508227,0.0005333895542790393,0.0005136201441129062,1003981.0035193403
Kabul,221.5,1339.4834330187787,0.0005176007445330664,0.0004984165267321287,1003981.0035509648
Kabul,221.75,1339.4834324054561,0.0005022796074296496,0.0004836632482915905,1003981.0035816525
Kabul,222.0,1339.4834318103003,0.0004874122859284987,0.0004693469653451331,1003981.0036114312
Kabul,222.25,1339.4834312327712,0.00047298528990165177,0.00045545468775977035,1003981.0036403281
Kabul,222.5,1339.4834306723435,0.00045898549613347515,0.0004419737787156883,1003981.0036683691
Kabul,222.75,1339.4834301285066,0.00044540014832066346,0.00042889195470624503,1003981.0036955802
Kabul,223.0,1339.4834296007643,0.0004322168570722397,0.00041619728553797075,1003981.0037219858
Kabul,223.25,1339.4834290886358,0.0004194235999095549,0.0004038781943305678,1003981.0037476104
Kabul,223.5,1339.483428591654,0.0004070087209267533,0.00039192345718995947,1003981.003772477
Kabul,223.75,1339.4834281093642,0.0003949608537263232,0.00038032212900007976,1003981.0037966084
Kabul,224.0,1339.4834276413362,0.00038326925752695293,0.00036906386707330317,1003981.0038200264
Kabul,224.25,1339.483427187158,0.0003719236299801408,0.00035813875090486247,1003981.0038427513
Kabul,224.5,1339.4834267464262,0.00036091390745473243,0.0003475370898595759,1003981.0038648034
Kabul,224.75,1339.4834263187477,0.0003502302650369209,0.0003372494231718473,1003981.0038862024
Kabul,225.0,1339.483425903739,0.0003398631165302466,0.00032726651994566594,1003981.0039069675
Kabul,225.25,1339.4834255010257,0.00032980311445559706,0.00031757937915460676,1003981.0039271173
Kabul,225.5,1339.4834251102432,0.0003200411500512073,0.0003081792296418302,1003981.0039466702
Kabul,225.75,1339.4834247310362,0.0003105683532726599,0.0002990575301200821,1003981.0039656439
Kabul,226.0,1339.4834243630596,0.0003013760927928842,0.00029020596917169405,1003981.0039840557
Kabul,226.25,1339.4834240059772,0.00029245597600215746,0.00028161646524858314,1003981.0040019224
Kabul,226.5,1339.4834236594625,0.000283799849008104,0.00027328116667225185,1003981.0040192603
Kabul,226.75,1339.4834233231988,0.0002753997966356953,0.00026519245163378845,1003981.0040360853
Kabul,227.0,1339.4834229968787,0.0002672481424272507,0.0002573429281938665,1003981.0040524128
Kabul,227.25,1339.4834226802034,0.0002593374132995062,0.0002497254002497404,1003981.0040682578
Kabul,227.5,1339.4834223728865,0.0002516604645228183,0.00024233298788220808,1003981.0040836345
Kabul,227.75,1339.4834220746588,0.0002442105776002997,0.0002351592216070515,1003981.0040985564
Kabul,228.0,1339.4834217852585,0.00023698119388263056,0.00022819778586307204,1003981.0041130366
Kabul,228.25,1339.4834215044284,0.00022996590447772465,0.00022144250929574091,1003981.004127088
Kabul,228.5,1339.4834212319183,0.00022315845025072965,0.00021488736475719925,1003981.004140723
Kabul,228.75,1339.4834209674834,0.000216552721824027,0.00020852646930625808,1003981.0041539541
Kabul,229.0,1339.4834207108854,0.00021014275957723194,0.00020235408420839825,1003981.0041667931
Kabul,229.25,1339.4834204618915,0.00020392275364719358,0.00019636461493577058,1003981.0041792515
Kabul,229.5,1339.483420220275,0.00019788704392799476,0.0001905526111671957,1003981.0041913409
Kabul,229.75,1339.4834199858158,0.0001920301200709522,0.00018491276678816423,1003981.004203072
Kabul,230.0,1339.4834197582989,0.00018634662148461642,0.00017943991989083661,1003981.004214456
Kabul,230.25,1339.4834195375158,0.0001808313373347716,0.0001741290527740432,1003981.0042255028
Kabul,230.5,1339.483419323264,0.000175479206544436,0.0001689752919432842,1003981.0042362231
Kabul,230.75,1339.4834191153466,0.00017028531779386143,0.00016397390811072972,1003981.0042466262
Kabul,231.0,1339.4834189135734,0.00016524490591987893,0.00015912031272801778,1003981.0042567219
Kabul,231.25,1339.483418717758,0.00016035333143416097,0.00015441003826361746,1003981.0042665197
Kabul,231.5,1339.4834185277289,0.0001556063018447343,0.00014983895132135983,1003981.0042760278
Kabul,231.75,1339.4834183433209,0.00015099968466845731,0.0001454030725833889,1003981.0042852547
Kabul,232.0,1339.4834181643716,0.00014652943739661825,0.0001410985093714899,1003981.0042942085
Kabul,232.25,1339.4834179907234,0.0001421916074949351,0.00013692145564708915,1003981.004302897
Kabul,232.5,1339.4834178222213,0.00013798233240355562,0.0001328681920112542,1003981.004311328
Kabul,232.75,1339.4834176587144,0.00013389783953705742,0.0001289350857046937,1003981.0043195091
Kabul,233.0,1339.4834175000553,0.00012993444628444788,0.0001251185906077576,1003981.0043274477
Kabul,233.25,1339.4834173461002,0.00012608856000916415,0.0001214152472404369,1003981.0043351508
Kabul,233.5,1339.4834171967086,0.00012235667804907327,0.00011782168276236387,1003981.0043426257
Kabul,233.75,1339.4834170517443,0.00011873538771647196,0.00011433461097281185,1003981.004349879
Kabul,234.0,1339.483416911074,0.00011522136629808679,0.0001109508323106954,1003981.0043569175
Kabul,234.25,1339.4834167745685,0.00011181138105507411,0.00010766723385457027,1003981.0043637475
Kabul,234.5,1339.4834166421017,0.00010850228922302008,0.00010448078932263337,1003981.0043703757
Kabul,234.75,1339.4834165135517,0.00010529103801194069,0.00010138855907272274,1003981.0043768076
Kabul,235.0,1339.4834163887997,0.00010217466460628163,9.838769010231768e-05,1003981.0043830497
Kabul,235.25,1339.4834162677305,9.915029002523199e-05,9.547541013641015e-05,1003981.0043891073
Kabul,235.5,1339.4834161502329,9.621513667345111e-05,9.264904452771829e-05,1003981.0043949864
Kabul,235.75,1339.4834160362054,9.336666698960149e-05,8.99061497664079e-05,1003981.0044006917
Kabul,236.0,1339.4834159255495,9.060242339163837e-05,8.724435935760919e-05,1003981.0044062284
Kabul,236.25,1339.483415818169,8.791999959988625e-05,8.466135620736438e-05,1003981.0044116012
Kabul,236.5,1339.4834157139696,8.531704063703891e-05,8.215487262262771e-05,1003981.0044168149
Kabul,236.75,1339.483415612859,8.27912428281595e-05,7.972269031126538e-05,1003981.004421874
Kabul,237.0,1339.4834155147473,8.034035380068042e-05,7.73626403820556e-05,1003981.0044267831
Kabul,237.25,1339.483415419546,7.796217248440338e-05,7.507260334468861e-05,1003981.0044315464
Kabul,237.5,1339.483415327169,7.565454911149941e-05,7.285050910976661e-05,1003981.0044361686
Kabul,237.75,1339.4834152375329,7.341538521650881e-05,7.069433698880383e-05,1003981.0044406535
Kabul,238.0,1339.4834151505552,7.12426336363412e-05,6.860211569422645e-05,1003981.0044450054
Kabul,238.25,1339.483415066156,6.913429851027549e-05,6.657192333937268e-05,1003981.0044492284
Kabul,238.5,1339.483414984258,6.708843527995992e-05,6.460188743849274e-05,1003981.0044533262
Kabul,238.75,1339.4834149047847,6.510315068941199e-05,6.269018490674883e-05,1003981.0044573026
Kabul,239.0,1339.4834148276627,6.317660278501853e-05,6.083504206021516e-05,1003981.0044611614
Kabul,239.25,1339.4834147528204,6.130700091553566e-05,5.903473461587791e-05,1003981.0044649063
Kabul,239.5,1339.4834146801882,5.949260573208883e-05,5.728758769163531e-05,1003981.0044685404
Kabul,239.75,1339.4834146096982,5.7731729188172734e-05,5.559197580629752e-05,1003981.0044720673
Kabul,240.0,1339.483414541285,5.6022727354276276e-05,5.394631596052194e-05,1003981.0044754904
Kabul,240.25,1339.4834144748884,5.4364101508564056e-05,5.234916498069679e-05,1003981.0044788127
Kabul,240.5,1339.483414410452,5.2754447390144066e-05,5.079917065308315e-05,1003981.0044820367
Kabul,240.75,1339.483414347921,5.1192388191402594e-05,4.929500719969947e-05,1003981.0044851655
Kabul,241.0,1339.4834142872412,4.967657451757124e-05,4.783537523938721e-05,1003981.0044882016
Kabul,241.25,1339.4834142283598,4.820568438672691e-05,4.641900178781083e-05,1003981.0044911477
Kabul,241.5,1339.483414171225,4.6778423229791835e-05,4.5044640257457814e-05,1003981.0044940065
Kabul,241.75,1339.4834141157858,4.539352389053354e-05,4.3711070457638634e-05,1003981.0044967805
Kabul,242.0,1339.483414061993,4.404974662556489e-05,4.2417098594486786e-05,1003981.004499472
Kabul,242.25,1339.4834140097976,4.2745879104344053e-05,4.116155727095877e-05,1003981.0045020835
Kabul,242.5,1339.4834139591526,4.1480736409174514e-05,3.994330548683408e-05,1003981.0045046175
Kabul,242.75,1339.4834139100112,4.0253161035205064e-05,3.876122863871525e-05,1003981.0045070763
Kabul,243.0,1339.4834138623287,3.906202289042981e-05,3.761423852002778e-05,1003981.0045094622
Kabul,243.25,1339.4834138160606,3.7906219295688175e-05,3.650127332102022e-05,1003981.0045117772
Kabul,243.5,1339.483413771164,3.67846749846649e-05,3.5421297628764094e-05,1003981.0045140237
Kabul,243.75,1339.4834137275966,3.569634210389004e-05,3.437330242715396e-05,1003981.0045162035
Kabul,244.0,1339.483413685318,3.464020021273896e-05,3.335630509690736e-05,1003981.0045183189
Kabul,244.25,1339.4834136442885,3.361525628343233e-05,3.236934941556487e-05,1003981.0045203719
Kabul,244.5,1339.483413604469,3.262054470103617e-05,3.141150555749005e-05,1003981.0045223642
Kabul,244.75,1339.4834135658223,3.165512726346177e-05,3.0481870093869474e-05,1003981.004524298
Kabul,245.0,1339.4834135283115,3.071809163880367e-05,2.9579564507225967e-05,1003981.0045261749
Kabul,245.25,1339.4834134919035,2.980860073770235e-05,2.8703782733853393e-05,1003981.0045279965
Kabul,245.5,1339.483413456568,2.8925901104374537e-05,2.7853799243852225e-05,1003981.0045297645
Kabul,245.75,1339.4834134222756,2.8069255629034676e-05,2.7028904247477354e-05,1003981.0045314804
Kabul,246.0,1339.4834133889972,2.7237940673837486e-05,2.6228400927603613e-05,1003981.0045331455
Kabul,246.25,1339.4834133567042,2.6431246072877967e-05,2.545160543972576e-05,1003981.0045347612
Kabul,246.5,1339.483413325369,2.5648475132191396e-05,2.4697846911958475e-05,1003981.0045363291
Kabul,246.75,1339.483413294964,2.488894462975332e-05,2.3966467445036387e-05,1003981.0045378504
Kabul,247.0,1339.4834132654628,2.4151984815479586e-05,2.3256822112314042e-05,1003981.0045393265
Kabul,247.25,1339.4834132368387,2.343693941122629e-05,2.2568278959765916e-05,1003981.0045407587
Kabul,247.5,1339.4834132090662,2.274316561078982e-05,2.190021900598642e-05,1003981.0045421483
Kabul,247.75,1339.4834131821199,2.2070034079906842e-05,2.1252036242189885e-05,1003981.0045434966
Kabul,248.0,1339.4834131559753,2.14169289562543e-05,2.062313763221059e-05,1003981.0045448047
Kabul,248.25,1339.4834131306084,2.0783247849449407e-05,2.0012943112502723e-05,1003981.004546074
Kabul,248.5,1339.4834131059954,2.0168401841049663e-05,1.9420885592140423e-05,1003981.0045473055
Kabul,248.75,1339.4834130821134,1.9571815484552843e-05,1.8846410952817744e-05,1003981.0045485004
Kabul,249.0,1339.4834130589397,1.8992926805397e-05,1.8288978048848668e-05,1003981.0045496599
Kabul,249.25,1339.4834130364527,1.8431187300960447e-05,1.7748058707167125e-05,1003981.0045507851
Kabul,249.5,1339.4834130146307,1.7886061940561815e-05,1.7223137727326964e-05,1003981.0045518769
Kabul,249.75,1339.483412993453,1.7357029165459968e-05,1.671371288150196e-05,1003981.0045529365
Kabul,250.0,1339.483412972899,1.6843580888854075e-05,1.6219294914485812e-05,1003981.0045539651
Kabul,250.25,1339.4834129529493,1.6345222495883575e-05,1.5739407543692173e-05,1003981.0045549632
Kabul,250.5,1339.483412933584,1.586147283460951e-05,1.52735874504702e-05,1003981.0045559321
Kabul,250.75,1339.4834129147857,1.5391876593759754e-05,1.4821396199082271e-05,1003981.0045568728
Kabul,251.0,1339.4834128965383,1.4936046273760893e-05,1.4382460652134204e-05,1003981.0045577857
Kabul,251.25,1339.4834128788273,1.4493616161198142e-05,1.3956428650915359e-05,1003981.004558672
Kabul,251.5,1339.4834128616383,1.4064226448367757e-05,1.3542953723538466e-05,1003981.0045595319
Kabul,251.75,1339.4834128449572,1.3647523233277028e-05,1.314169508493961e-05,1003981.0045603666
Kabul,252.0,1339.48341282877,1.3243158519644283e-05,1.2752317636878237e-05,1003981.0045611765
Kabul,252.25,1339.483412813063,1.285079021689888e-05,1.237449196793716e-05,1003981.0045619624
Kabul,252.5,1339.483412797823,1.2470082140181215e-05,1.200789435352255e-05,1003981.004562725
Kabul,252.75,1339.4834127830363,1.2100704010342721e-05,1.1652206755863943e-05,1003981.0045634649
Kabul,253.0,1339.4834127686902,1.174233145394586e-05,1.1307116824014232e-05,1003981.0045641826
Kabul,253.25,1339.483412754772,1.1394646003264133e-05,1.0972317893849674e-05,1003981.0045648791
Kabul,253.5,1339.483412741269,1.1057335096282078e-05,1.0647508988069889e-05,1003981.0045655547
Kabul,253.75,1339.483412728169,1.0730092076695265e-05,1.0332394816197858e-05,1003981.0045662101
Kabul,254.0,1339.4834127154602,1.0412616193910295e-05,1.002668577457992e-05,1003981.0045668461
Kabul,254.25,1339.4834127031304,1.0104612603044813e-05,9.730097946385782e-06,1003981.004567463
Kabul,254.5,1339.4834126911683,9.805792364927494e-06,9.442353101608508e-06,1003981.0045680614
Kabul,254.75,1339.4834126795624,9.515872446098048e-06,9.163178697064524e-06,1003981.0045686421
Kabul,255.0,1339.483412668302,9.23457571880722e-06,8.892307876393622e-06,1003981.0045692056
Kabul,255.25,1339.4834126573755,8.961630961016793e-06,8.629479470058954e-06,1003981.0045697523
Kabul,255.5,1339.483412646773,8.69677285639958e-06,8.374437995347024e-06,1003981.0045702828
Kabul,255.75,1339.4834126364838,8.439741994339431e-06,8.126933656367713e-06,1003981.0045707977
Kabul,256.0,1339.4834126264977,8.19028486993123e-06,7.886722344054258e-06,1003981.0045712973
Kabul,256.25,1339.483412616805,7.948153883980907e-06,7.653565636163251e-06,1003981.0045717823
Kabul,256.5,1339.4834126073958,7.713107343005404e-06,7.4272307972746534e-06,1003981.0045722531
Kabul,256.75,1339.4834125982607,7.48490945923272e-06,7.207490778791786e-06,1003981.0045727101
Kabul,257.0,1339.4834125893908,7.263335313555535e-06,6.994128997949054e-06,1003981.004573154
Kabul,257.25,1339.483412580779,7.048204139099061e-06,6.786971387765758e-06,1003981.0045735849
Kabul,257.5,1339.4834125724185,6.839353594318263e-06,6.585861623680298e-06,1003981.0045740032
Kabul,257.75,1339.4834125643029,6.636623300614213e-06,6.390645271323167e-06,1003981.0045744092
Kabul,258.0,1339.483412556426,6.439855056624094e-06,6.2011699928644755e-06,1003981.0045748034
Kabul,258.25,1339.4834125487816,6.248892838221197e-06,6.017285547013957e-06,1003981.0045751858
Kabul,258.5,1339.4834125413634,6.063582798514924e-06,5.8388437890209635e-06,1003981.0045755571
Kabul,258.75,1339.4834125341654,5.883773267850785e-06,5.6656986706744714e-06,1003981.0045759171
Kabul,259.0,1339.4834125271816,5.709314753810403e-06,5.497706240303073e-06,1003981.0045762666
Kabul,259.25,1339.4834125204063,5.540059941211507e-06,5.334724642774986e-06,1003981.0045766056
Kabul,259.5,1339.4834125138332,5.375863692107937e-06,5.176614119498045e-06,1003981.0045769345
Kabul,259.75,1339.4834125074572,5.216583045789644e-06,5.023237008419708e-06,1003981.0045772536
Kabul,260.0,1339.483412501272,5.0620772187826884e-06,4.874457744027052e-06,1003981.004577563
Kabul,260.25,1339.4834124952727,4.912207604849237e-06,4.7301428573467784e-06,1003981.0045778633
Kabul,260.5,1339.4834124894533,4.766837774987571e-06,4.590160975945203e-06,1003981.0045781544
Kabul,260.75,1339.4834124838087,4.62583347743208e-06,4.454382823928269e-06,1003981.0045784368
Kabul,261.0,1339.4834124783335,4.4890626376532604e-06,4.322681221941534e-06,1003981.0045787108
Kabul,261.25,1339.4834124730228,4.356395358357723e-06,4.194931087170183e-06,1003981.0045789764
Kabul,261.5,1339.4834124678712,4.227703919488184e-06,4.071009433339017e-06,1003981.0045792343
Kabul,261.75,1339.4834124628735,4.102862778223472e-06,3.950795370712459e-06,1003981.0045794843
Kabul,262.0,1339.4834124580252,3.981748568978524e-06,3.834170106094552e-06,1003981.0045797268
Kabul,262.25,1339.4834124533213,3.8642401034043884e-06,3.7210169428289622e-06,1003981.0045799622
Kabul,262.5,1339.4834124487568,3.7502183703882207e-06,3.6112212807989744e-06,1003981.0045801906
Kabul,262.75,1339.4834124443273,3.6395665360532877e-06,3.5046706164274956e-06,1003981.0045804123
Kabul,263.0,1339.4834124400281,3.5321699437589675e-06,3.401254542677052e-06,1003981.0045806274
Kabul,263.25,1339.4834124358547,3.427916114100745e-06,3.3008647490497902e-06,1003981.0045808362
Kabul,263.5,1339.4834124318027,3.326694744910216e-06,3.20339502158748e-06,1003981.004581039
Kabul,263.75,1339.4834124278677,3.2283977112550867e-06,3.1087412428715104e-06,1003981.0045812358
Kabul,264.0,1339.4834124240456,3.1329190654391715e-06,3.0168013920228932e-06,1003981.0045814271
Kabul,264.25,1339.4834124203323,3.0401634634972793e-06,2.927483658879596e-06,1003981.0045816129
Kabul,264.5,1339.483412416726,2.9500704631777177e-06,2.8407298414049426e-06,1003981.0045817933
Kabul,264.75,1339.4834124132235,2.862578776783409e-06,2.7564809234526e-06,1003981.0045819685
Kabul,265.0,1339.483412409823,2.7776270292650946e-06,2.6746778047616795e-06,1003981.0045821387
Kabul,265.25,1339.4834124065214,2.6951544226852133e-06,2.595261940793079e-06,1003981.0045823039
Kabul,265.5,1339.4834124033166,2.6151007362179e-06,2.5181753427294817e-06,1003981.0045824642
Kabul,265.75,1339.4834124002066,2.537406326148988e-06,2.443360577475358e-06,1003981.0045826199
Kabul,266.0,1339.4834123971884,2.4620121258760067e-06,2.370760767656964e-06,1003981.0045827709
Kabul,266.25,1339.48341239426,2.3888596459081834e-06,2.300319591622341e-06,1003981.0045829174
Kabul,266.5,1339.483412391419,2.3178909738664428e-06,2.231981283441318e-06,1003981.0045830596
Kabul,266.75,1339.4834123886633,2.2490487744834065e-06,2.165690632905508e-06,1003981.0045831974
Kabul,267.0,1339.4834123859903,2.182276289603393e-06,2.1013929855283124e-06,1003981.0045833312
Kabul,267.25,1339.4834123833978,2.1175173381824188e-06,2.0390342425449173e-06,1003981.0045834609
Kabul,267.5,1339.483412380884,2.054716316288197e-06,1.978560860912295e-06,1003981.0045835867
Kabul,267.75,1339.483412378446,1.993818197100138e-06,1.9199198533092042e-06,1003981.0045837086
Kabul,268.0,1339.4834123760822,1.934768530909349e-06,1.8630587881361894e-06,1003981.0045838269
Kabul,268.25,1339.4834123737903,1.8775134451186365e-06,1.8079257895155815e-06,1003981.0045839417
Kabul,268.5,1339.483412371568,1.821999644242501e-06,1.754469537291497e-06,1003981.0045840528
Kabul,268.75,1339.4834123694134,1.7681744099071425e-06,1.7026392670298397e-06,1003981.0045841606
Kabul,269.0,1339.483412367324,1.7159856008504577e-06,1.6523847700182979e-06,1003981.0045842652
Kabul,269.25,1339.4834123652984,1.6653816529220406e-06,1.6036563932663469e-06,1003981.0045843665
Kabul,269.5,1339.483412363334,1.6163115790831815e-06,1.5564050395052475e-06,1003981.0045844648
Kabul,269.75,1339.4834123614291,1.5687249694068697e-06,1.5105821671880477e-06,1003981.00458456
Kabul,270.0,1339.4834123595815,1.5225719910777896e-06,1.466139790489581e-06,1003981.0045846525
Kabul,270.25,1339.4834123577893,1.4778033883923237e-06,1.4230304793064657e-06,1003981.0045847422
Kabul,270.5,1339.4834123560506,1.434370482758553e-06,1.3812073592571083e-06,1003981.0045848292
Kabul,270.75,1339.4834123543635,1.3922251726962537e-06,1.3406241116817004e-06,1003981.0045849136
Kabul,271.0,1339.4834123527262,1.3513199338369006e-06,1.3012349736422202e-06,1003981.0045849956
Kabul,271.25,1339.4834123511364,1.3116078189236651e-06,1.2629947379224308e-06,1003981.0045850751
Kabul,271.5,1339.4834123495925,1.2730424578114164e-06,1.225858753027882e-06,1003981.0045851524
Kabul,271.75,1339.4834123480928,1.2355780574667188e-06,1.18978292318591e-06,1003981.0045852273
Kabul,272.0,1339.4834123466353,1.1991694019678374e-06,1.154723708345638e-06,1003981.0045853003
Kabul,272.25,1339.4834123452183,1.1637718525047314e-06,1.1206381241779732e-06,1003981.0045853712
Kabul,272.5,1339.48341234384,1.129342658223016e-06,1.0874850043347836e-06,1003981.0045854402
Kabul,272.75,1339.4834123424998,1.095866372684328e-06,1.0552494748802116e-06,1003981.0045855072
Kabul,273.0,1339.4834123411974,1.0633296365166282e-06,1.0239186715903332e-06,1003981.0045855723
Kabul,273.25,1339.4834123399319,1.031713732165676e-06,9.934745706533163e-07,1003981.0045856356
Kabul,273.5,1339.4834123387022,1.0009999721079829e-06,9.638991771750297e-07,1003981.0045856972
Kabul,273.75,1339.483412337508,9.711696988508134e-07,9.351745251790443e-07,1003981.0045857569
Kabul,274.0,1339.4834123363487,9.422042849321846e-07,9.072826776066329e-07,1003981.0045858149
Kabul,274.25,1339.483412335223,9.140851329208666e-07,8.802057263167692e-07,1003981.0045858712
Kabul,274.5,1339.4834123341304,8.867936754163819e-07,8.539257920861292e-07,1003981.004585926
Kabul,274.75,1339.4834123330704,8.603113750490058e-07,8.284250246090902e-07,1003981.0045859789
Kabul,275.0,1339.483412332042,8.346197244797666e-07,8.036856024977313e-07,1003981.0045860304
Kabul,275.25,1339.4834123310443,8.097002464004448e-07,7.796897332818331e-07,1003981.0045860803
Kabul,275.5,1339.483412330077,7.855344935335741e-07,7.564196534088777e-07,1003981.0045861288
Kabul,275.75,1339.483412329139,7.621040486324405e-07,7.338576282440493e-07,1003981.0045861757
Kabul,276.0,1339.4834123282299,7.393905244810832e-07,7.119859520702333e-07,1003981.0045862212
Kabul,276.25,1339.4834123273486,7.173755638942934e-07,6.907869480880168e-07,1003981.0045862653
Kabul,276.5,1339.4834123264943,6.960408397176161e-07,6.702429684156886e-07,1003981.004586308
Kabul,276.75,1339.483412325667,6.753680548273476e-07,6.503363940892394e-07,1003981.0045863494
Kabul,277.0,1339.4834123248652,6.553389421305383e-07,6.310496350623611e-07,1003981.0045863895
Kabul,277.25,1339.4834123240882,6.359352645649904e-07,6.123651302064472e-07,1003981.0045864284
Kabul,277.5,1339.4834123233359,6.171388150992592e-07,5.942653473105936e-07,1003981.004586466
Kabul,277.75,1339.4834123226071,5.989314167326526e-07,5.767327830815967e-07,1003981.0045865024
Kabul,278.0,1339.483412321901,5.812949224952313e-07,5.597499631439554e-07,1003981.0045865378
Kabul,278.25,1339.4834123212172,5.642112154478084e-07,5.432994420398699e-07,1003981.0045865721
Kabul,278.5,1339.4834123205546,5.476622086819504e-07,5.27363803229242e-07,1003981.0045866052
Kabul,278.75,1339.4834123199128,5.316298453199758e-07,5.119256590896752e-07,1003981.0045866373
Kabul,279.0,1339.4834123192911,5.160960985149565e-07,4.969676509164749e-07,1003981.0045866685
Kabul,279.25,1339.4834123186884,5.01042971450716e-07,4.824724489226475e-07,1003981.0045866986
Kabul,279.5,1339.4834123181045,4.864524973418318e-07,4.684227522389015e-07,1003981.0045867278
Kabul,279.75,1339.483412317538,4.723067394336332e-07,4.548012889136473e-07,1003981.0045867561
Kabul,280.0,1339.483412316989,4.5858779100220315e-07,4.4159081591299624e-07,1003981.0045867836
Kabul,280.25,1339.483412316456,4.452777753543761e-07,4.2877411912076155e-07,1003981.0045868102
Kabul,280.5,1339.483412315939,4.3235884582774027e-07,4.1633401333845845e-07,1003981.0045868361
Kabul,280.75,1339.4834123154367,4.1981318579063576e-07,4.042533422853034e-07,1003981.0045868612
Kabul,281.0,1339.4834123149487,4.0762300864215616e-07,3.9251497859821444e-07,1003981.0045868857
Kabul,281.25,1339.4834123144742,3.957705578121476e-07,3.8110182383181154e-07,1003981.0045869094
Kabul,281.5,1339.4834123140126,3.842381067612082e-07,3.6999680845841626e-07,1003981.0045869325
Kabul,281.75,1339.4834123135631,3.730079589806895e-07,3.5918289186805183e-07,1003981.0045869551
Kabul,282.0,1339.483412313125,3.6206244799269597e-07,3.4864306236844257e-07,1003981.004586977
Kabul,282.25,1339.4834123126975,3.513839373500838e-07,3.38360337185015e-07,1003981.0045869984
Kabul,282.5,1339.4834123122803,3.4096778532301165e-07,3.2833024662773614e-07,1003981.0045870192
Kabul,282.75,1339.4834123118744,3.3082419721779724e-07,3.1856261775612676e-07,1003981.0045870396
Kabul,283.0,1339.483412311479,3.209499167500057e-07,3.090543149758004e-07,1003981.0045870593
Kabul,283.25,1339.4834123110943,3.113414533602999e-07,2.998019771005714e-07,1003981.0045870786
Kabul,283.5,1339.4834123107203,3.0199523716783334e-07,2.9080216656269596e-07,1003981.0045870973
Kabul,283.75,1339.4834123103565,2.929076189702504e-07,2.8205136941287266e-07,1003981.0045871155
Kabul,284.0,1339.483412310003,2.840748702436861e-07,2.735459953202423e-07,1003981.0045871332
Kabul,284.25,1339.4834123096593,2.754931831427661e-07,2.6528237757238765e-07,1003981.0045871504
Kabul,284.5,1339.4834123093258,2.6715867050060696e-07,2.572567730753339e-07,1003981.0045871671
Kabul,284.75,1339.4834123090018,2.590673658288158e-07,2.494653623535483e-07,1003981.0045871832
Kabul,285.0,1339.4834123086875,2.512152233174905e-07,2.419042495499404e-07,1003981.004587199
Kabul,285.25,1339.4834123083826,2.435981178352196e-07,2.345694624258618e-07,1003981.0045872142
Kabul,285.5,1339.4834123080868,2.3621184492908255e-07,2.2745695236110643e-07,1003981.004587229
Kabul,285.75,1339.4834123078003,2.290521208246493e-07,2.205625943539103e-07,1003981.0045872434
Kabul,286.0,1339.4834123075225,2.221145824259807e-07,2.1388218702095168e-07,1003981.0045872573
Kabul,286.25,1339.4834123072535,2.1539478731562814e-07,2.0741145259735096e-07,1003981.0045872708
Kabul,286.5,1339.4834123069932,2.0888821375463384e-07,2.0114603693667078e-07,1003981.0045872838
Kabul,286.75,1339.483412306741,2.0259026068253074e-07,1.95081509510916e-07,1003981.0045872964
Kabul,287.0,1339.483412306497,1.9649624771734247e-07,1.8921336341053356e-07,1003981.0045873086
Kabul,287.25,1339.483412306261,1.9060141515558338e-07,1.8353701534441277e-07,1003981.0045873204
Kabul,287.5,1339.483412306033,1.8490092397225846e-07,1.7804780563988486e-07,1003981.0045873318
Kabul,287.75,1339.4834123058122,1.7938985582086368e-07,1.7274099824272348e-07,1003981.0045873428
Kabul,288.0,1339.483412305599,1.7406321303338537e-07,1.6761178071714447e-07,1003981.0045873536
Kabul,288.25,1339.483412305393,1.6891591862030083e-07,1.6265526424580565e-07,1003981.0045873638
Kabul,288.5,1339.483412305194,1.6394281627057797e-07,1.5786648362980727e-07,1003981.0045873738
Kabul,288.75,1339.4834123050016,1.591386703516755e-07,1.5324039728869162e-07,1003981.0045873834
Kabul,289.0,1339.4834123048158,1.5449816590954276e-07,1.4877188726044317e-07,1003981.0045873927
Kabul,289.25,1339.4834123046364,1.5001590866861983e-07,1.4445575920148876e-07,1003981.0045874016
Kabul,289.5,1339.483412304463,1.4568642503183756e-07,1.4028674238669734e-07,1003981.0045874104
Kabul,289.75,1339.4834123042956,1.4150416208061755e-07,1.3625948970937975e-07,1003981.0045874187
Kabul,290.0,1339.483412304134,1.3746348757487198e-07,1.3236857768128952e-07,1003981.0045874268
Kabul,290.25,1339.4834123039775,1.3355868995300367e-07,1.2860850643262204e-07,1003981.0045874347
Kabul,290.5,1339.4834123038265,1.297839783319066e-07,1.24973699712015e-07,1003981.0045874423
Kabul,290.75,1339.4834123036803,1.2613348250696495e-07,1.2145850488654826e-07,1003981.0045874495
Kabul,291.0,1339.483412303539,1.2260125295205396e-07,1.180571929417439e-07,1003981.0045874566
Kabul,291.25,1339.483412303402,1.191812608195394e-07,1.1476395848156601e-07,1003981.0045874635
Kabul,291.5,1339.4834123032695,1.1586739794027783e-07,1.1157291972842122e-07,1003981.0045874701
Kabul,291.75,1339.4834123031408,1.1265347682361662e-07,1.0847811852315802e-07,1003981.0045874765
Kabul,292.0,1339.4834123030157,1.0953323065739372e-07,1.054735203250672e-07,1003981.0045874828
Kabul,292.25,1339.4834123028943,1.0650031330793775e-07,1.0255301421188191e-07,1003981.0045874888
Kabul,292.5,1339.4834123027763,1.0354829932006831e-07,9.971041287977715e-08,1003981.0045874948
Kabul,292.75,1339.483412302661,1.0067068391709539e-07,9.693945264337054e-08,1003981.0045875005
Kabul,293.0,1339.4834123025485,9.786088300081996e-08,9.423379343572149e-08,1003981.0045875062
Kabul,293.25,1339.4834123024384,9.511223315153367e-08,9.158701880833177e-08,1003981.0045875116
Kabul,293.5,1339.4834123023306,9.24179916280186e-08,8.899263593114531e-08,1003981.004587517
Kabul,293.75,1339.4834123022247,8.977133636754794e-08,8.64440755925484e-08,1003981.0045875224
Kabul,294.0,1339.4834123021203,8.716536598588539e-08,8.393469219936907e-08,1003981.0045875276
Kabul,294.25,1339.4834123020175,8.459446147566485e-08,8.145907500563257e-08,1003981.0045875327
Kabul,294.5,1339.4834123019166,8.207234631400358e-08,7.903043884516729e-08,1003981.0045875378
Kabul,294.75,1339.4834123018177,7.9604780154502e-08,7.66543298973046e-08,1003981.0045875427
Kabul,295.0,1339.483412301721,7.719215799237853e-08,7.433112851725827e-08,1003981.0045875476
Kabul,295.25,1339.4834123016267,7.483481756460484e-08,7.206115992419997e-08,1003981.0045875523
Kabul,295.5,1339.4834123015346,7.25330393499058e-08,6.984469420125924e-08,1003981.0045875569
Kabul,295.75,1339.4834123014448,7.028704656875955e-08,6.768194629552348e-08,1003981.0045875614
Kabul,296.0,1339.483412301357,6.80970051833974e-08,6.557307601803795e-08,1003981.0045875658
Kabul,296.25,1339.4834123012715,6.59630238978039e-08,6.351818804380578e-08,1003981.0045875701
Kabul,296.5,1339.4834123011885,6.388515415771684e-08,6.151733191178796e-08,1003981.0045875743
Kabul,296.75,1339.4834123011076,6.186339015062725e-08,5.957050202490334e-08,1003981.0045875782
Kabul,297.0,1339.483412301029,5.989766880577933e-08,5.767763765002866e-08,1003981.0045875822
Kabul,297.25,1339.4834123009523,5.7987869794170565e-08,5.583862291799849e-08,1003981.004587586
Kabul,297.5,1339.4834123008782,5.6133815528551605e-08,5.4053286823605306e-08,1003981.0045875898
Kabul,297.75,1339.483412300806,5.433527116342638e-08,5.232140322559942e-08,1003981.0045875934
Kabul,298.0,1339.4834123007363,5.2591944595052015e-08,5.064269084668902e-08,1003981.0045875969
Kabul,298.25,1339.4834123006688,5.0903486461438845e-08,4.901681327354015e-08,1003981.0045876002
Kabul,298.5,1339.4834123006033,4.926949014235048e-08,4.744337895677674e-08,1003981.0045876035
Kabul,298.75,1339.48341230054,4.768949175930371e-08,4.5921941210980565e-08,1003981.0045876066
Kabul,299.0,1339.4834123004791,4.616297017556857e-08,4.445199821469126e-08,1003981.0045876098
Kabul,299.25,1339.48341230042,4.46893469961683e-08,4.303299301040635e-08,1003981.0045876127
Kabul,299.5,1339.4834123003632,4.326798656787939e-08,4.166431350458121e-08,1003981.0045876155
Kabul,299.75,1339.4834123003084,4.189819597923155e-08,4.034529246762911e-08,1003981.0045876183
Kabul,300.0,1339.4834123002554,4.057922506050769e-08,3.907520753392112e-08,1003981.004587621
Kabul,300.25,1339.4834123002047,3.931026638374398e-08,3.7853281201786226e-08,1003981.0045876234
Kabul,300.5,1339.4834123001558,3.8090455262729776e-08,3.667868083351128e-08,1003981.0045876259
Kabul,300.75,1339.483412300109,3.69188697530077e-08,3.555051865534097e-08,1003981.0045876283
Kabul,301.0,1339.483412300064,3.5794530651873565e-08,3.446785175747789e-08,1003981.0045876305
Kabul,301.25,1339.4834123000207,3.4716401498376435e-08,3.342968209408247e-08,1003981.0045876326
Kabul,301.5,1339.4834122999794,3.368338857331858e-08,3.2434956483273e-08,1003981.0045876347
Kabul,301.75,1339.4834122999398,3.269434089925549e-08,3.1482566607125654e-08,1003981.0045876367
Kabul,302.0,1339.483412299902,3.174805024049591e-08,3.057134901167446e-08,1003981.0045876387
Kabul,302.25,1339.4834122998657,3.084325110310176e-08,2.9700085106911326e-08,1003981.0045876404
Kabul,302.5,1339.4834122998311,2.997862073488825e-08,2.886750116678601e-08,1003981.0045876421
Kabul,302.75,1339.4834122997981,2.9152779125423757e-08,2.8072268329206132e-08,1003981.0045876438
Kabul,303.0,1339.4834122997665,2.8364289006029893e-08,2.7313002596037215e-08,1003981.0045876454
Kabul,303.25,1339.4834122997363,2.761165584978155e-08,2.6588264833102588e-08,1003981.0045876469
Kabul,303.5,1339.4834122997077,2.689332787150677e-08,2.589656077018347e-08,1003981.0045876483
Kabul,303.75,1339.4834122996801,2.620769602778683e-08,2.523634100101899e-08,1003981.0045876497
Kabul,304.0,1339.483412299654,2.5553094016956303e-08,2.4606000983306098e-08,1003981.004587651
Kabul,304.25,1339.483412299629,2.492779827910288e-08,2.4003881038699578e-08,1003981.0045876523
Kabul,304.5,1339.483412299605,2.4330027996067612e-08,2.3428266352812147e-08,1003981.0045876534
Kabul,304.75,1339.4834122995821,2.3757945091444597e-08,2.2877386975214355e-08,1003981.0045876546
Kabul,305.0,1339.48341229956,2.320965423058133e-08,2.2349417819434616e-08,1003981.0045876557
Kabul,305.25,1339.4834122995392,2.2683202820578438e-08,2.184247866295922e-08,1003981.0045876568
Kabul,305.5,1339.4834122995187,2.217658101028976e-08,2.135463414723229e-08,1003981.0045876577
Kabul,305.75,1339.4834122994992,2.168772169032245e-08,2.0883893777655866e-08,1003981.0045876588
Kabul,306.0,1339.4834122994803,2.121450049303675e-08,2.0428211923589837e-08,1003981.0045876597
Kabul,306.25,1339.4834122994619,2.0754735792546277e-08,1.998548781835193e-08,1003981.0045876607
Kabul,306.5,1339.483412299444,2.0306188704717757e-08,1.9553565559217744e-08,1003981.0045876615
Kabul,306.75,1339.4834122994264,1.986656308717121e-08,1.9130234107420786e-08,1003981.0045876624
Kabul,307.0,1339.483412299409,1.9433505539279836e-08,1.8713227288152356e-08,1003981.0045876632
Kabul,307.25,1339.4834122993918,1.9004605402170066e-08,1.8300223790561697e-08,1003981.0045876642
Kabul,307.5,1339.4834122993748,1.8577394758721605e-08,1.7888847167755878e-08,1003981.004587665
Kabul,307.75,1339.4834122993575,1.814934843356733e-08,1.747666583679983e-08,1003981.0045876659
Kabul,308.0,1339.4834122993402,1.7717883993093323e-08,1.7061193078716315e-08,1003981.0045876667
Kabul,308.25,1339.4834122993227,1.7280361745438988e-08,1.663988703848609e-08,1003981.0045876675
Kabul,308.5,1339.483412299305,1.6834084740496826e-08,1.6210150725047602e-08,1003981.0045876685
Kabul,308.75,1339.4834122992866,1.637629876991267e-08,1.5769332011297342e-08,1003981.0045876694
Kabul,309.0,1339.4834122992677,1.5904245312528105e-08,1.53147746171776e-08,1003981.0045876704
Kabul,309.25,1339.4834122992486,1.5426639030489918e-08,1.485487020714142e-08,1003981.0045876714
Kabul,309.5,1339.4834122992295,1.4951864586248963e-08,1.4397692676876324e-08,1003981.0045876723
Kabul,309.75,1339.4834122992106,1.448059654478585e-08,1.3943891589420905e-08,1003981.0045876732
Kabul,310.0,1339.483412299192,1.4013484586726545e-08,1.3494092545767605e-08,1003981.0045876742
Kabul,310.25,1339.4834122991733,1.355115350834237e-08,1.3048897184862712e-08,1003981.0045876751
Kabul,310.5,1339.4834122991551,1.3094203221550002e-08,1.2608883183606365e-08,1003981.004587676
Kabul,310.75,1339.4834122991372,1.2643208753911466e-08,1.2174604256852551e-08,1003981.004587677
Kabul,311.0,1339.4834122991192,1.219872024863415e-08,1.1746590157409105e-08,1003981.0045876778
Kabul,311.25,1339.4834122991017,1.1761262964570789e-08,1.1325346676037706e-08,1003981.0045876787
Kabul,311.5,1339.4834122990846,1.1331337276219481e-08,1.0911355641453885e-08,1003981.0045876795
Kabul,311.75,1339.4834122990676,1.0909418673723666e-08,1.0505074920327023e-08,1003981.0045876805
Kabul,312.0,1339.4834122990512,1.0495957762872154e-08,1.0106938417280348e-08,1003981.0045876813
Kabul,312.25,1339.4834122990349,1.0091380265099097e-08,9.717356074890929e-09,1003981.0045876821
Kabul,312.5,1339.4834122990192,9.696087017484008e-09,9.336713873689697e-09,1003981.0045876828
Kabul,312.75,1339.4834122990037,9.310453972751749e-09,8.965373832161415e-09,1003981.0045876836
Kabul,313.0,1339.4834122989887,8.934832199272542e-09,8.603674006744709e-09,1003981.0045876844
Kabul,313.25,1339.483412298974,8.569547881061963e-09,8.251928491832044e-09,1003981.0045876851
Kabul,313.5,1339.4834122989598,8.214902317780937e-09,7.910427419769732e-09,1003981.0045876858
Kabul,313.75,1339.483412298946,7.871171924735751e-09,7.579436960857944e-09,1003981.0045876865
Kabul,314.0,1339.4834122989328,7.538608232878037e-09,7.259199323350686e-09,1003981.0045876872
Kabul,314.25,1339.4834122989198,7.217437888804794e-09,6.94993275345582e-09,1003981.0045876878
Kabul,314.5,1339.4834122989075,6.9078626547583645e-09,6.651831535335058e-09,1003981.0045876884
Kabul,314.75,1339.4834122988955,6.610059408626453e-09,6.365065991103953e-09,1003981.0045876891
Kabul,315.0,1339.483412298884,6.324180143942113e-09,6.089782480831906e-09,1003981.0045876895
Kabul,315.25,1339.4834122988732,6.0503519698837544e-09,5.826103402542173e-09,1003981.0045876901
Kabul,315.5,1339.4834122988627,5.788677111275143e-09,5.574127192211858e-09,1003981.0045876907
Kabul,315.75,1339.4834122988527,5.539232908585389e-09,5.3339283237719055e-09,1003981.0045876912
Kabul,316.0,1339.4834122988432,5.302071817928981e-09,5.105557309107115e-09,1003981.0045876916
Kabul,316.25,1339.4834122988343,5.0772214110657385e-09,4.88904069805613e-09,1003981.0045876921
Kabul,316.5,1339.4834122988257,4.864684375400844e-09,4.684381078411448e-09,1003981.0045876926
Kabul,316.75,1339.4834122988177,4.664438513984834e-09,4.4915570759194034e-09,1003981.0045876929
Kabul,317.0,1339.4834122988102,4.476436745513605e-09,4.310523354280191e-09,1003981.0045876933
Kabul,317.25,1339.4834122988032,4.300607104328397e-09,4.141210615147851e-09,1003981.0045876936
Kabul,317.5,1339.4834122987966,4.13685274041581e-09,3.983525598130258e-09,1003981.004587694
Kabul,317.75,1339.4834122987904,3.985051919407805e-09,3.83735108078916e-09,1003981.0045876943
Kabul,318.0,1339.483412298785,3.845058022581684e-09,3.702545878640128e-09,1003981.0045876945
Kabul,318.25,1339.4834122987797,3.7166995468601155e-09,3.5789448451526008e-09,1003981.0045876948
Kabul,318.5,1339.483412298775,3.5997801048111142e-09,3.466358871749856e-09,1003981.004587695
Kabul,318.75,1339.4834122987709,3.4940784246480598e-09,3.3645748878090163e-09,1003981.0045876952
Kabul,319.0,1339.483412298767,3.3993483502296722e-09,3.2733558606610585e-09,1003981.0045876955
Kabul,319.25,1339.4834122987636,3.3153188410600323e-09,3.192440795590801e-09,1003981.0045876956
Kabul,319.5,1339.4834122987606,3.241693972288586e-09,3.1215447358369253e-09,1003981.0045876957
Kabul,319.75,1339.4834122987581,3.1781529347101094e-09,3.060358762591939e-09,1003981.0045876959
Kabul,320.0,1339.483412298756,3.124350034764758e-09,3.0085499950022156e-09,1003981.0045876959
Kabul,320.25,1339.4834122987543,3.079914694538028e-09,2.9657615901679774e-09,1003981.004587696
Kabul,320.5,1339.483412298753,3.0444514517607745e-09,2.9316127431432758e-09,1003981.0045876962
Kabul,320.75,1339.4834122987518,3.017539959809208e-09,2.90569868693603e-09,1003981.0045876962
Kabul,321.0,1339.483412298751,2.9987349877048825e-09,2.8875906925079913e-09,1003981.0045876963
Kabul,321.25,1339.4834122987506,2.9875664201147254e-09,2.876836068774778e-09,1003981.0045876963
Kabul,321.5,1339.4834122987504,2.983539257351005e-09,2.872958162605843e-09,1003981.0045876963
Kabul,321.75,1339.4834122987504,2.986133615371349e-09,2.875456358824492e-09,1003981.0045876963
Kabul,322.0,1339.4834122987509,2.9948047257787334e-09,2.8838060802078747e-09,1003981.0045876963
Kabul,322.25,1339.4834122987513,3.008982935821495e-09,2.897458787486989e-09,1003981.0045876962
Kabul,322.5,1339.4834122987522,3.0280737083933266e-09,2.9158419793466934e-09,1003981.0045876962
Kabul,322.75,1339.4834122987531,3.0514576220332747e-09,2.938359192425679e-09,1003981.0045876962
Kabul,323.0,1339.4834122987543,3.0784903709257284e-09,2.9643900013164906e-09,1003981.004587696
Kabul,323.25,1339.4834122987554,3.1085027649004504e-09,2.99329001856552e-09,1003981.004587696
Kabul,323.5,1339.4834122987568,3.140800729432543e-09,3.024390894673008e-09,1003981.0045876959
Kabul,323.75,1339.4834122987581,3.1746653056424764e-09,3.057000318093053e-09,1003981.0045876959
Kabul,324.0,1339.4834122987595,3.209352650296051e-09,3.090402015233582e-09,1003981.0045876958
Kabul,324.25,1339.4834122987609,3.244094035804451e-09,3.123855750456392e-09,1003981.0045876957
Kabul,324.5,1339.4834122987622,3.2780958502241986e-09,3.1565973260771075e-09,1003981.0045876957
Kabul,324.75,1339.4834122987634,3.3105395972571745e-09,3.187838582365209e-09,1003981.0045876956
Kabul,325.0,1339.4834122987647,3.3405818962506077e-09,3.216767397544033e-09,1003981.0045876956
Kabul,325.25,1339.4834122987656,3.367354482197098e-09,3.2425476877907623e-09,1003981.0045876955
Kabul,325.5,1339.4834122987666,3.3899642057345796e-09,3.2643194072364105e-09,1003981.0045876955
Kabul,325.75,1339.4834122987675,3.407493033146355e-09,3.2811985479658663e-09,1003981.0045876955
Kabul,326.0,1339.483412298768,3.418998046361068e-09,3.2922771400178363e-09,1003981.0045876954
Kabul,326.25,1339.483412298768,3.423511442952739e-09,3.296623251384905e-09,1003981.0045876954
Kabul,326.5,1339.483412298768,3.4200405361407202e-09,3.2932809880134915e-09,1003981.0045876954
Kabul,326.75,1339.4834122987675,3.407567754789725e-09,3.2812704938038547e-09,1003981.0045876955
Kabul,327.0,1339.4834122987666,3.385050643409836e-09,3.2595879506101177e-09,1003981.0045876955
Kabul,327.25,1339.4834122987652,3.3514218621564673e-09,3.227205578240237e-09,1003981.0045876956
Kabul,327.5,1339.4834122987634,3.3055891868303993e-09,3.183071634456032e-09,1003981.0045876956
Kabul,327.75,1339.4834122987609,3.2464355088777685e-09,3.1261104149731584e-09,1003981.0045876957
Kabul,328.0,1339.483412298758,3.1728188353900637e-09,3.0552222534611226e-09,1003981.0045876959
Kabul,328.25,1339.4834122987545,3.0839014791609614e-09,2.9696005113058764e-09,1003981.004587696
Kabul,328.5,1339.4834122987506,2.9863983698312716e-09,2.875711253659918e-09,1003981.0045876963
Kabul,328.75,1339.4834122987465,2.883742660619597e-09,2.776860393450208e-09,1003981.0045876965
Kabul,329.0,1339.4834122987422,2.77642096194657e-09,2.6735165037912634e-09,1003981.0045876967
Kabul,329.25,1339.4834122987377,2.6649086327693535e-09,2.566137323394737e-09,1003981.004587697
Kabul,329.5,1339.4834122987331,2.5496697805816372e-09,2.455169756569417e-09,1003981.0045876972
Kabul,329.75,1339.4834122987284,2.431157261413638e-09,2.341049873221229e-09,1003981.0045876974
Kabul,330.0,1339.4834122987236,2.3098126798321012e-09,2.224202908853233e-09,1003981.0045876977
Kabul,330.25,1339.4834122987186,2.1860663889403e-09,2.105043264565627e-09,1003981.0045876979
Kabul,330.5,1339.4834122987136,2.060337490378035e-09,1.983974507055744e-09,1003981.0045876981
Kabul,330.75,1339.4834122987083,1.9330338343216355e-09,1.8613893686180536e-09,1003981.0045876984
Kabul,331.0,1339.4834122987033,1.8045520194839576e-09,1.7376697471441604e-09,1003981.0045876986
Kabul,331.25,1339.483412298698,1.6752773931143857e-09,1.613186706122807e-09,1003981.004587699
Kabul,331.5,1339.4834122986929,1.5455840509988316e-09,1.488300474639871e-09,1003981.0045876992
Kabul,331.75,1339.4834122986877,1.4158348374597353e-09,1.363360447378366e-09,1003981.0045876994
Kabul,332.0,1339.4834122986824,1.2863813453560654e-09,1.2387051846184418e-09,1003981.0045876997
Kabul,332.25,1339.4834122986774,1.1575639160833167e-09,1.1146624122373843e-09,1003981.0045877
Kabul,332.5,1339.4834122986722,1.0297116395735127e-09,9.915490217096162e-10,1003981.0045877002
Kabul,332.75,1339.4834122986672,9.031423542952046e-10,8.696710701066951e-10,1003981.0045877005
Kabul,333.0,1339.4834122986622,7.78162647253471e-10,7.493237800973157e-10,1003981.0045877007
Kabul,333.25,1339.4834122986572,6.55067853989919e-10,6.307915399473093e-10,1003981.0045877009
Kabul,333.5,1339.4834122986524,5.34142058582684e-10,5.143479035196421e-10,1003981.0045877012
Kabul,333.75,1339.4834122986476,4.1565809364642655e-10,4.0025559027441595e-10,1003981.0045877014
Kabul,334.0,1339.483412298643,2.9987754033233946e-10,2.8876648526886925e-10,1003981.0045877016
Kabul,334.25,1339.4834122986385,1.8705072832813877e-10,1.8012163915737992e-10,1003981.0045877019
Kabul,334.5,1339.4834122986342,7.741673585807039e-11,7.455126819145643e-11,1003981.0045877021
Kabul,334.75,1339.48341229863,-2.8796610317089905e-11,-2.7725245780252258e-11,1003981.0045877023
Kabul,335.0,1339.4834122986258,-1.313727349000431e-10,-1.2649935531196501e-10,1003981.0045877026
Kabul,335.25,1339.4834122986217,-2.3010631405695865e-10,-2.2157334736076148e-10,1003981.0045877027
Kabul,335.5,1339.483412298618,-3.248032754174799e-10,-3.127603432865858e-10,1003981.0045877029
Kabul,335.75,1339.4834122986144,-4.152807980747219e-10,-3.998842988522449e-10,1003981.0045877032
Kabul,336.0,1339.483412298611,-5.013673125852708e-10,-4.827800042234137e-10,1003981.0045877033
Kabul,336.25,1339.4834122986076,-5.829025009691886e-10,-5.612930839686264e-10,1003981.0045877034
Kabul,336.5,1339.4834122986047,-6.597372967100037e-10,-6.352799970592843e-10,1003981.0045877036
Kabul,336.75,1339.4834122986017,-7.317338847547213e-10,-7.0460803686965e-10,1003981.0045877037
Kabul,337.0,1339.483412298599,-7.987657015138191e-10,-7.691553311768525e-10,1003981.0045877039
Kabul,337.25,1339.4834122985965,-8.607174348612418e-10,-8.288108421608817e-10,1003981.004587704
Kabul,337.5,1339.4834122985942,-9.174850241344138e-10,-8.834743664045973e-10,1003981.0045877041
Kabul,337.75,1339.4834122985922,-9.68975660134224e-10,-9.330565348937131e-10,1003981.0045877042
Kabul,338.0,1339.4834122985903,-1.0151077851250393e-09,-9.774788130168142e-10,1003981.0045877043
Kabul,338.25,1339.4834122985887,-1.0558110928346967e-09,-1.016673500565351e-09,1003981.0045877044
Kabul,338.5,1339.4834122985874,-1.0910265284545042e-09,-1.0505837317336314e-09,1003981.0045877044
Kabul,338.75,1339.4834122985862,-1.120706288639243e-09,-1.0791634751188308e-09,1003981.0045877045
Kabul,339.0,1339.483412298585,-1.1448138215071681e-09,-1.1023775337209889e-09,1003981.0045877045
Kabul,339.25,1339.4834122985844,-1.1633238266400051e-09,-1.1202015449430082e-09,1003981.0045877045
Kabul,339.5,1339.483412298584,-1.1762222550829502e-09,-1.132621980590654e-09,1003981.0045877047
Kabul,339.75,1339.4834122985837,-1.1835063093446733e-09,-1.139636146872557e-09,1003981.0045877047
Kabul,340.0,1339.4834122985835,-1.1851844433973199e-09,-1.141252184400216e-09,1003981.0045877047
Kabul,340.25,1339.4834122985837,-1.1812763626764994e-09,-1.137489068187982e-09,1003981.0045877047
Kabul,340.5,1339.4834122985842,-1.1718130240813051e-09,-1.1283766076530836e-09,1003981.0045877047
Kabul,340.75,1339.4834122985847,-1.1568366359742892e-09,-1.1139554466156029e-09,1003981.0045877045
Kabul,341.0,1339.4834122985856,-1.1364006581814876e-09,-1.0942770632984913e-09,1003981.0045877045
Kabul,341.25,1339.4834122985865,-1.1105698019923978e-09,-1.0694037703275615e-09,1003981.0045877045
Kabul,341.5,1339.4834122985878,-1.0794200301600019e-09,-1.0394087147314934e-09,1003981.0045877044
Kabul,341.75,1339.4834122985892,-1.0430385569007457e-09,-1.004375877941827e-09,1003981.0045877043
Kabul,342.0,1339.483412298591,-1.0015238478945433e-09,-9.644000757929685e-10,1003981.0045877043
Kabul,342.25,1339.4834122985928,-9.549856202847927e-10,-9.195869585221838e-10,1003981.0045877042
Kabul,342.5,1339.4834122985949,-9.035448426783587e-10,-8.700530107696129e-10,1003981.0045877041
Kabul,342.75,1339.4834122985972,-8.473337351455739e-10,-8.159255515782481e-10,1003981.004587704
Kabul,343.0,1339.4834122985997,-7.864957692202451e-10,-7.57342734393948e-10,1003981.0045877039
Kabul,343.25,1339.4834122986022,-7.211856678996573e-10,-6.944535470654458e-10,1003981.0045877037
Kabul,343.5,1339.483412298605,-6.515694056445646e-10,-6.274178118443227e-10,1003981.0045877036
Kabul,343.75,1339.4834122986078,-5.778242083791887e-10,-5.564061853850365e-10,1003981.0045877034
Kabul,344.0,1339.483412298611,-5.001385534912256e-10,-4.816001587448994e-10,1003981.0045877033
Kabul,344.25,1339.4834122986142,-4.187121698318512e-10,-4.031920573840957e-10,1003981.0045877032
Kabul,344.5,1339.4834122986176,-3.3375603771569776e-10,-3.213850411656651e-10,1003981.0045877029
Kabul,344.75,1339.4834122986213,-2.4549238892088607e-10,-2.36393104355522e-10,1003981.0045877028
Kabul,345.0,1339.483412298625,-1.54154706689002e-10,-1.4844107562243137e-10,1003981.0045877026
Kabul,345.25,1339.4834122986285,-5.99877257251024e-11,-5.776461803803752e-11,1003981.0045877023
Kabul,345.5,1339.4834122986324,3.6752567802288206e-11,3.538977092317061e-11,1003981.0045877022
Kabul,345.75,1339.4834122986365,1.3579893626115658e-10,1.3076475938382177e-10,1003981.004587702
Kabul,346.0,1339.4834122986406,2.368728905560375e-10,2.2809218106368848e-10,1003981.0045877018
Kabul,346.25,1339.4834122986447,3.396846901279758e-10,3.270930352796759e-10,1003981.0045877016
Kabul,346.5,1339.4834122986488,4.439333429545594e-10,4.274774869458391e-10,1003981.0045877014
Kabul,346.75,1339.483412298653,5.49306605549892e-10,5.289448665733485e-10,1003981.0045877012
Kabul,347.0,1339.4834122986572,6.554809829646121e-10,6.311836702705272e-10,1003981.0045877009
Kabul,347.25,1339.4834122986615,7.621217287858836e-10,7.338715597428258e-10,1003981.0045877007
Kabul,347.5,1339.4834122986658,8.688828451374056e-10,8.366753622928351e-10,1003981.0045877006
Kabul,347.75,1339.4834122986701,9.754070826793868e-10,9.3925107082028e-10,1003981.0045877004
Kabul,348.0,1339.4834122986742,1.0813259406085772e-09,1.0412438438220167e-09,1003981.0045877001
Kabul,348.25,1339.4834122986786,1.1862596666582532e-09,1.1422880053920475e-09,1003981.0045876999
Kabul,348.5,1339.4834122986827,1.2898172570982219e-09,1.2420070452215058e-09,1003981.0045876997
Kabul,348.75,1339.4834122986867,1.391596456734813e-09,1.3400136185986562e-09,1003981.0045876995
Kabul,349.0,1339.4834122986908,1.491183758910887e-09,1.4359095464089146e-09,1003981.0045876993
Kabul,349.25,1339.4834122986947,1.5881544055058313e-09,1.5292858151348125e-09,1003981.0045876991
Kabul,349.5,1339.4834122986983,1.6820723869355463e-09,1.6197225768560352e-09,1003981.004587699
Kabul,349.75,1339.483412298702,1.7724904421524915e-09,1.7067891492493871e-09,1003981.0045876987
Kabul,350.0,1339.4834122987054,1.8589500586456352e-09,1.7900440155888355e-09,1003981.0045876985
Kabul,350.25,1339.4834122987088,1.9409814724404634e-09,1.8690348247454525e-09,1003981.0045876984
Kabul,350.5,1339.4834122987118,2.0181036680990222e-09,1.943298391187464e-09,1003981.0045876983
Kabul,350.75,1339.4834122987147,2.0898243787198493e-09,2.0123606949802306e-09,1003981.0045876981
Kabul,351.0,1339.4834122987172,2.1556400859380196e-09,2.0757368817862393e-09,1003981.0045876979
Kabul,351.25,1339.4834122987197,2.2150360199251644e-09,2.1329312628651343e-09,1003981.0045876978
Kabul,351.5,1339.4834122987218,2.267486159389404e-09,2.183437315073675e-09,1003981.0045876977
Kabul,351.75,1339.4834122987236,2.3124532315754163e-09,2.2267376808657555e-09,1003981.0045876977
Kabul,352.0,1339.4834122987252,2.349388712264385e-09,2.2623041682924334e-09,1003981.0045876976
Kabul,352.25,1339.4834122987263,2.3777328257740193e-09,2.289597751001868e-09,1003981.0045876976
Kabul,352.5,1339.483412298727,2.396914544958593e-09,2.3080685682393786e-09,1003981.0045876974
Kabul,352.75,1339.4834122987274,2.406351591208865e-09,2.317155924847414e-09,1003981.0045876974
Kabul,353.0,1339.4834122987272,2.4054504344521444e-09,2.3162882912655434e-09,1003981.0045876974
Kabul,353.25,1339.4834122987268,2.393606293152265e-09,2.3048833035305076e-09,1003981.0045876974
Kabul,353.5,1339.4834122987259,2.3702031343095788e-09,2.2823477632761522e-09,1003981.0045876976
Kabul,353.75,1339.4834122987245,2.3346136734609862e-09,2.248077637733469e-09,1003981.0045876976
Kabul,354.0,1339.4834122987224,2.2861993746798894e-09,2.2014580597305927e-09,1003981.0045876977
Kabul,354.25,1339.4834122987202,2.2244341110418806e-09,2.1419824045649005e-09,1003981.0045876978
Kabul,354.5,1339.4834122987174,2.158486026119003e-09,2.078478989302763e-09,1003981.0045876979
Kabul,354.75,1339.483412298715,2.094341423193589e-09,2.016712224621544e-09,1003981.004587698
Kabul,355.0,1339.4834122987124,2.031969686392102e-09,1.956652624387444e-09,1003981.0045876981
Kabul,355.25,1339.48341229871,1.9713400132262097e-09,1.898270523073455e-09,1003981.0045876983
Kabul,355.5,1339.4834122987077,1.9124214145927816e-09,1.84153607575936e-09,1003981.0045876985
Kabul,355.75,1339.4834122987054,1.8551827147738929e-09,1.786419258131733e-09,1003981.0045876985
Kabul,356.0,1339.4834122987031,1.7995925514368212e-09,1.7328898664839386e-09,1003981.0045876986
Kabul,356.25,1339.4834122987008,1.7456193756340484e-09,1.680917517716133e-09,1003981.0045876987
Kabul,356.5,1339.4834122986988,1.6932314518032604e-09,1.630471649335263e-09,1003981.0045876988
Kabul,356.75,1339.4834122986967,1.6423968577673458e-09,1.5815215194550665e-09,1003981.004587699
Kabul,357.0,1339.4834122986947,1.5930834847343978e-09,1.5340362067960727e-09,1003981.0045876991
Kabul,357.25,1339.4834122986929,1.545259037297713e-09,1.4879846106856013e-09,1003981.0045876992
Kabul,357.5,1339.483412298691,1.4988910334357923e-09,1.4433354510577637e-09,1003981.0045876993
Kabul,357.75,1339.4834122986892,1.4539468045123395e-09,1.4000572684534614e-09,1003981.0045876993
Kabul,358.0,1339.4834122986874,1.4103934952762623e-09,1.3581184240203878e-09,1003981.0045876994
Kabul,358.25,1339.4834122986858,1.3681980638616732e-09,1.3174870995130264e-09,1003981.0045876995
Kabul,358.5,1339.4834122986842,1.3273272817878865e-09,1.2781312972926532e-09,1003981.0045876997
Kabul,358.75,1339.4834122986827,1.2877477339594219e-09,1.2400188403273334e-09,1003981.0045876997
Kabul,359.0,1339.483412298681,1.2494258186660018e-09,1.2031173721919241e-09,1003981.0045876998
Kabul,359.25,1339.4834122986795,1.212327747582553e-09,1.1673943570680739e-09,1003981.0045876999
Kabul,359.5,1339.483412298678,1.1764195457692055e-09,1.1328170797442215e-09,1003981.0045876999
Kabul,359.75,1339.4834122986767,1.141667051671294e-09,1.099352645615597e-09,1003981.0045877
Kabul,360.0,1339.4834122986754,1.1080359171193552e-09,1.0669679806842215e-09,1003981.0045877
Kabul,360.25,1339.483412298674,1.0754916073291311e-09,1.0356298315589076e-09,1003981.0045877001
Kabul,360.5,1339.4834122986729,1.043999400901567e-09,1.0053047654552575e-09,1003981.0045877001
Kabul,360.75,1339.4834122986715,1.0135243898228114e-09,9.759591701956663e-10,1003981.0045877002
Kabul,361.0,1339.4834122986704,9.840314794642173e-10,9.475592542093184e-10,1003981.0045877002
Kabul,361.25,1339.4834122986692,9.554853885823403e-10,9.200710465321907e-10,1003981.0045877004
Kabul,361.5,1339.483412298668,9.278506493189417e-10,8.934603968070496e-10,1003981.0045877004
Kabul,361.75,1339.4834122986672,9.010916072009841e-10,8.67692975283454e-10,1003981.0045877005
Kabul,362.0,1339.483412298666,8.75172421140636e-10,8.427342728177521e-10,1003981.0045877005
Kabul,362.25,1339.4834122986651,8.500570634352678e-10,8.185496008730859e-10,1003981.0045877006
Kabul,362.5,1339.483412298664,8.257093197674552e-10,7.951040915193851e-10,1003981.0045877006
Kabul,362.75,1339.483412298663,8.02092789204977e-10,7.723626974333721e-10,1003981.0045877007
Kabul,363.0,1339.4834122986622,7.791708842008147e-10,7.502901918985604e-10,1003981.0045877007
Kabul,363.25,1339.4834122986613,7.569068305931551e-10,7.288511688052543e-10,1003981.0045877007
Kabul,363.5,1339.4834122986604,7.352636676053884e-10,7.080100426505492e-10,1003981.0045877008
Kabul,363.75,1339.4834122986597,7.142042478461079e-10,6.877310485383309e-10,1003981.0045877008
Kabul,364.0,1339.4834122986588,6.936912373091098e-10,6.679782421792777e-10,1003981.0045877008
Kabul,364.25,1339.483412298658,6.736871153733976e-10,6.487154998908564e-10,1003981.0045877009
Kabul,364.5,1339.4834122986572,6.541541748031746e-10,6.299065185973275e-10,1003981.0045877009
Kabul,364.75,1339.4834122986565,6.350545217478492e-10,6.115148158297409e-10,1003981.0045877009
Kabul,365.0,1339.4834122986556,6.163500757420342e-10,5.935037297259385e-10,1003981.004587701
Herat,0.0,146796.221756625,0.0,1.0,437237.87574337504
Herat,0.25,146795.99305221855,0.22513336097342024,0.9429103087452168,437237.93640411174
Herat,0.5,146795.77660084804,0.4312825620664882,0.8958016057409205,437237.99381498416
Herat,0.75,146795.57018755638,0.6212117065828308,0.8575372696565299,437238.0485634674
Herat,1.0,146795.3718474892,0.797353706277226,0.8271281008439466,437238.10117070365
Herat,1.25,146795.17983335123,0.9618525024907144,0.8037140126508687,437238.15210013365
Herat,1.5,146794.99258690176,1.1166000127691358,0.7865480295100896,437238.201765056
Herat,1.75,146794.80871398727,1.2632684565890653,0.7749823067272401,437238.2505352495
Herat,2.0,146794.6269626539,1.4033386563175116,0.7684559120726382,437238.2987427778
Herat,2.25,146794.44620395274,1.538124817248206,0.7664841495127624,437238.3466870806
Herat,2.5,146794.26541509866,1.6687962289504525,0.7686492323085637,437238.3946394402
Herat,2.75,146794.08366468488,1.7963962757785263,0.7745921364533626,437238.442846903
Herat,3.0,146793.90009969202,1.9218590966336222,0.7840054862845823,437238.4915357252
Herat,3.25,146793.7139340622,2.046024192542639,0.7966273422745673,437238.5409144031
Herat,3.5,146793.52443864985,2.1696492275917967,0.8122357839155849,437238.5911763388
Herat,3.75,146793.3309323654,2.2934212620545855,0.8306441839003265,437238.64250218874
Herat,4.0,146793.1327743565,2.417966620132387,0.8516970854242956,437238.6950619381
Herat,4.25,146792.9293570895,2.543859569603584,0.8752666057232882,437238.7490167353
Herat,4.5,146792.7201002097,2.671629971758701,0.9012492977195831,437238.80452052096
Herat,4.75,146792.50444514825,2.8017699452795144,0.9295634485020992,437238.86172145815
Herat,5.0,146792.2818502894,2.9347397841661103,0.9601467123546216,437238.92076321424
Herat,5.25,146792.05178660777,3.0709732431753833,0.9929540309080558,437238.9817861183
Herat,5.5,146791.813733832,3.2108821227227757,1.0279558667914235,437239.04492817866
Herat,5.75,146791.56717702813,3.3548602969147665,1.0651366861243399,437239.11032598896
Herat,6.0,146791.3116033555,3.5032874812704353,1.1044935742138737,437239.1781155892
Herat,6.25,146791.0464993165,3.6565323547841415,1.146035134213396,437239.24843319465
Herat,6.5,146790.77134815976,3.814955461871334,1.1897804931233953,437239.3214158854
Herat,6.75,146790.4856274054,3.9789119089401366,1.2357584234296455,437239.39720226236
Herat,7.0,146790.18880683446,4.14875348866631,1.2840066959999126,437239.47593298106
Herat,7.25,146789.88034622264,4.324831039824413,1.3345713852601822,437239.55775135243
Herat,7.5,146789.55969368707,4.507496077053908,1.3875064540138595,437239.642803782
Herat,7.75,146789.2262836297,4.697102818603285,1.4428732366583334,437239.7312403152
Herat,8.0,146788.87953530162,4.8940094969666506,1.5007401831757399,437239.8232150184
Herat,8.25,146788.51885088522,5.098580136885378,1.5611824901795877,437239.91888648784
Herat,8.5,146788.14361423888,5.31118560759591,1.6242819707531793,437240.0184181829
Herat,8.75,146787.75318901282,5.532205261076497,1.6901268003610574,437240.1219789259
Herat,9.0,146787.3469175531,5.7620277717633765,1.7588114821269252,437240.22974319314
Herat,9.25,146786.92411900836,6.001052672811098,1.830436701539942,437240.3418916174
Herat,9.5,146786.48408827515,6.249691118627196,1.9051093383611146,437240.45861126797
Herat,9.75,146786.02609423647,6.5083671986251215,1.9829424469104309,437240.5800961181
Herat,10.0,146785.5493784137,6.777518906060624,2.064055277293883,437240.706547403
Herat,10.25,146785.05315366795,7.057599005003979,2.148573362397731,437240.83817396476
Herat,10.5,146784.5366022875,7.349076373685996,2.2366285791287517,437240.97519275977
Herat,10.75,146783.99887504007,7.6524365799977385,2.3283592690858534,437241.11782911094
Herat,11.0,146783.43908914446,7.968183222254228,2.4239103874696326,437241.2663172459
Herat,11.25,146782.85632688092,8.296838812014256,2.5234336408604165,437241.42090066633
Herat,11.5,146782.24963424727,8.63894558386685,2.6270876642810044,437241.5818325047
Herat,11.75,146781.61801869454,8.995066925889068,2.7350382537026867,437241.749376126
Herat,12.0,146780.9604480615,9.36578799847168,2.847458529725168,437241.9238054104
Herat,12.25,146780.27584847636,9.751716999136146,2.96452921338929,437242.1054053112
Herat,12.5,146779.56310239987,10.153486342049534,3.086438883932238,437242.29447237425
Herat,12.75,146778.8210473332,10.571753394616834,3.2133841907345677,437242.4913150816
Herat,13.0,146778.04847315073,11.007202058743113,3.3455702306231454,437242.69625456
Herat,13.25,146777.2441205115,11.460543690661117,3.4832107945398727,437242.90962500346
Herat,13.5,146776.40667895213,11.932518195737714,3.626528672622673,437243.13177417964
Herat,13.75,146775.53478402345,12.423895694233872,3.775756091135602,437243.36306419136
Herat,14.0,146774.62701587396,12.935477322937425,3.9311349505692896,437243.60387185274
Herat,14.25,146773.6818964045,13.46809686706326,4.092917282587274,437243.85458944604
Herat,14.5,146772.69788675223,14.022622202138571,4.261365655506667,437244.1156253903
Herat,14.75,146771.67338547547,14.59995631830701,4.436753482078299,437244.3874047243
Herat,15.0,146770.60672497976,15.201039359952269,4.619365603657188,437244.6703700568
Herat,15.25,146769.49616943678,15.82684980441078,4.809498639091628,437244.9649821199
Herat,15.5,146768.339912057,16.47840600442458,5.007461443767538,437245.27172049496
Herat,15.75,146767.13607133392,17.156768320283952,5.2135757346781855,437245.59108461125
Herat,16.0,146765.88268908235,17.86304022374066,5.428176425780931,437245.9235942683
Herat,16.25,146764.57772643122,18.59837056408649,5.651612302933243,437246.2697907019
Herat,16.5,146763.2190605916,19.36395539478619,5.884246569447744,437246.63023744436
Herat,16.75,146761.80448221153,20.161039461340398,6.126457298616053,437247.0055210287
Herat,17.0,146760.33169048282,20.99091896504398,6.378638261247952,437247.3962522911
Herat,17.25,146758.79829049026,21.85494305497976,6.641199378438875,437247.80306707654
Herat,17.5,146757.20178909635,22.75451614515312,6.91456742336462,437248.2266273353
Herat,17.75,146755.53959014252,23.691100620874295,7.199186836577962,437248.6676224003
Herat,18.0,146753.80899164535,24.66621841291158,7.495520207680376,437249.12676973426
Herat,18.25,146752.00718005255,25.681454232962757,7.804049254115299,437249.60481646063
Herat,18.5,146750.13122624502,26.738457823736145,8.125275503794835,437250.1025404277
Herat,18.75,146748.17808149577,27.83894622862595,8.459720988487344,437250.6207512874
Herat,19.0,146746.14457087984,28.984707502780875,8.807929367259451,437251.1602922504
Herat,19.25,146744.02738990152,30.17760260616562,9.170466505972406,437251.72204098664
Herat,19.5,146741.82309816868,31.41956895982993,9.547921559510229,437252.3069113122
Herat,19.75,146739.52811352577,32.7126237471994,9.940907973606109,437252.9158547537
Herat,20.0,146737.1387078312,34.058866281139515,10.350064211846705,437253.54986167606
Herat,20.25,146734.65099882652,35.46048257762622,10.776055144322395,437254.20996345184
Herat,20.5,146732.06094538717,36.919748022112614,11.219572862175424,437254.89723372884
Herat,20.75,146729.3643409827,38.4390310393724,11.681337800127647,437255.6127901781
Herat,21.0,146726.55680534866,40.020797777415595,12.162100158427132,437256.35779671575
Herat,21.25,146723.63377982806,41.667614715556354,12.662640706258374,437257.1334647504
Herat,21.5,146720.5905178825,43.382153995104694,13.183772404920722,437257.94105571776
Herat,21.75,146717.42207816424,45.167197310348854,13.726341593630478,437258.78188293206
Herat,22.0,146714.12331787945,47.02563962397885,14.291229132851493,437259.65731336403
Herat,22.25,146710.68888170554,48.960495396289176,14.879352296535012,437260.56877060194
Herat,22.5,146707.11319607095,50.97490178603156,15.4916657580636,437261.5177363853
Herat,22.75,146703.39045862443,53.07212455618499,16.129163395541887,437262.5057534242
Herat,23.0,146699.51462836066,55.25556362000518,16.79287997879361,437263.5344280409
Herat,23.25,146695.47941852428,57.52875700360151,17.483892396271166,437264.6054320762
Herat,23.5,146691.27828300465,59.89538848500858,18.203321978777534,437265.7205065319
Herat,23.75,146686.90440842984,62.359292019741744,18.95233585857197,437266.8814636922
Herat,24.0,146682.35070306028,64.92445795359261,19.732148879757656,437268.0901901067
Herat,24.25,146677.6097830261,67.59504074981213,20.544025946370073,437269.3486502781
Herat,24.5,146672.67396445904,70.37536337295859,21.389283386335176,437270.658888782
Herat,24.75,146667.53524748885,73.26992625949703,22.26929168833137,437272.0230345637
Herat,25.0,146662.18530495788,76.28341363799105,23.185477435126575,437273.4433039694
Herat,25.25,146656.61547097788,79.4206999074663,24.139325282079394,437274.92200383294
Herat,25.5,146650.81672262144,82.68685990805358,25.132381078117202,437276.46153639274
Herat,25.75,146644.77967048134,86.08717417450441,26.16625350241024,437278.06440184213
Herat,26.0,146638.49454062054,89.6271390275439,27.24261715932715,437279.733203193
Herat,26.25,146631.95115868287,93.31247547389785,28.363215291318472,437281.4706505523
Herat,26.5,146625.13893770237,97.14913597200132,29.529861899654648,437283.27956442634
Herat,26.75,146618.04685534307,101.14331718063706,30.744445623734165,437285.162881853
Herat,27.0,146610.66344129707,105.30146697214393,32.008931918303524,437287.1236598129
Herat,27.25,146602.97675787026,109.63029524434047,33.32536639820287,437289.1650804876
Herat,27.5,146594.97437794198,114.136786260375,34.69587859090161,437291.2904572072
Herat,27.75,146586.64337159376,118.82820603704147,36.12268427535569,437293.5032380943
Herat,28.0,146577.97027903498,123.71211747146698,37.60809010281605,437295.80701339117
Herat,28.25,146568.94109290704,128.79639019608467,39.15449663706647,437298.20552026026
Herat,28.5,146559.54123813251,134.08921173565983,40.764401853361306,437300.7026482789
Herat,28.75,146549.75554228446,139.59910407667883,42.440406173025295,437303.3024474663
Herat,29.0,146539.56822013154,145.33493217833882,44.18521517338532,437306.00913251715
Herat,29.25,146528.96284265188,151.30592121515463,46.00164489476857,437308.82709123864
Herat,29.5,146517.9223121289,157.52167045295636,47.89262609265754,437311.76089132595
Herat,29.75,146506.42884117927,163.9921647698298,49.86120791939586,437314.8152861319
Herat,30.0,146494.46391504694,170.72779569416224,51.91056432426618,437317.99522493506
Herat,30.25,146482.00827195685,177.7393722125644,54.04399748653031,437321.3058583445
Herat,30.5,146469.04186925507,185.0381394949207,56.26494365430961,437324.7525475961
Herat,30.75,146455.54384889433,192.6357981187694,58.57697900373233,437328.34087398363
Herat,31.0,146441.49251479475,200.54451639737107,60.983823658439704,437332.07664514985
Herat,31.25,146426.8652875885,208.7769555330649,63.48934937882613,437335.9659075
Herat,31.5,146411.63867748194,217.3462845613833,66.09758426109649,437340.014953696
Herat,31.75,146395.78824903272,226.26619964357295,68.8127188854562,437344.23033243866
Herat,32.0,146379.288574183,235.55095018413635,71.63911425216254,437348.6188613811
Herat,32.25,146362.11320710537,245.21535241770835,74.58130628442765,437353.1876341929
Herat,32.5,146344.23463195717,255.27481826133166,77.64401474663163,437357.94403503527
Herat,32.75,146325.62422459183,265.7453764276737,80.83214979629292,437362.8957491846
Herat,33.0,146306.25221686575,276.6436916969045,84.15081833589423,437368.05077310186
Herat,33.25,146286.08763557306,287.9870987601529,87.60533429968532,437373.4174313675
Herat,33.5,146265.0982720622,299.79361856194447,91.20122408469894,437379.00438529154
Herat,33.75,146243.2506248656,312.0819896552124,94.94423644568847,437384.8206490339
Herat,34.0,146220.50984631764,324.871697647422,98.84035152020184,437390.8756045151
Herat,34.25,146196.8397053473,338.18299493077154,102.89578760527762,437397.17901211703
Herat,34.5,146172.20251347285,352.03694144891404,107.1170136233744,437403.7410314552
Herat,34.75,146146.5590837339,366.45542681732843,111.510756354103,437410.572233095
Herat,35.0,146119.86867159474,381.4612020778464,116.08401083395,437417.6836154938
Herat,35.25,146092.08890150356,397.0779201296215,120.84405264481744,437425.0866257223
Herat,35.5,146063.17572724287,413.3301563653092,125.79844528328071,437432.7931711089
Herat,35.75,146033.08334674462,430.2434550828113,130.95505460483946,437440.81564356806
Herat,36.0,146001.76414379448,447.84436100515364,136.32205885117028,437449.16693634953
Herat,36.25,145969.16863036,466.16044941550496,141.90795916742928,437457.8604610574
Herat,36.5,145935.2453498536,485.22037913029504,147.72159567010067,437466.91017534636
Herat,36.75,145899.94083129332,505.0539160879123,153.77215599030407,437476.3305966288
Herat,37.0,145863.1994972456,525.691982550095,160.06919116677366,437486.13682903786
Herat,37.25,145824.96358146958,547.1667017406833,166.62262945353027,437496.3445873366
Herat,37.5,145785.1730721787,569.5114263293812,173.44278718042298,437506.97021431185
Herat,37.75,145743.7655949213,592.7608018824344,180.54038817308594,437518.0307150235
Herat,38.0,145700.67635120248,616.9507985702796,187.92657486683186,437529.54377536074
Herat,38.25,145655.83802752968,642.1187581218483,195.61292463383853,437541.527789715
Herat,38.5,145609.18068097433,668.303455708614,203.61146854796525,437554.0018947695
Herat,38.75,145560.6316819072,695.5451274373122,211.93470284097947,437566.9859878149
Herat,39.0,145510.1155828046,723.8855398920348,220.59561093553074,437580.50076636823
Herat,39.25,145457.55402923815,753.3680366546448,229.60767876513708,437594.56775534246
Herat,39.5,145402.86567787183,784.0375779330667,238.98491066836453,437609.20933352713
Herat,39.75,145345.9660464261,815.9408208850944,248.74185361648063,437624.4487790727
Herat,40.0,145286.76744874162,849.1261501116666,258.8936102082756,437640.3102909388
Herat,40.25,145225.17886153405,883.6437452644478,269.45586197909876,437656.8190312228
Herat,40.5,145161.10579625703,919.5456485282715,280.4448902867992,437674.0011649283
Herat,40.75,145094.45022559684,956.885796468897,291.8775921779324,437691.8838857567
Herat,41.0,145025.1104093066,995.7201110482919,303.7715085078231,437710.4954711377
Herat,41.25,144952.98080270653,1036.1065436696413,316.14484086020565,437729.865312764
Herat,41.5,144877.9519405726,1078.10512860922,329.0164740131194,437750.02395680547
Herat,41.75,144799.91025929118,1121.7780761356216,342.40600368039316,437771.00316089316
Herat,42.0,144718.73802734495,1167.1897992028073,356.333752759544,437792.83592069306
Herat,42.25,144634.3131673851,1214.407001076296,370.82080130027697,437815.55653023877
Herat,42.5,144546.5091173759,1263.4987445365657,385.8890093327585,437839.20062875515
Herat,42.75,144455.19474334357,1314.5364829872701,401.56103771036544,437863.8052359592
Herat,43.0,144360.23412176172,1367.5941711974353,417.86038126423273,437889.408825777
Herat,43.25,144261.48645151537,1422.7482999655606,434.81138763599586,437916.05136088346
Herat,43.5,144158.80590638221,1480.0779578620463,452.43928590281115,437943.7743498533
Herat,43.75,144052.04143336957,1539.6649326645397,470.77021636830614,437972.62091759796
Herat,44.0,143941.0366873094,1601.5937239620184,489.8312506057037,438002.6358381233
Herat,44.25,143825.62981476003,1665.9516435662372,509.65042580353327,438033.86561587057
Herat,44.5,143705.6533099189,1732.8288796866034,530.256768912689,438066.3585414822
Herat,44.75,143580.9339290403,1802.3185121199997,551.6803217154422,438100.16473712464
Herat,45.0,143451.2924370461,1874.5166349120589,573.952175679651,438135.3362523625
Herat,45.25,143316.54353437756,1949.5223694336519,597.1044926418117,438171.9271035473
Herat,45.5,143176.4957017281,2027.4379140011888,621.1705362450797,438209.993348026
Herat,45.75,143030.95097931445,2108.368647296193,646.1847009154914,438249.59317247424
Herat,46.0,142879.70493208396,2192.423103244303,672.1825346767862,438290.7869299953
Herat,46.25,142722.54642032686,2279.713063442678,699.200772192119,438333.6372440387
Herat,46.5,142559.25745932065,2370.35360624946,727.277357834888,438378.2090765954
Herat,46.75,142389.6131784648,2464.4630703158164,756.4514720192126,438424.56977920054
Herat,47.0,142213.38155356544,2562.163171219921,786.7635601502582,438472.7892150647
Herat,47.25,142030.3233705399,2663.5789725158247,818.2553532651151,438522.93980367953
Herat,47.5,141840.1921219766,2768.838876670093,850.9698953627136,438575.09660599096
Herat,47.75,141642.73378075284,2878.074717682949,884.951563810236,438629.3374377543
Herat,48.0,141437.68684520686,2991.421657651853,920.2460920865492,438685.74290505506
Herat,48.25,141224.7821597902,3109.0182227418413,956.9005902799946,438744.3965271883
Herat,48.5,141003.74279480154,3231.0063227501137,994.963559332258,438805.3848231164
Herat,48.75,140774.28413118736,3357.5310982161477,1034.484914113037,438868.79735648376
Herat,49.0,140536.11363601696,3488.740989074318,1075.5159901157717,438934.72688479326
Herat,49.25,140288.9308964186,3624.787635649755,1118.1095576763087,439003.26941025566
Herat,49.5,140032.42767854076,3765.825726417923,1162.3198356353118,439074.5242594063
Herat,49.75,139766.2877416293,3912.0130469436467,1208.2024836518613,439148.5942277755
Herat,50.0,139490.18703224804,4063.510243198786,1255.8146197297099,439225.5856048238
Herat,50.25,139203.79367973903,4220.480709094063,1305.2148101691484,439305.6083009981
Herat,50.5,138906.7679397847,4383.09054753208,1356.4630552086949,439388.77595747483
Herat,50.75,138598.76252010863,4551.508209137653,1409.6208032908369,439475.2059674632
Herat,51.0,138279.42252049013,4725.9044312602355,1464.7509066958662,439565.0196415541
Herat,51.25,137948.3856002784,4906.4520230937105,1521.9176131849508,439658.3422634433
Herat,51.5,137605.28235056595,5093.325454993704,1581.1865547360057,439755.3031397046
Herat,51.75,137249.73626404,5286.700792687887,1642.624674278259,439856.0357689942
Herat,52.0,136881.36418069166,5486.755248091674,1706.3002285149348,439960.677842702
Herat,52.25,136499.77662446233,5693.6668025495,1772.2827197689974,440069.37135321944
Herat,52.5,136104.57792899394,5907.614036635698,1840.6428190025622,440182.26271536807
Herat,52.75,135695.36695471627,6128.7754440696135,1911.4523604223648,440299.50274079206
Herat,53.0,135271.73734743203,6357.329151497724,1984.784200860788,440421.24680020974
Herat,53.25,134833.278002612,6593.452472607083,2060.7121690045074,440547.6548557767
Herat,53.5,134379.57390272233,6837.321133680219,2139.310999110001,440678.89146448777
Herat,53.75,133910.2064022096,7089.109011268541,2220.6561461475962,440815.12594037456
Herat,54.0,133424.7541475872,7348.987297153339,2304.8237639898907,440956.53229126986
Herat,54.25,132922.79385513722,7617.123826920852,2391.8905154116046,441103.28930253064
Herat,54.5,132403.90085253335,7893.682621031271,2481.933416898395,441255.5806095373
Herat,54.75,131867.65038471535,8178.822740218773,2575.0297767870325,441413.59459827916
Herat,55.0,131313.61826025986,8472.697801640343,2671.2568895753175,441577.52454852476
Herat,55.25,130741.38197008224,8775.455017266111,2770.691963767158,441747.56854888477
Herat,55.5,130150.52202974478,9087.234110326299,2873.41188599402,441923.92947393516
Herat,55.75,129540.62274903637,9408.166756486986,2979.492937363596,442106.8150571133
Herat,56.0,128911.27398676255,9738.37510314526,3089.010713302986,442296.43769678945
Herat,56.25,128262.07221566336,10077.971053614821,3202.039691261363,442493.01453946077
Herat,56.5,127592.6219650144,10427.055097022705,3318.6530969885544,442696.76734097465
Herat,56.75,126902.53765784693,10785.714911482706,3438.9225889544296,442907.92234171624
Herat,57.0,126191.44471119861,11154.024647284017,3562.917856971792,443126.7102845459
Herat,57.25,125458.98176943453,11532.043119011034,3690.706501256829,443353.3661102979
Herat,57.5,124704.80209022242,11919.81298925621,3822.353447467606,443588.12897305406
Herat,57.75,123928.57547735726,12317.359257137285,3957.920790085574,443831.24197542015
Herat,58.0,123129.99042684377,12724.68778735737,4097.46731788849,444082.9519679107
Herat,58.25,122308.75562167812,13141.784372753304,4241.04806618764,444343.5094393812
Herat,58.5,121464.60258919321,13568.612718801143,4388.71410061315,444613.1680913928
Herat,58.75,120597.28721479884,14005.113720846459,4540.5117888253835,444892.1847755296
Herat,59.0,119706.59230630218,14451.203502383021,4696.48267292069,445180.8190183944
Herat,59.25,118792.32963462378,14906.772327540679,4856.662740321748,445479.3327975141
Herat,59.5,117854.34197321074,15371.683246226856,5021.0820920818105,445787.9901884809
Herat,59.75,116892.50578172978,15845.770374485479,5189.764471395731,446107.05687238934
Herat,60.0,115906.7327989194,16328.838217035434,5362.7265723809005,446436.79991166457
Herat,60.25,114896.97299843545,16820.659573950823,5539.977867292676,446777.4870603214
Herat,60.5,113863.21610617664,17320.975193424718,5721.519670154904,447129.3865302441
Herat,60.75,112805.49430865132,17829.49187575172,5907.345041378441,447492.76627421885
Herat,61.0,111723.8840640566,18345.881960940038,6097.437909304877,447867.89356569876
Herat,61.25,110618.50815591974,18869.782167849797,6291.77277566303,448255.03440056776
Herat,61.5,109489.53791663444,19400.79263610486,6490.314147524987,448654.452799736
Herat,61.75,108337.19453807156,19938.47672155282,6693.015888699981,449066.41035167594
Herat,62.0,107161.75150605616,20482.35966262012,6899.821051694438,449491.1652796296
Herat,62.25,105963.53529623528,21031.92923796763,7110.660922047125,449928.9720437503
Herat,62.5,104742.92766915767,21586.634413270345,7325.455127152669,450380.08029041963
Herat,62.75,103500.36599335009,22145.88651079655,7544.110615779902,450844.7343800738
Herat,63.0,102236.34495034031,22709.0583848303,7766.521787010403,451323.1723778193
Herat,63.25,100951.41675229477,23275.485672495917,7992.569704433127,451815.6253707765
Herat,63.5,99646.19190236174,23844.46696759156,8222.122015165161,452322.31661488186
Herat,63.75,98321.33941609098,24415.26487886552,8455.032614931784,452843.460590112
Herat,64.0,96977.58645086168,24987.107475972916,8691.141243561791,453379.26232960395
Herat,64.25,95615.71851075071,25559.189059508833,8930.273682565072,453929.9162471757
Herat,64.5,94236.57789832617,26130.672930553403,9172.241061840183,454495.6056092806
Herat,64.75,92841.06375802387,26700.6920020626,9416.840514855965,455076.5012250579
Herat,65.0,91430.12949013093,27268.352645029336,9663.854386235818,455672.7609786042
Herat,65.25,90004.78231709065,27832.73554193486,9913.051124841573,456284.5285161332
Herat,65.5,88566.07997106442,28392.900120700127,10164.184686470082,456911.93272176565
Herat,65.75,87115.12943045417,28947.88611615095,10416.995392903764,457555.0865604914
Herat,66.0,85653.0832090094,29496.71809141084,10671.209809314678,458214.0863902654
Herat,66.25,84181.13697334378,30038.40809273038,10926.541357440945,458889.0110764852
Herat,66.5,82700.52574506775,30571.959812067216,11182.690842908101,459579.92109995725
Herat,66.75,81212.52019436588,31096.372585612666,11439.346725996997,460286.85799402476
Herat,67.0,79718.4230151838,31610.644879639778,11696.186336517198,461009.84326865955
Herat,67.25,78219.56385113625,32113.779642701233,11952.875840398137,461748.8781657647
Herat,67.5,76717.29593587134,32604.787060619663,12209.07202811872,462503.94247539056
Herat,67.75,75212.98990779037,33082.69089114872,12464.422156887229,463274.994544174
Herat,68.0,73708.0305196825,33546.53080863887,12718.566045880321,464061.9701257986
Herat,68.25,72203.80988808259,33995.36900277188,12971.136101763803,464864.782507382
Herat,68.5,70701.72396166169,34428.29260192288,13221.75934301012,465683.32159340556
Herat,68.75,69203.16581413735,34844.4197526529,13470.057947292486,466517.4539859175
Herat,69.0,67709.52156883565,35242.90257846369,13715.650872022097,467367.0224806788
Herat,69.25,66222.16434310647,35622.93203964993,13958.155132894926,468231.8459843489
Herat,69.5,64742.449390940266,35983.74173047259,14197.186843596231,469111.71953499113
Herat,69.75,63271.709185552994,36324.61106216291,14432.363245611637,470006.41400667274
Herat,70.0,61811.24776556133,36644.86987265689,14663.303180712443,470915.6766810696
Herat,70.25,60362.337109512715,36943.89992268203,14889.629684176887,471839.23078362865
Herat,70.5,58926.21108601769,37221.13979826661,15110.970109805843,472776.7765059101
Herat,70.75,57504.06279608599,37476.08526353403,15326.958883336893,473727.99055704335
Herat,71.0,56097.038892303055,37708.29351706662,15537.237700272404,474692.52739035815
Herat,71.25,54706.237345189,37917.38322392756,15741.457876329257,475670.0190545544
Herat,71.5,53332.70290565995,38103.03718452823,15939.281082382508,476660.07632742956
Herat,71.75,51977.424801098074,38265.00272947077,16130.380846290047,477662.2891231413
Herat,72.0,50641.33390201505,38403.09224128441,16314.444049952344,478676.2273067484
Herat,72.25,49325.300123395464,38517.18413805313,16491.17144104961,479701.441797502
Herat,72.5,48030.13139872305,38607.22132610181,16660.279790718374,480737.46498445695
Herat,72.75,46756.57105266727,38673.212367299464,16821.50162589762,481783.81245413586
Herat,73.0,45505.29808519821,38715.22863750897,16974.58759150057,482839.98318579246
Herat,73.25,44276.92524675736,38733.40472438011,17119.305979509805,483905.461549353
Herat,73.5,43071.99977913411,38727.93549001158,17255.444540017037,484979.7176908375
Herat,73.75,41891.00295045502,38699.07472133069,17382.81051496318,486062.20931325137
Herat,74.0,40734.35060844889,38647.13294244207,17501.231299683874,487152.3826494254
Herat,74.25,39602.394407816224,38572.47410270561,17610.555319190888,488249.67367028754
Herat,74.5,38495.42216455916,38475.51406821419,17710.65146075666,489353.50980647025
Herat,74.75,37413.66027502581,38356.71610788041,17801.410548344524,490463.3105687495
Herat,75.0,36357.274484932896,38216.589166811886,17882.744118504692,491578.4897297508
Herat,75.25,35326.37253035233,38055.68350594856,17954.585626539712,492698.45583715965
Herat,75.5,34321.00605899809,37874.587684915095,18016.88957003394,493822.6141860531
Herat,75.75,33341.172779707755,37673.925361430716,18069.631529130478,494950.36782973126
Herat,76.0,32386.819589156486,37454.350824693836,18112.808271098955,496081.1188150509
Herat,76.25,31457.844455126535,37216.546650444165,18146.436474085946,497214.2699203436
Herat,76.5,30554.099902881804,36961.21890591702,18170.553467775124,498349.2252234263
Herat,76.75,29675.395464820143,36689.09441317368,18185.215538319746,499485.39208368666
Herat,77.0,28821.500534304574,36400.91711008443,18190.49808616836,500622.18176944286
Herat,77.25,27992.147750526292,36097.44412757967,18186.49477670875,501759.0108451855
Herat,77.5,27187.035285503258,35779.4434302686,18173.316325252916,502895.30245897546
Herat,77.75,26405.830330011642,35447.689611583395,18151.09065620837,504030.48690219683
Herat,78.0,25648.17177754851,35102.96146673504,18119.961005945817,505164.00324977085
Herat,78.25,24913.672839884057,34746.03905061074,18080.085769237496,506295.2998402679
Herat,78.5,24201.92433705935,34377.70037084992,18031.63745918033,507423.83533291065
Herat,78.75,23512.496845910464,33998.719618529954,17974.80127648284,508549.079759077
Herat,79.0,22844.943568115887,33609.86404496287,17909.775011564543,509670.5148753569
Herat,79.25,22198.802998464154,33211.89189373593,17836.76729471513,510787.63531308505
Herat,79.5,21573.60083697184,32805.55072000587,17755.996878360595,511899.949064662
Herat,79.75,20968.85263805265,32391.57486653548,17667.692041838694,513006.97795357346
Herat,80.0,20384.065968159455,31970.684154693798,17572.08888812121,514108.25848902576
Herat,80.25,19818.74205946127,31543.582406153444,17469.43094167168,515203.34209271386
Herat,80.5,19272.378084399603,31110.95567760222,17359.968158456715,516291.7955795417
Herat,80.75,18744.468850905785,30673.471451094196,17243.955561910243,517373.20163609
Herat,81.0,18234.50815484083,30231.777524605644,17121.65284650676,518447.158974047
Herat,81.25,17741.99060082319,29786.500905125904,16993.32332000599,519513.2826740451
Herat,81.5,17266.41299493036,29338.247345160074,16859.232799526482,520571.2043603833
Herat,81.75,16807.275301040223,28887.600719890095,16719.64917369942,521620.5723053705
Herat,82.0,16364.081956241527,28435.122409487765,16574.841482247564,522661.05165202334
Herat,82.25,15936.34315382148,27981.351112248914,16425.07894083499,523692.3242930948
Herat,82.5,15523.575388326284,27526.802682538226,16270.630579194363,524714.0888499414
Herat,82.75,15125.302240380595,27071.969867409458,16111.7644138214,525726.0609783888
Herat,83.0,14741.055474652896,26617.322453061915,15948.746623067063,526727.9729492184
Herat,83.25,14370.375526443526,26163.307292870846,15781.841282556587,527719.5733981292
Herat,83.5,14012.811862358629,25710.348461769372,15611.30977167242,528700.6274041997
Herat,83.75,13667.923333676372,25258.84753966438,15437.409875121684,529670.9167515377
Herat,84.0,13335.279003506013,24809.184070211602,15260.395537898235,530630.2388883843
Herat,84.25,13014.458309189036,24361.71564555161,15080.516808269787,531578.4067369897
Herat,84.5,12705.05109366012,23916.778447741974,14898.019109333205,532515.2488492648
Herat,84.75,12406.657751736366,23474.687885965257,14713.14243756317,533440.6094247354
Herat,85.0,12118.889645149868,23035.739103992717,14526.121626927456,534354.3471239301
Herat,85.25,11841.36915680449,22600.207198195767,14337.186272721148,535256.3348722787
Herat,85.5,11573.729484456535,22168.3480776665,14146.559848743327,536146.4600891338
Herat,85.75,11315.614690965911,21740.39914321935,13954.459535021666,537024.6241307933
Herat,86.0,11066.679833676535,21316.579745841536,13761.096561289098,537890.741359193
Herat,86.25,10826.59080959668,20897.091693748283,13566.675848212742,538744.7391484424
Herat,86.5,10595.024081654865,20482.12020225046,13371.395353120557,539586.5578629742
Herat,86.75,10371.666712169786,20071.83444994333,13175.446597386584,540416.1497405005
Herat,87.0,10156.216262774304,19666.38797324966,12979.014621865954,541233.4786421102
Herat,87.25,9948.380416553717,19265.919629551932,12782.277311930693,542038.5201419638
Herat,87.5,9747.876879126465,18870.55420827272,12585.405839102292,542831.2605734987
Herat,87.75,9554.433278757167,18480.402825810303,12388.564849539165,543611.6965458936
Herat,88.0,9367.786788064048,18095.56377796741,12191.911893327731,544379.835040641
Herat,88.25,9187.68391917013,17716.123201417995,11995.597747469612,545135.6926319425
Herat,88.5,9013.880408344652,17342.155455873315,11799.766765187234,545879.294870595
Herat,88.75,8846.140861420887,16973.72386907008,11604.556410091142,546610.6763594181
Herat,89.0,8684.238488430065,16610.881402383897,11410.097504539595,547329.8801046466
Herat,89.25,8527.954970459494,16253.67101093941,11216.514672679177,548036.956845922
Herat,89.5,8377.080132646275,15902.126297624758,11023.925961307134,548731.965108422
Herat,89.75,8231.411652490133,15556.272148821636,10832.443050444781,549414.9706482437
Herat,90.0,8090.754914056958,15216.125064166597,10642.171744544992,550086.0457772316
Herat,90.25,7954.922708187367,14881.693732942356,10453.211661403098,550745.2693974674
Herat,90.5,7823.734936126668,14552.979621148063,10265.656425479905,551392.7265172455
Herat,90.75,7697.018457893409,14229.977265448326,10079.594178459132,552028.5075981993
Herat,91.0,7574.606819182581,13912.674780839445,9895.107321700425,552652.7085782777
Herat,91.25,7456.339963033312,13601.054390970981,9712.27269983881,553265.4304461571
Herat,91.5,7342.064078155485,13295.092684080839,9531.162113289018,553866.7786244748
Herat,91.75,7231.631352459774,12994.76105764301,9351.842104333886,554456.8629855635
Herat,92.0,7124.899699746331,12700.026190699331,9174.37412980652,555035.797479748
Herat,92.25,7021.732611979335,12410.85026217147,8998.81506584918,555603.6995600002
Herat,92.5,6921.9989396146875,12127.191336294774,8825.217031597953,556160.6901924928
Herat,92.75,6825.572636735684,11849.003779977673,8653.627544499344,556706.8935387875
Herat,93.0,6732.332619519365,11576.238445577002,8484.090012729968,557242.4364221739
Herat,93.25,6642.162573469222,11308.84299992275,8316.64359346041,557767.4483331478
Herat,93.5,6554.950718312098,11046.762292222482,8151.323321716067,558282.0611677496
Herat,93.75,6470.589673489511,10789.938504348338,7988.160588852926,558786.4087333095
Herat,94.0,6388.976292096676,10538.311425824297,7827.183034786545,559280.6267472927
Herat,94.25,6310.011445710319,10291.818779030842,7668.4146407108055,559764.8526345483
Herat,94.5,6233.599896735364,10050.396340534919,7511.87619307183,560239.2250696581
Herat,94.75,6159.650158350974,9813.978164337072,7357.585211123516,560703.8839661886
Herat,95.0,6088.0742989243245,9582.496871399171,7205.555995092948,561158.9703345838
Herat,95.25,6018.787820491456,9355.883745777319,7055.800074167216,561604.6258595642
Herat,95.5,5951.709543333719,9134.068908630845,6908.326172232717,562040.9928758029
Herat,95.75,5886.761429440466,8916.981578537663,6763.140206549036,562468.214285473
Herat,96.0,5823.868466403802,8704.550146344134,6620.245715145577,562886.4331721066
Herat,96.25,5762.958574423991,8496.70230294487,6479.6438642076155,563295.7927584237
Herat,96.5,5703.962448019718,8293.365275473197,6341.333398930826,563696.4363775764
Herat,96.75,5646.8134454071715,8094.46588500934,6205.311039952506,564088.5071296311
Herat,97.0,5591.447514752533,7899.930632187465,6071.571534841784,564472.1478182185
Herat,97.25,5537.803052629484,7709.685911709553,5940.1075739764765,564847.5009616846
Herat,97.5,5485.820801429764,7523.658057262194,5810.910135638629,565214.7085056696
Herat,97.75,5435.443787034617,7341.77339374135,5683.9685854428135,565573.9117337813
Herat,98.0,5386.61719827606,7163.95842199124,5559.270577442815,565925.25130229
Herat,98.25,5339.288290766292,6990.139863848757,5436.802322546429,566268.8670228387
Herat,98.5,5293.406329207472,6820.244686873757,5316.548739002943,566604.897744916
Herat,98.75,5248.922492473888,6654.2002494599255,5198.493361404151,566933.4813966622
Herat,99.0,5205.789781943862,6491.93435967036,5082.618510976581,567254.7548474093
Herat,99.25,5163.962963654035,6333.375276703703,4968.905493455617,567568.8537661867
Herat,99.5,5123.398499472874,6178.451810501494,4857.334538897574,567875.9126511281
Herat,99.75,5084.054461184428,6027.093401708582,4747.884864305162,568176.0647728019
Herat,100.0,5045.890469374044,5879.230105637594,4640.534903666219,568469.4420213222
Herat,100.25,5008.867647204205,5734.792645929389,4535.262294933698,568756.1749119328
Herat,100.5,4972.9485420698,5593.712513158851,4432.043851596736,569036.3925931747
Herat,100.75,4938.097063100067,5455.921940433311,4330.855789856934,569310.2227066098
Herat,101.0,4904.278448834347,5321.353919311489,4231.673766896064,569577.7913649582
Herat,101.25,4871.459198621414,5189.942297023947,4134.472815388856,569839.2231889659
Herat,101.5,4839.607015784537,5061.621764147555,4039.2275052580358,570094.64121481
Herat,101.75,4808.690772703032,4936.327843126077,3945.9120409375037,570344.1668432335
Herat,102.0,4778.680463342542,4813.996954412116,3854.5002096470425,570587.9198725984
Herat,102.25,4749.547149319209,4694.566442185107,3764.965436739393,570826.0184717564
Herat,102.5,4721.262918069971,4577.9745387786,3677.2809321705827,571058.579110981
Herat,102.75,4693.80085563764,4464.160390212088,3591.4196805948854,571285.7165735555
Herat,103.0,4667.134996511384,4353.064116654335,3507.354407065841,571507.5439797686
Herat,103.25,4641.24028004115,4244.626768933638,3425.057724866858,571724.1727261585
Herat,103.5,4616.092529787681,4138.79032280116,3344.502171831234,571935.71247558
Herat,103.75,4591.6684135997075,4035.497733250358,3265.6601618323552,572142.2711913177
Herat,104.0,4567.945405204444,3934.692924588803,3188.504052780409,572343.9551174265
Herat,104.25,4544.9017544892995,3836.3207551953437,3113.006236945282,572540.8687533702
Herat,104.5,4522.516466344355,3740.327037511783,3039.1391250255347,572733.1148711185
Herat,104.75,4500.769264933466,3646.658575585391,2966.8751222396395,572920.7945372417
Herat,105.0,4479.640559497842,3555.2631140268827,2896.186736641137,573104.0070898343
Herat,105.25,4459.111430029023,3466.0893291161424,2827.046601218288,573282.8501396368
Herat,105.5,4439.163598628559,3379.08686558275,2759.4274359060164,573457.4195998829
Herat,105.75,4419.779401268543,3294.206323869514,2693.302086707582,573627.8096881545
Herat,106.0,4400.94176261871,3211.3992187869485,2628.643594420258,573794.1129241743
Herat,106.25,4382.634183871417,3130.6179862759327,2565.42518771912,573956.4201421337
Herat,106.5,4364.840715551307,3051.8160153676295,2503.620251493489,574114.8205175877
Herat,106.75,4347.545932230513,2974.947600591683,2443.202396679788,574269.4015704982
Herat,107.0,4330.734918407062,2899.9679222003488,2384.1454862564883,574420.2491731363
Herat,107.25,4314.3932518785605,2826.833063030917,2326.42361372138,574567.4475713694
Herat,107.5,4298.5069832304425,2755.5000157458576,2270.0110994165816,574711.0794016073
Herat,107.75,4283.062612212182,2685.9266306357017,2214.882549495374,574851.2257076569
Herat,108.0,4268.047080557796,2618.0716094356,2161.0128609397134,574987.965949067
Herat,108.25,4253.447753777417,2551.894526531717,2108.3771940232,575121.3780256679
Herat,108.5,4239.252403814305,2487.3558097423866,2056.9509923998944,575251.5382940436
Herat,108.75,4225.449190822424,2424.4166990695257,2006.7100190846324,575378.5215910235
Herat,109.0,4212.026657366765,2363.039246494656,1957.630353168791,575502.4012429699
Herat,109.25,4198.97371176014,2303.1863354543957,1909.688364054063,575623.2490887316
Herat,109.5,4186.279612297435,2244.8216445107796,1862.8607407543846,575741.1355024376
Herat,109.75,4173.933954290969,2187.909618537843,1817.1245102857433,575856.1294168856
Herat,110.0,4161.9266637880455,2132.4154708279657,1772.4570304275894,575968.2983349565
Herat,110.25,4150.247984039959,2078.3051976274173,1728.8359696865834,576077.7083486462
Herat,110.5,4138.888460378851,2025.5455339923706,1686.2393350059165,576184.424170623
Herat,110.75,4127.838931415779,1974.103934278893,1644.6454801464902,576288.5091541589
Herat,111.0,4117.090522247202,1923.9485747835954,1604.0330963941335,576390.0253065751
Herat,111.25,4106.634634050109,1875.0483630080562,1564.3811984451302,576489.0333044968
Herat,111.5,4096.46292953726,1827.372891753586,1525.6691457086638,576585.5925330005
Herat,111.75,4086.567326965259,1780.8924253383914,1487.876645863556,576679.7611018328
Herat,112.0,4076.9399935775473,1735.5779020100797,1450.9837449901936,576771.5958594222
Herat,112.25,4067.5733372790523,1691.4009389950443,1414.9708173685165,576861.1524063575
Herat,112.5,4058.4599933320696,1648.3337881085986,1379.8185799619678,576948.4851385974
Herat,112.75,4049.592819878667,1606.3493249376927,1345.5080936551415,577033.6472615286
Herat,113.0,4040.964892115256,1565.4210505431565,1312.0207538888726,577116.6908034529
Herat,113.25,4032.5694954689325,1525.5230941727496,1279.3382824405323,577197.6666279179
Herat,113.5,4024.4001136796383,1486.6301714503627,1247.4427361662156,577276.624478704
Herat,113.75,4016.4504251167364,1448.7175749077314,1216.3165069960396,577353.6129929796
Herat,114.0,4008.714297873817,1411.7611747473172,1185.9423136698172,577428.6797137092
Herat,114.25,4001.1857841185833,1375.737420755934,1156.3031943765038,577501.8711007491
Herat,114.5,3993.85910951766,1340.623303395896,1127.3825109808945,577573.2325761056
Herat,114.75,3986.7286699373763,1306.3963447043323,1099.1639481951777,577642.8085371633
Herat,115.0,3979.789027479205,1273.0345981481196,1071.6315066485072,577710.6423677243
Herat,115.25,3973.0349057666454,1240.5166505604138,1044.7694959331109,577776.77644774
Herat,115.5,3966.4611806529674,1208.8215863844712,1018.5625353867397,577841.252197576
Herat,115.75,3960.062877056104,1177.9289783028898,992.9955525438479,577904.1100920974
Herat,116.0,3953.835165871163,1147.8188864130902,968.0537775489091,577965.389670167
Herat,116.25,3947.7733599892726,1118.4718603440742,943.7227365198055,578025.129543147
Herat,116.5,3941.8729062500934,1089.8689069919733,919.9882498126788,578083.3674369454
Herat,116.75,3936.1293822614425,1061.9914804689895,896.8364297150084,578140.1402075548
Herat,117.0,3930.5384940857143,1034.8214809321387,874.2536760957846,578195.4838488866
Herat,117.25,3925.096072805627,1008.3412566052939,852.2266701108813,578249.4335004784
Herat,117.5,3919.7980676883835,982.5335753519294,830.7423707792567,578302.0234861807
Herat,117.75,3914.6405429231904,957.3816137460561,809.7880118511212,578353.2873314798
Herat,118.0,3909.6196759376985,932.8689558321067,789.3510985033734,578403.2577697271
Herat,118.25,3904.7317544037596,908.979594741356,769.4194014691976,578451.9667493859
Herat,118.5,3899.9731705084255,885.6979081849987,749.9809525823199,578499.4454687246
Herat,118.75,3895.3404176358667,863.0086467259665,731.0240408346286,578545.7243948039
Herat,119.0,3890.830089134447,840.896932566053,712.5372098509614,578590.8332684488
Herat,119.25,3886.438875751385,819.3482607036375,694.5092525920452,578634.8011109532
Herat,119.5,3882.1635608109327,798.3484779913194,676.9292062749694,578677.6562549231
Herat,119.75,3878.001016935657,777.8837709498584,659.7863477564813,578719.4263643583
Herat,120.0,3873.948205117163,757.9406646033528,643.0701915504908,578760.1384387292
Herat,120.25,3870.002172547698,738.5060231946072,626.770485160438,578799.8188190975
Herat,120.5,3866.160048531773,719.5670323022805,610.8772036836825,578838.4932154824
Herat,120.75,3862.419041332593,701.1111865965626,595.3805446952185,578876.1867273758
Herat,121.0,3858.7764374437807,683.1262887205962,580.2709266301028,578912.9238472057
Herat,121.25,3855.229599771036,665.6004496241284,565.5389847293312,578948.7284658756
Herat,121.5,3851.775964131362,648.5220731870461,551.1755655400738,578983.6238971417
Herat,121.75,3848.4130362912015,631.8798442935209,537.1717214938726,579017.6328979216
Herat,122.0,3845.138391372319,615.6627277555159,523.5187095314099,579050.777671341
Herat,122.25,3841.9496723320576,599.8599683441165,510.2079876069974,579083.079871717
Herat,122.5,3838.8445869289053,584.4610773914894,497.2312092105936,579114.5606264692
Herat,122.75,3835.820904998395,569.4558214932807,484.5802178355958,579145.2405556729
Herat,123.0,3832.8764579515687,554.834221475359,472.24704576715607,579175.1397748061
Herat,123.25,3830.009137504856,540.5865522012581,460.22391107647985,579204.2778992176
Herat,123.5,3827.2168930122543,526.7033306925848,448.5032122233382,579232.674064072
Herat,123.75,3824.497729006875,513.1753056881314,437.07752259466326,579260.3469427105
Herat,124.0,3821.8497047664946,499.9934566594675,425.9395894082406,579287.314749166
Herat,124.25,3819.270933250008,487.14899346072525,415.0823311284431,579313.5952421611
Herat,124.5,3816.7595787154146,474.63334559266804,404.49883216267284,579339.2057435295
Herat,124.75,3814.3138545405272,462.43815277002875,394.18233762859484,579364.1631550611
Herat,125.0,3811.9320228392658,450.5552639914795,384.12625234364646,579388.4839608258
Herat,125.25,3809.6123935684955,438.97673708145544,374.3241386004694,579412.1842307497
Herat,125.5,3807.353322367675,427.6948288088852,364.7697109455173,579435.2796378781
Herat,125.75,3805.1532086615935,416.70198654992765,355.45683130502465,579457.7854734836
Herat,126.0,3803.0104953156833,405.9908474132073,346.37950803992385,579479.7166492314
Herat,126.25,3800.9236678834536,395.55423770680244,337.5318940273498,579501.0877003827
Herat,126.5,3798.891252618244,385.38516370059943,328.9082815003064,579521.9128021811
Herat,126.75,3796.911814853242,375.4768044209644,320.5030976337285,579542.2057830923
Herat,127.0,3794.9839586860476,365.82251082478854,312.31090364712816,579561.9801268423
Herat,127.25,3793.10632634237,356.41580521043045,304.3263931459695,579581.2489753015
Herat,127.5,3791.277596322963,347.2503724796189,296.5443870031632,579600.0251441945
Herat,127.75,3789.4964820507053,338.3200540613669,288.95982947850365,579618.3211344098
Herat,128.0,3787.761731575314,329.61884712054484,281.56778735051245,579636.149133954
Herat,128.25,3786.0721270334348,321.1409039205396,274.3634484777039,579653.5210205687
Herat,128.5,3784.426482904635,312.8805234960199,267.34211671153435,579670.4483768882
Herat,128.75,3782.823644911213,304.832146672592,260.4992085957372,579686.9424998207
Herat,129.0,3781.2624897341984,296.9903552889905,253.83025250662675,579703.0144024706
Herat,129.25,3779.7419245536703,289.34987151205445,247.33088739968096,579718.674816535
Herat,129.5,3778.2608853966176,281.9055498757345,240.9968577557656,579733.9342069722
Herat,129.75,3776.818336271929,274.6523733382488,234.8240108817354,579748.8027795084
Herat,130.0,3775.413268889179,267.58545249286095,228.80829603671305,579763.2904825816
Herat,130.25,3774.0447022660096,260.7000248319003,222.9457633340867,579777.4070095684
Herat,130.5,3772.711681157956,253.99144714131617,217.23255873598063,579791.1618129651
Herat,130.75,3771.4132754063357,247.45519250846132,211.6649219462135,579804.5641101394
Herat,131.0,3770.148579662366,241.08684953690943,206.23918553390422,579817.6228852671
Herat,131.25,3768.9167130303026,234.88212147199303,200.95177389708346,579830.346891601
Herat,131.5,3767.7168175956335,228.83681904801395,195.79919840065287,579842.744664956
Herat,131.75,3766.5480579502846,222.9468582984694,190.778055794137,579854.8245279575
Herat,132.0,3765.4096209318773,217.20825981680701,185.88502736861946,579866.5945918831
Herat,132.25,3764.300715265299,211.61714762448005,181.11687785995218,579878.0627592506
Herat,132.5,3763.22057021793,206.16974261662116,176.47045086736247,579889.2367362985
Herat,132.75,3762.1684352617854,200.8623610015631,171.9426676963112,579900.1240360407
Herat,133.0,3761.1435798354332,195.6914136373539,167.53052657828496,579910.7319799494
Herat,133.25,3760.1452929577067,190.6534045653291,163.2311014222022,579921.0677010552
Herat,133.5,3759.17288203207,185.7449251691146,159.0415376304043,579931.1381551689
Herat,133.75,3758.2256726098826,180.96265308574885,154.95905126815904,579940.9501230367
Herat,134.0,3757.3030081784655,176.30335162876017,150.98092836230015,579950.510211831
Herat,134.25,3756.404249731941,171.76386795640957,147.10452344547517,579959.8248588666
Herat,134.5,3755.5287747384837,167.3411280179103,143.32725585642612,579968.9003413877
Herat,134.75,3754.6759769743,163.0321357995949,139.64660914554503,579977.742778081
Herat,135.0,3753.8452663378016,158.83397282873318,136.06013045530185,579986.3581303786
Herat,135.25,3753.036068372779,154.74379598900597,132.5654288380223,579994.7522068006
Herat,135.5,3752.247823403578,150.75883328418502,129.1601720934363,580002.9306712192
Herat,135.75,3751.479986414976,146.8763833060549,125.84208633141796,580010.899043948
Herat,136.0,3750.732026889791,143.09381480111256,122.60895542668288,580018.6627028829
Herat,136.25,3750.0034282879346,139.40856418158137,119.45861912250703,580026.2268884084
Herat,136.5,3749.293687346572,135.81813209606426,116.38897042500595,580033.5967101328
Herat,136.75,3748.602313986313,132.32008302867288,113.39795525744611,580040.777147728
Herat,137.0,3747.92883116812,128.9120449044248,110.48357197513533,580047.7730519527
Herat,137.25,3747.2727743377454,125.59170636929262,107.64386929196415,580054.5891500014
Herat,137.5,3746.6336908813682,122.35681412327881,104.87694422116166,580061.2300507746
Herat,137.75,3746.0111400431074,119.20517258062861,102.18094176858334,580067.7002456081
Herat,138.0,3745.4046927967925,116.13464348934339,99.554054491622,580074.0041092227
Herat,138.25,3744.8139312687777,113.14314306726325,96.99452030112458,580080.1459053633
Herat,138.5,3744.238448334727,110.22864002769126,94.5006209146412,580086.1297907233
Herat,138.75,3743.6778475372507,107.38915524765348,92.07068154768895,580091.9598156678
Herat,139.0,3743.1317429688847,104.62276138197585,89.70307050278964,580097.6399251467
Herat,139.25,3742.599758687367,101.9275799445295,87.39619690586296,580103.1739644626
Herat,139.5,3742.0815284355995,99.30177993732356,85.14850961852878,580108.565682009
Herat,139.75,3741.5766955547338,96.74357750380148,82.95849690985851,580113.8187300321
Herat,140.0,3741.0849128691534,94.25123549403753,80.82468603970456,580118.9366655975
Herat,140.25,3740.6058421145685,91.82306060573536,78.74564101476155,580123.9229562654
Herat,140.5,3740.1391537565437,89.45740249578591,76.71996187573593,580128.7809818723
Herat,140.75,3739.6845269064524,87.15265345094326,74.74628437867189,580133.5140352643
Herat,141.0,3739.241649183062,84.90724778864177,72.82327947250916,580138.1253235561
Herat,141.25,3738.810216189693,82.71965924110006,70.94965122413424,580142.6179733454
Herat,141.5,3738.3899313988886,80.58840039227744,69.12413636088355,580146.9950318484
Herat,141.75,3737.9805060766535,78.51202238797805,67.34550398295363,580151.2594675529
Herat,142.0,3737.58165910841,76.48911412151037,65.61255488556698,580155.414171885
Herat,142.25,3737.1931165472092,74.51829997231825,63.924119748216015,580159.4619637327
Herat,142.5,3736.814611539788,72.59823944806371,62.27905883900226,580163.4055901736
Herat,142.75,3736.445884260189,70.72762693545494,60.676261762531745,580167.2477270422
Herat,143.0,3736.0866816988373,68.9051906736328,59.11464662082601,580170.9909810071
Herat,143.25,3735.736757291114,67.12969089499957,57.593158511749806,580174.6378933026
Herat,143.5,3735.395870867103,65.39991958605555,56.11076932695104,580178.1909402203
Herat,143.75,3735.0637885931196,63.71470026834266,54.66647752926652,580181.6525336097
Herat,144.0,3734.740282729556,62.0728867958412,53.25930717491421,580185.0250233001
Herat,144.25,3734.425131340173,60.47336190033858,51.8883067293056,580188.3107000305
Herat,144.5,3734.118118253161,58.91503701041028,50.5525489099907,580191.5117958268
Herat,144.75,3733.819033008151,57.39685204786352,49.25113048351987,580194.6304844609
Herat,145.0,3733.52767059206,55.91777410239846,47.98317118693723,580197.668884119
Herat,145.25,3733.243831223609,54.47679635407654,46.74781284418077,580200.6290595785
Herat,145.5,3732.967320317228,53.0729379087346,45.544219220128916,580203.5130225543
Herat,145.75,3732.6979484333106,51.7052435970547,44.37157582752722,580206.3227321425
Herat,146.0,3732.435531002349,50.37278258407638,43.22908879102121,580209.0600976229
Herat,146.25,3732.1798881757063,49.07464762344161,42.11598423163813,580211.7269799697
Herat,146.5,3731.930844787344,47.80995488433594,41.031508111524644,580214.3251922172
Herat,146.75,3731.6882303046173,46.57784373887127,39.97492603954596,580216.8564999175
Herat,147.0,3731.4518785516575,45.3774753662326,38.94552212458925,580219.322623958
Herat,147.25,3731.2216276141357,44.20803227681402,37.942598580588424,580221.7252415289
Herat,147.5,3730.997319801601,43.0687181437278,36.96547557355965,580224.0659864816
Herat,147.75,3730.7788015858246,41.9587575152334,36.01349097184752,580226.3464499275
Herat,148.0,3730.5659233441465,40.87739451913375,35.08599927625379,580228.568182861
Herat,148.25,3730.3585393004923,39.82389256848033,34.1823713742649,580230.7326967573
Herat,148.5,3730.1565074913938,38.79753421159946,33.30199440204967,580232.8414638955
Herat,148.75,3729.959689684595,37.79762073552402,32.444271408776544,580234.8959181716
Herat,149.0,3729.7679511562947,36.82347104129193,31.608620423557877,580236.8974573794
Herat,149.25,3729.5811606542493,35.87442146064739,30.79447430112815,580238.8474435846
Herat,149.5,3729.3991903681444,34.949825626754404,30.001280601573107,580240.7472034041
Herat,149.75,3729.221915828011,34.04905396868108,29.22850116658549,580242.5980290374
Herat,150.0,3729.0492157211047,33.171492786869884,28.475611349219474,580244.4011801434
Herat,150.25,3728.8809718673747,32.316544132309744,27.742099911017945,580246.1578840899
Herat,150.5,3728.7170691933957,31.48362569302376,27.027468916110365,580247.8693361981
Herat,150.75,3728.55739561404,30.6721701990781,26.33123323383849,580249.5367009536
Herat,151.0,3728.4018418893465,29.88162470010296,25.652919934489216,580251.1611134766
Herat,151.25,3728.2503016058167,29.11145047429188,24.992068210779582,580252.7436797097
Herat,151.5,3728.1026711526524,28.36112292360766,24.348229280921643,580254.2854766434
Herat,151.75,3727.9588495919106,27.630130917532508,23.72096583982925,580255.7875536514
Herat,152.0,3727.8187385524247,26.91797625780993,23.109851609831736,580257.2509335806
Herat,152.25,3727.6822422126456,26.224173595765752,22.514471268559024,580258.6766129236
Herat,152.5,3727.549267278069,25.54825033020188,21.93442035620652,580260.065562036
Herat,152.75,3727.4197228454295,24.88974591947546,21.369304699149577,580261.4187265364
Herat,153.0,3727.2935203289653,24.248211509528513,20.81874009671986,580262.7370280653
Herat,153.25,3727.1705734423126,23.623209847032214,20.282352245017933,580264.0213644662
Herat,153.5,3727.0507981759565,23.01431517389503,19.759776643353682,580265.2726100073
Herat,153.75,3726.9341126609947,22.421112536761157,19.25065801412684,580266.4916167887
Herat,154.0,3726.8204371215743,21.84319754710903,18.75465010025899,580267.6792152316
Herat,154.25,3726.7096938570785,21.280176296168975,18.271415590152827,580268.8362142572
Herat,154.5,3726.6018072137836,20.731665217177195,17.8006259985572,580269.963401571
Herat,154.75,3726.4967034578954,20.197290441725034,17.341961124431503,580271.0615449765
Herat,155.0,3726.394310745642,19.676687649021883,16.89510892329829,580272.1313926826
Herat,155.25,3726.294559107188,19.169501989516725,16.45976543946122,580273.1736734643
Herat,155.5,3726.19738040928,18.675387899221267,16.035634647496142,580274.1890970445
Herat,155.75,3726.1027082439773,18.19400853558958,15.622427976024547,580275.1783552449
Herat,156.0,3726.010477909664,17.72503568195359,15.219864226495423,580276.1421221825
Herat,156.25,3725.9206263970495,17.268149681437762,14.827669514227543,580277.0810544079
Herat,156.5,3725.8330923426947,16.8230392033562,14.445577070017167,580277.9957913845
Herat,156.75,3725.747815935982,16.389400771571026,14.073326841161045,580278.8869564519
Herat,157.0,3725.664738906478,15.966938701083734,13.710665437311803,580279.7551569557
Herat,157.25,3725.5838045117407,15.555365040615248,13.357346079127904,580280.600984369
Herat,157.5,3725.504957483301,15.15439929956037,13.013128366761833,580281.4250148509
Herat,157.75,3725.4281439519486,14.763768069209696,12.677777958835824,580282.2278100206
Herat,158.0,3725.353311438416,14.383204976260265,12.351066532520528,580283.0099170533
Herat,158.25,3725.280408842502,14.012450631391983,12.032771737631787,580283.771868789
Herat,158.5,3725.2093863837995,13.651252328827532,11.722676941900868,580284.514184346
Herat,158.75,3725.140195543915,13.299363753435081,11.420570982310236,580285.2373697208
Herat,159.0,3725.072789058543,12.956544941340548,11.126248131095492,580285.9419178695
Herat,159.25,3725.007120907426,12.62256223205946,10.839508053267355,580286.6283088077
Herat,159.5,3724.9431462522275,12.297187953123366,10.560155539028056,580287.2970102561
Herat,159.75,3724.8808213935754,11.980200202352155,10.288000318640105,580287.9484780859
Herat,160.0,3724.820103763318,11.67138280946272,10.022857029181184,580288.5831563986
Herat,160.25,3724.760951915012,11.370525290157392,9.764545174142087,580289.2014776212
Herat,160.5,3724.703325461065,11.077422526858582,9.51288885224406,580289.8038631603
Herat,160.75,3724.6471850422035,10.791874613948977,9.267716625673133,580290.3907237188
Herat,161.0,3724.592492319397,10.513686817761558,9.028861485380993,580290.9624593781
Herat,161.25,3724.5392099643586,10.24266953007193,8.796160810555657,580291.5194596956
Herat,161.5,3724.487301598042,9.978637955644572,8.5694561028951,580292.062104344
Herat,161.75,3724.436731769836,9.721412006784453,8.34859289672495,580292.5907633272
Herat,162.0,3724.387465949719,9.470816264494823,8.13342072525879,580293.1057970611
Herat,162.25,3724.3394705170344,9.226679922667856,7.923793072430406,580293.6075564885
Herat,162.5,3724.2927127033245,8.98883649766192,7.719567125630117,580294.096383674
Herat,162.75,3724.2471605781743,8.757123756540912,7.520603714469133,580294.5726119514
Herat,163.0,3724.202783042057,8.531383681698522,7.326767279998287,580295.0365659968
Herat,163.25,3724.1595498126776,8.311462402309449,7.137925815873894,580295.4885619697
Herat,163.5,3724.1174313737706,8.097209934169573,6.953950646642573,580295.928908046
Herat,163.75,3724.076398965329,7.888480130183258,6.774716385441294,580296.3579045195
Herat,164.0,3724.036424577288,7.68513064916495,6.600100906810435,580296.7758438672
Herat,164.25,3723.997480933546,7.487022875196735,6.42998527766224,580297.1830109141
Herat,164.5,3723.9595414472174,7.294021690252042,6.2642535633351795,580297.5796832996
Herat,164.75,3723.9225802137153,7.105995439154468,6.10279279762036,580297.96613155
Herat,165.0,3723.8865720052436,6.922815902394971,5.945492959049749,580298.3426191338
Herat,165.25,3723.85149225301,6.7443582060884655,5.79224689390293,580298.7094026475
Herat,165.5,3723.8173170087452,6.570500626425657,5.642950149279595,580299.066732216
Herat,165.75,3723.784022939615,6.4011245639166425,5.497500951039791,580299.4148515458
Herat,166.0,3723.7515873234242,6.236114519723966,5.355800183150282,580299.7539979741
Herat,166.25,3723.7199880296916,6.075357999673594,5.217751305636346,580300.0844026654
Herat,166.5,3723.6892034868615,5.918745347641098,5.083260212254681,580300.4062909536
Herat,166.75,3723.659212678381,5.766169725702345,4.952235213471995,580300.7198823829
Herat,167.0,3723.6299951385113,5.617527093430019,4.824587018400268,580301.0253907501
Herat,167.25,3723.6015309329287,5.472716109426709,4.700228650628174,580301.3230243075
Herat,167.5,3723.5738006308857,5.331637989833374,4.579075327279671,580301.6129860524
Herat,167.75,3723.546785302031,5.1941964922560215,4.46104444521602,580301.8954737609
Herat,168.0,3723.520466512729,5.060297897546845,4.346055565148571,580302.170680025
Herat,168.25,3723.4948263067963,4.929850911953877,4.234030327979001,580302.4387924536
Herat,168.5,3723.4698471818024,4.802766546667115,4.124892351784132,580302.6999939202
Herat,168.75,3723.4455120863818,4.678958104233533,4.018567220144842,580302.9544625897
Herat,169.0,3723.4218044169843,4.558341162450612,3.9149824681131653,580303.2023719529
Herat,169.25,3723.39870799925,4.440833479704182,3.8140675012534735,580303.4438910203
Herat,169.5,3723.3762070676667,4.326354891578104,3.715753507178529,580303.679184534
Herat,169.75,3723.3542862632294,4.214827299024969,3.6199734453817647,580303.9084129928
Herat,170.0,3723.3329306305677,4.10617465409155,3.5266620348125355,580304.131732681
Herat,170.25,3723.3121256003515,4.000322870486091,3.4357556773635607,580304.3492958522
Herat,170.5,3723.291856971588,3.8971997335943835,3.3471923808462014,580304.5612509145
Herat,170.75,3723.272110909556,3.7967348900208466,3.260911749998669,580304.7677424509
Herat,171.0,3723.252873943258,3.6988598349235113,3.17685497547272,580304.9689112469
Herat,171.25,3723.234132949169,3.6035078293897476,3.094964763121354,580305.1648944588
Herat,171.5,3723.215875135539,3.5106138206126847,3.015185265646905,580305.3558257787
Herat,171.75,3723.198088040552,3.4201144326135893,2.9374620746248055,580305.5418354527
Herat,172.0,3723.1807595300743,3.3319479549855546,2.8617422107240236,580305.7230503047
Herat,172.25,3723.163877782979,3.246054268293443,2.7879740598404346,580305.8995938894
Herat,172.5,3723.147431276895,3.1623747716055326,2.716107311024166,580306.0715866409
Herat,172.75,3723.1314087865853,3.080852374292189,2.6460929494298178,580306.2391458901
Herat,173.0,3723.1157993819334,3.001431485967119,2.5778832475850404,580306.4023858849
Herat,173.25,3723.100592415037,2.92405795086423,2.5114317091907807,580306.5614179253
Herat,173.5,3723.085777506941,2.848678980361888,2.44669301130995,580306.7163505018
Herat,173.75,3723.0713445462056,2.775243145750939,2.38362299815269,580306.8672893102
Herat,174.0,3723.0572836870892,2.7037003691278083,2.3221786731789487,580307.014337271
Herat,174.25,3723.043585338558,2.6340018675171595,2.262318151229613,580307.1575946431
Herat,174.5,3723.0302401516224,2.566100088471491,2.204000603337714,580307.2971591569
Herat,174.75,3723.0172390180683,2.499948703628637,2.147186251194308,580307.4331260275
Herat,175.0,3723.004573068769,2.4355026002638644,2.091836359831517,580307.5655879715
Herat,175.25,3722.992233664737,2.3727178357791434,2.037913198621521,580307.6946353012
Herat,175.5,3722.9802123847808,2.311551574939056,1.9853799874797335,580307.8203560532
Herat,175.75,3722.968501024331,2.2519620838967818,1.9342008917354494,580307.9428360004
Herat,176.0,3722.957091593823,2.1939087220758418,1.8843410151112971,580308.0621586693
Herat,176.25,3722.945976311868,2.1373519074576786,1.8357663699646891,580308.1784054111
Herat,176.5,3722.9351475930675,2.082253054591268,1.7884438241453757,580308.2916555286
Herat,176.75,3722.9245980468218,2.0285745685426937,1.7423410958027277,580308.4019862892
Herat,177.0,3722.914320475722,1.9762798368013559,1.697426746398735,580308.5094729414
Herat,177.25,3722.904307870861,1.9253332054345202,1.6536701602549664,580308.6141887638
Herat,177.5,3722.8945533997817,1.8756999177976676,1.611041492003264,580308.7162051908
Herat,177.75,3722.885050405097,1.8273461075145097,1.5695116605626303,580308.8155918272
Herat,178.0,3722.87579240287,1.7802387902897292,1.5290523420836555,580308.9124164651
Herat,178.25,3722.8667730799193,1.734345850234961,1.4896359582084617,580309.006745112
Herat,178.5,3722.8579862821302,1.6896359803998064,1.451235625075948,580309.0986421128
Herat,178.75,3722.8494260125967,1.6460786733323998,1.413825145223554,580309.1881701692
Herat,179.0,3722.841086430071,1.6036442132238538,1.3773790008267779,580309.2753903562
Herat,179.25,3722.832961847829,1.5623036701662616,1.3418723487550492,580309.3603621336
Herat,179.5,3722.8250467229304,1.5220288455230047,1.307280973721599,580309.4431434582
Herat,179.75,3722.8173356534257,1.4827922577157686,1.2735812760895102,580309.5237908132
Herat,180.0,3722.8098233771884,1.4445671363105708,1.2407502667861423,580309.60235922
Herat,180.25,3722.802504771342,1.4073274191364455,1.208765564807933,580309.678902245
Herat,180.5,3722.7953748436503,1.3710477084849062,1.1776053596544716,580309.7534720885
Herat,180.75,3722.7884287281745,1.3357032490079284,1.147248392364994,580309.8261196308
Herat,181.0,3722.7816616845957,1.3012699242997243,1.1176739525804462,580309.8968944388
Herat,181.25,3722.7750690975604,1.2677242535840043,1.0888618756782285,580309.9658447735
Herat,181.5,3722.7686464709614,1.235043362633358,1.0607925178277444,580310.0330176488
Herat,181.75,3722.7623894218586,1.2032049528324906,1.0334467294459457,580310.0984588962
Herat,182.0,3722.756293680042,1.1721872989562878,1.0068058532889976,580310.162213168
Herat,182.25,3722.750355087117,1.1419692445648362,0.9808517204829652,580310.2243239481
Herat,182.5,3722.7445695937427,1.112530187930168,0.9555666384474761,580310.2848335801
Herat,182.75,3722.7389332522707,1.0838500446049721,0.9309333587781249,580310.3437833446
Herat,183.0,3722.733442216048,1.0559092438723168,0.9069350741990793,580310.4012134662
Herat,183.25,3722.7280927383285,1.028688723220653,0.8835554138111031,580310.4571631249
Herat,183.5,3722.72288117175,1.0021699257059122,0.8607784408203274,580310.511670462
Herat,183.75,3722.717803961024,0.9763347627468922,0.8385886206143952,580310.564772656
Herat,184.0,3722.71285764109,0.9511656047418843,0.8169708127086608,580310.6165059417
Herat,184.25,3722.708038836478,0.9266452778326248,0.7959102679650383,580310.6669056179
Herat,184.5,3722.703344261025,0.9027570624773997,0.7753926273553551,580310.7160060494
Herat,184.75,3722.6987707131248,0.8794846692833059,0.7554039012239215,580310.7638407166
Herat,185.0,3722.694315071692,0.8568122184723812,0.7359304516631967,580310.8104422584
Herat,185.25,3722.6899742959226,0.8347242386609531,0.716958991465331,580310.8558424741
Herat,185.5,3722.6857454245805,0.813205663253833,0.6984765810176334,580310.9000723313
Herat,185.75,3722.681625574461,0.7922418226202971,0.6804706215866232,580310.9431619815
Herat,186.0,3722.6776119346555,0.7718184149193237,0.6629288302777724,580310.9851408204
Herat,186.25,3722.6737017659393,0.7519215029801618,0.6458392373574992,580311.026037494
Herat,186.5,3722.669892400031,0.7325375105494204,0.6291901830276819,580311.0658799066
Herat,186.75,3722.66618123962,0.7136532224316747,0.612970317539933,580311.1046952206
Herat,187.0,3722.6625657535724,0.6952557600988378,0.5971685802622002,580311.1425099063
Herat,187.25,3722.659043474516,0.6773325694029584,0.5817741891306387,580311.1793497672
Herat,187.5,3722.655611998634,0.6598714195398703,0.5667766397593527,580311.2152399423
Herat,187.75,3722.652268985156,0.642860400437347,0.5521657031916081,580311.2502049115
Herat,188.0,3722.6490121549637,0.6262879157028167,0.5379314198463149,580311.2842685097
Herat,188.25,3722.6458392859804,0.6101426591338428,0.5240640793540153,580311.3174539758
Herat,188.5,3722.642748212757,0.5944136126284271,0.5105542187626748,580311.3497839561
Herat,188.75,3722.639736825911,0.5790900433264857,0.497392620081316,580311.3812805109
Herat,189.0,3722.6368030722015,0.5641615040012941,0.4845703106113778,580311.4119651135
Herat,189.25,3722.633944950959,0.5496178148929677,0.4720785473531516,580311.4418586871
Herat,189.5,3722.6311605117307,0.535449051726295,0.45990880671841516,580311.47098163
Herat,189.75,3722.628447854199,0.5216455453019853,0.44805278417935235,580311.4993538165
Herat,190.0,3722.6258051275904,0.508197878482871,0.4365023916772064,580311.5269946024
Herat,190.25,3722.6232305304425,0.49509688502550037,0.42524975661829784,580311.5539228282
Herat,190.5,3722.62072230647,0.48233362853000933,0.41428720380241574,580311.5801568615
Herat,190.75,3722.6182787438283,0.4698993987098432,0.40360725221984284,580311.6057146054
Herat,191.0,3722.615898174881,0.45778571019132813,0.39320261402011103,580311.6306135012
Herat,191.25,3722.6135789759724,0.4459843013802125,0.38306619353505966,580311.6548705293
Herat,191.5,3722.61131956608,0.43448712759046004,0.37319108138034884,580311.6785022252
Herat,191.75,3722.6091184036172,0.42328634478342303,0.3635705404940199,580311.7015247113
Herat,192.0,3722.60697398626,0.41237430867942765,0.35419800537359236,580311.7239536999
Herat,192.25,3722.6048848505675,0.4017435728421702,0.34506708043025985,580311.7458044963
Herat,192.5,3722.6028495720775,0.3913868891504333,0.3361715403911432,580311.7670919986
Herat,192.75,3722.6008667631268,0.3812971967205781,0.3275053207892465,580311.7878307196
Herat,193.0,3722.598935070689,0.3714676109016471,0.3190625085139603,580311.8080348101
Herat,193.25,3722.597053176353,0.36189142315871764,0.3108373417108863,580311.8277180591
Herat,193.5,3722.595219795858,0.3525620987213412,0.3028242077613853,580311.846893898
Herat,193.75,3722.593433679391,0.34347327808613143,0.29501764457107127,580311.8655753982
Herat,194.0,3722.5916936090375,0.3346187640574431,0.28741232944322914,580311.8837752978
Herat,194.25,3722.5899983973336,0.32599251437110344,0.2800030727447382,580311.9015060158
Herat,194.5,3722.588346887263,0.3175886416819488,0.2727848178953679,580311.9187796534
Herat,194.75,3722.586737951791,0.3094014111929832,0.2657526393307525,580311.9356079979
Herat,195.0,3722.5851704942306,0.3014252425279493,0.25890174410923716,580311.9520025194
Herat,195.25,3722.5836434457424,0.29365469699436747,0.25222746097554555,580311.9679743965
Herat,195.5,3722.58215576421,0.2860844718745819,0.24572523545826305,580311.9835345288
Herat,195.75,3722.5807064342403,0.27870940042216136,0.2393906298667457,580311.9986935358
Herat,196.0,3722.5792944667414,0.2715244497203533,0.2332193214512002,580312.0134617623
Herat,196.25,3722.5779188993006,0.2645247225905324,0.22720710404055,580312.0278492743
Herat,196.5,3722.576578794004,0.25770544652348737,0.221349878538205,580312.0418658812
Herat,196.75,3722.5752732363353,0.25106196804757847,0.2156436480856362,580312.0555211478
Herat,197.0,3722.574001335171,0.24458975272873767,0.2100845180623758,580312.0688243944
Herat,197.25,3722.5727622224654,0.23828438355481033,0.20466869469802154,580312.0817846996
Herat,197.5,3722.571555053507,0.23214156224499805,0.19939248619566877,580312.0944108984
Herat,197.75,3722.5703790053776,0.2261571014057106,0.19425229599647686,580312.1067115975
Herat,198.0,3722.5692332755893,0.22032691760057388,0.1892446168283409,580312.1186951903
Herat,198.25,3722.568117082079,0.21464703132264992,0.18436603068203236,580312.1303698563
Herat,198.5,3722.5670296630283,0.20911356606950368,0.17961320801666872,580312.1417435632
Herat,198.75,3722.5659702768753,0.20372274841469876,0.1749829078200578,580312.1528240672
Herat,199.0,3722.5649382016654,0.1984709046985178,0.1704719747673181,580312.1636189192
Herat,199.25,3722.5639327332965,0.19335445210175461,0.1660773315552207,580312.1741354833
Herat,199.5,3722.5629531854484,0.18836989828256767,0.161795978590301,580312.184380938
Herat,199.75,3722.561998889532,0.18351384112379995,0.15762499377182193,580312.1943622759
Herat,200.0,3722.561069194413,0.17878296732246868,0.153561531279661,580312.2040863073
Herat,200.25,3722.5601634666546,0.17417405362509766,0.14960282263526078,580312.2135596573
Herat,200.5,3722.5592810885933,0.1696839570441777,0.1457461682997742,580312.2227887864
Herat,200.75,3722.5584214579985,0.1653096131159134,0.14198893617775318,580312.231779993
Herat,201.0,3722.5575839880717,0.1610480359002232,0.13832856161714868,580312.2405394147
Herat,201.25,3722.5567681072066,0.15689631676571078,0.13476254636556073,580312.24907303
Herat,201.5,3722.5559732592383,0.15285162564387694,0.1312884596468102,580312.2573866558
Herat,201.75,3722.55519890248,0.14891120614647624,0.127903933968107,580312.2654859577
Herat,202.0,3722.554444508603,0.14507236985266891,0.12460666021368304,580312.2733764617
Herat,202.25,3722.553709562628,0.1413324962663859,0.12139438760817342,580312.2810635539
Herat,202.5,3722.5529935628924,0.13768903265762783,0.11826492358030295,580312.2885524812
Herat,202.75,3722.552296020792,0.13413949273772513,0.11521613262468203,580312.2958483541
Herat,203.0,3722.5516164611417,0.13068145850515797,0.1122459378870603,580312.3029561428
Herat,203.25,3722.550954420613,0.12731257228527726,0.10935231432797714,580312.3098806931
Herat,203.5,3722.550309447383,0.12403053495286098,0.10653328719618632,580312.3166267308
Herat,203.75,3722.549681101136,0.12083310593211408,0.10378693202865613,580312.3231988612
Herat,204.0,3722.5490689529647,0.11771810270690339,0.10111137422987775,580312.3296015704
Herat,204.25,3722.5484725853194,0.11468340054139083,0.09850478883149036,580312.3358392256
Herat,204.5,3722.5478915919853,0.11172693238814738,0.0959654004135888,580312.3419160756
Herat,204.75,3722.5473255767365,0.10884668202325527,0.09349147720887101,580312.3478362643
Herat,205.0,3722.5467741532284,0.10604068350079389,0.09108133063410566,580312.353603833
Herat,205.25,3722.5462369449956,0.10330702115283967,0.0887333152901322,580312.3592227189
Herat,205.5,3722.5457135853294,0.10064382894887372,0.08644582841160699,580312.3646967576
Herat,205.75,3722.545203717339,0.09804929082267905,0.08421731014741927,580312.370029682
Herat,206.0,3722.5447069937472,0.09552163962601444,0.08204624266228394,580312.3752251243
Herat,206.25,3722.5442230757753,0.0930591514559507,0.07993114526472161,580312.3802866278
Herat,206.5,3722.5437516330962,0.09066014541071993,0.07787057419735861,580312.3852176477
Herat,206.75,3722.543292343832,0.0883229835897155,0.07586312263692704,580312.3900215502
Herat,207.0,3722.5428448944494,0.08604607054692613,0.07390742022478208,580312.3947016151
Herat,207.25,3722.542408979798,0.08382785349631951,0.07200213324302515,580312.3992610339
Herat,207.5,3722.5419843030227,0.08166682186557679,0.07014596423141009,580312.4037029112
Herat,207.75,3722.5415705745204,0.07956150197923229,0.0683376474208593,580312.4080302764
Herat,208.0,3722.5411675118844,0.07751045678084532,0.06657594849483714,580312.4122460831
Herat,208.25,3722.5407748399034,0.07551228583300026,0.06485966458934997,580312.41635321
Herat,208.5,3722.540392290511,0.07356562505143885,0.06318762406457958,580312.4203544607
Herat,208.75,3722.540019602683,0.07166914618529024,0.061558686058248505,580312.4242525655
Herat,209.0,3722.5396565226793,0.06982155805571452,0.059971741549559865,580312.4280501781
Herat,209.25,3722.5393028029985,0.06802160122006051,0.058425708776403885,580312.4317498874
Herat,209.5,3722.538958202237,0.0662680472759578,0.05691953263764303,580312.4353542182
Herat,209.75,3722.538622485094,0.06455969886131674,0.055452184693111944,580312.4388656317
Herat,210.0,3722.5382954223646,0.06289538964802818,0.05402266315820593,580312.4422865252
Herat,210.25,3722.5379767907443,0.061273983324180104,0.05262999202960898,580312.4456192342
Herat,210.5,3722.5376663732195,0.05969437558777938,0.05127322279761407,580312.4488660288
Herat,210.75,3722.537363958349,0.05815549050153209,0.04995143131541022,580312.4520291202
Herat,211.0,3722.537069339839,0.056656278309606116,0.048663715923906135,580312.4551106663
Herat,211.25,3722.5367823165393,0.055195715437631104,0.047409197451730195,580312.4581127709
Herat,211.5,3722.536502692445,0.05377280449269848,0.04618701921523049,580312.4610374842
Herat,211.75,3722.5362302766443,0.052386573993907455,0.044996346787027915,580312.4638868029
Herat,212.0,3722.5359648832623,0.051036078093932256,0.043836367756737306,580312.4666626712
Herat,212.25,3722.5357063316783,0.049720397685462187,0.042706292681359954,580312.4693669783
Herat,212.5,3722.5354544456836,0.0484386361065367,0.04160535139664592,580312.4720015671
Herat,212.75,3722.5352090533856,0.04718991866147299,0.04053279260561357,580312.4745682357
Herat,213.0,3722.5349699872095,0.04597339262086599,0.03948788387854955,580312.4770687367
Herat,213.25,3722.534737083896,0.044788227221588386,0.03846991165300882,580312.4795047776
Herat,213.5,3722.5345101844114,0.04363361320010582,0.037478180832952554,580312.4818780218
Herat,213.75,3722.5342891340442,0.04250876328712801,0.03651201521350576,580312.4841900878
Herat,214.0,3722.5340737823744,0.04141291204790017,0.03557075734387502,580312.4864425486
Herat,214.25,3722.533863982607,0.04034531249882037,0.03465376562135722,580312.4886369396
Herat,214.5,3722.5336595915483,0.039305235981309604,0.03376041418300411,580312.4907747586
Herat,214.75,3722.5334604696063,0.038291972161811814,0.032890092905622344,580312.4928574656
Herat,215.0,3722.53326648079,0.03730482903179388,0.032042207405773473,580312.4948864831
Herat,215.25,3722.5330774926265,0.03634313248036511,0.031216178672673883,580312.4968631965
Herat,215.5,3722.5328933762516,0.03540622677168918,0.03041144347817091,580312.4987889538
Herat,215.75,3722.532714006413,0.034493474535537,0.02962745436870185,580312.5006650649
Herat,216.0,3722.5325392608643,0.03360425371174915,0.028863677040873684,580312.5024928086
Herat,216.25,3722.5323690203477,0.032737957434214295,0.02811959024180957,580312.5042734322
Herat,216.5,3722.5322031685896,0.03189399403086916,0.027394685769148892,580312.5060081519
Herat,216.75,3722.532041592303,0.03107178702369861,0.026688468471047243,580312.5076981524
Herat,217.0,3722.531884181148,0.030270774934992053,0.02600045607976193,580312.509344588
Herat,217.25,3722.5317308276885,0.02949041105658438,0.025330179013388434,580312.5109485824
Herat,217.5,3722.5315814276346,0.02873016469851432,0.02467718144838542,580312.5125112265
Herat,217.75,3722.531435879234,0.027989518079786835,0.024041018649033512,580312.5140335843
Herat,218.0,3722.5312940831946,0.02726796593469511,0.023421256629297185,580312.5155166945
Herat,218.25,3722.5311559426823,0.026565015512820526,0.022817472152824776,580312.5169615699
Herat,218.5,3722.531021363324,0.02588018657903267,0.02222925273294847,580312.5183691976
Herat,218.75,3722.5308902532042,0.025213011413489327,0.021656196632684317,580312.519740539
Herat,219.0,3722.5307625227524,0.024563034217683057,0.021097912354551326,580312.5210765309
Herat,219.25,3722.530638084996,0.023929812421079014,0.02055401976283778,580312.5223780831
Herat,219.5,3722.5305168553,0.02331291534691074,0.020024148937678097,580312.5236460806
Herat,219.75,3722.5303987510415,0.02271192255479014,0.019507938751490768,580312.524881388
Herat,220.0,3722.5302836916085,0.022126423840168268,0.019005036868515207,580312.526084848
Herat,220.25,3722.530171598401,0.021556019234335335,0.01851509974481175,580312.5272572829
Herat,220.5,3722.53006239483,0.021000319004420703,0.018037792628261662,580312.5283994938
Herat,220.75,3722.529956006312,0.020458943618491075,0.017572789528588748,580312.5295122607
Herat,221.0,3722.529852360157,0.01993152318082585,0.01711977273227763,580312.5305963441
Herat,221.25,3722.5297513858836,0.019417699042710356,0.016678434186116083,580312.5316524811
Herat,221.5,3722.5296530148053,0.01891712167730995,0.01624847367191021,580312.5326813901
Herat,221.75,3722.5295571798665,0.018429449865366432,0.01582959810706097,580312.5336837723
Herat,222.0,3722.5294638156456,0.01795435069519804,0.015421521544564188,580312.5346603123
Herat,222.25,3722.5293728583524,0.017491499562699454,0.015023965173010533,580312.5356116771
Herat,222.5,3722.5292842458293,0.017040580171341798,0.014636657316585543,580312.5365385169
Herat,222.75,3722.5291979175495,0.016601284517580903,0.014259333422536281,580312.5374414647
Herat,223.0,3722.5291138145085,0.016173312350433965,0.013891735596970352,580312.5383211377
Herat,223.25,3722.529031879515,0.015756372643399505,0.013533613869116341,580312.5391781342
Herat,223.5,3722.5289520568663,0.015350181942241256,0.013184724772222493,580312.5400130366
Herat,223.75,3722.528874292173,0.014954463479533355,0.012844830583018576,580312.5408264139
Herat,224.0,3722.52879853236,0.014568947174660351,0.012513699321715886,580312.5416188213
Herat,224.25,3722.528724725666,0.014193369633817194,0.01219110475200725,580312.5423908001
Herat,224.5,3722.528652821645,0.013827474150009251,0.011876826381067011,580312.543142878
Herat,224.75,3722.5285827711637,0.013471010703052289,0.01157064945955105,580312.5438755688
Herat,225.0,3722.528514526346,0.013123735671660253,0.011272364734296632,580312.5445893734
Herat,225.25,3722.528448040665,0.012785412291487545,0.010981768841727553,580312.5452847783
Herat,225.5,3722.5283832689815,0.012455810867275317,0.010698664490092784,580312.5459622558
Herat,225.75,3722.528320167216,0.012134707089913214,0.010422859013952738,580312.5466222668
Herat,226.0,3722.5282586923354,0.011821881984263432,0.010154164329363813,580312.5472652615
Herat,226.25,3722.5281988023567,0.011517121909160707,0.009892396933878382,580312.547891679
Herat,226.5,3722.528140456344,0.011220218557412322,0.0096373779065448,580312.5485019473
Herat,226.75,3722.52808361441,0.0109309689557981,0.009388932907907396,580312.5490964839
Herat,227.0,3722.5280282377157,0.010649175465022264,0.009146892179965128,580312.5496756948
Herat,227.25,3722.5279742883886,0.010374645366976257,0.00891109019165278,580312.5502399761
Herat,227.5,3722.5279217297293,0.010107191909844635,0.008681366536502285,580312.550789712
Herat,227.75,3722.5278705260585,0.009846633530941147,0.008457565265132316,580312.5513252753
Herat,228.0,3722.5278206425232,0.009592792880907912,0.008239534047107522,580312.5518470306
Herat,228.25,3722.5277720451004,0.009345496823715417,0.008027124170938532,580312.552355334
Herat,228.5,3722.527724700594,0.009104576436662532,0.007820190544081946,580312.5528505326
Herat,228.75,3722.527678576636,0.008869867010376491,0.007618591692940341,580312.5533329648
Herat,229.0,3722.527633641686,0.008641208048812908,0.007422189762862269,580312.5538029607
Herat,229.25,3722.5275898650325,0.008418443269255768,0.007230850518142261,580312.5542608413
Herat,229.5,3722.5275472167323,0.00820142029890985,0.007044443081411467,580312.5547069199
Herat,229.75,3722.5275056677447,0.007989991363170414,0.0068628405248032055,580312.5551415004
Herat,230.0,3722.527465189893,0.007784013079155007,0.006685919692624164,580312.5555648775
Herat,230.25,3722.5274257556493,0.0075833453641181835,0.006513560263762703,580312.5559773388
Herat,230.5,3722.527387338131,0.007387851428027272,0.006345644745311958,580312.5563791657
Herat,230.75,3722.5273499111054,0.007197397773562384,0.0061820584725698294,580312.5567706327
Herat,231.0,3722.5273134489844,0.007011854196116406,0.006022689609038988,580312.5571520072
Herat,231.25,3722.527277926828,0.006831093783795004,0.005867429146426877,580312.5575235503
Herat,231.5,3722.5272433203427,0.00665499291741662,0.005716170904645708,580312.557885516
Herat,231.75,3722.5272096058725,0.00648343121464276,0.005568811483824027,580312.5582381515
Herat,232.0,3722.5271767603545,0.006316291318167405,0.005425250082369421,580312.5585816983
Herat,232.25,3722.5271447615205,0.006153459915231593,0.005285389372661333,580312.5589163892
Herat,232.5,3722.5271135876574,0.00599482651372994,0.00514913444981993,580312.5592424514
Herat,232.75,3722.527083217552,0.0058402831648413055,0.005016392593465485,580312.5595601067
Herat,233.0,3722.52705363049,0.005689724463028797,0.004887073267718375,580312.5598695718
Herat,233.25,3722.527024806258,0.005543047546039762,0.004761088121199086,580312.5601710582
Herat,233.5,3722.5269967251406,0.005400152094905794,0.004638350987028207,580312.5604647718
Herat,233.75,3722.5269693679247,0.005260940333942734,0.004518777882826433,580312.5607509139
Herat,234.0,3722.5269427158955,0.005125317030750663,0.004402287010714566,580312.5610296801
Herat,234.25,3722.526916750827,0.004993189443343,0.004288798711900882,580312.5613012611
Herat,234.5,3722.5268914549506,0.0048644671499593,0.004178235320497224,580312.5615658426
Herat,234.75,3722.5268668111316,0.004739062959775672,0.004070521945756861,580312.561823604
Herat,235.0,3722.526842802662,0.004616891850884819,0.003965585559878728,580312.5620747199
Herat,235.25,3722.526819413215,0.004497870740674403,0.0038633548007785752,580312.5623193613
Herat,235.5,3722.5267966268448,0.004381918485827046,0.003763759972088971,580312.5625576947
Herat,235.75,3722.526774427986,0.0042689558823203275,0.0036667330431593027,580312.5627898831
Herat,236.0,3722.5267528014556,0.004158905665426786,0.0035722076490557744,580312.5630160853
Herat,236.25,3722.52673173245,0.004051692509713917,0.003480119090561408,580312.563236456
Herat,236.5,3722.5267112065494,0.003947243029044178,0.0033904043341760437,580312.5634511461
Herat,236.75,3722.5266912097118,0.0038454857765749823,0.0033030020121163394,580312.5636603025
Herat,237.0,3722.5266717282384,0.003746351039920401,0.003217852246372569,580312.5638640685
Herat,237.25,3722.526652748869,0.0036497713421848586,0.0031348970790582857,580312.5640625828
Herat,237.5,3722.526634258771,0.0035556813858329517,0.003054080424203087,580312.5642559795
Herat,237.75,3722.526616245401,0.00346401733610324,0.002975347452255961,580312.5644443899
Herat,238.0,3722.5265986964996,0.003374716816108413,0.002898644585876668,580312.5646279422
Herat,238.25,3722.5265816000965,0.0032877189068352916,0.0028239194999357406,580312.5648067616
Herat,238.5,3722.5265649445064,0.0032029641471448276,0.002751121121514483,580312.5649809702
Herat,238.75,3722.52654871833,0.0031203945337721036,0.002680199629904971,580312.5651506876
Herat,239.0,3722.5265329104564,0.003039953521326333,0.0026111064566100533,580312.5653160296
Herat,239.25,3722.5265175100594,0.0029615860222908597,0.00254379428534335,580312.5654771096
Herat,239.5,3722.5265025066005,0.0028852384070231596,0.0024782170520292533,580312.565634038
Herat,239.75,3722.5264878897933,0.0028108583363067223,0.0024143298009757577,580312.5657869221
Herat,240.0,3722.526473649686,0.0027383951652388897,0.002352089031783599,580312.5659358662
Herat,240.25,3722.5264597766654,0.002667799974705381,0.002291452726383881,580312.5660809707
Herat,240.5,3722.526446261331,0.0025990249312029118,0.0022323797991709595,580312.5662223339
Herat,240.75,3722.526433094495,0.0025320232800505457,0.002174830091171459,580312.5663600522
Herat,241.0,3722.5264202671815,0.002466749345389695,0.0021187643700442712,580312.5664942191
Herat,241.25,3722.526407770626,0.0024031585301841187,0.002064144330080556,580312.5666249265
Herat,241.5,3722.5263955962773,0.002341207316219924,0.002010932592203741,580312.5667522638
Herat,241.75,3722.526383735795,0.0022808532641055658,0.00195909270396952,580312.5668763183
Herat,242.0,3722.5263721810516,0.002222055013271847,0.0019085891395658567,580312.5669971749
Herat,242.25,3722.52636092413,0.0021647722819719177,0.001859387299812981,580312.5671149163
Herat,242.5,3722.5263499573243,0.0021089658537253556,0.0018114535005197717,580312.5672296233
Herat,242.75,3722.5263392731044,0.002054597409487303,0.001764754828327293,580312.5673413747
Herat,243.0,3722.5263288642464,0.0020016301881089047,0.001719259707998212,580312.5674502458
Herat,243.25,3722.5263187237247,0.0019500284439636347,0.0016749374365574816,580312.5675563104
Herat,243.5,3722.5263088446695,0.0018997572158400819,0.0016317579847873781,580312.5676596401
Herat,243.75,3722.5262992203648,0.0018507823269419516,0.0015896919972275016,580312.5677603054
Herat,244.0,3722.5262898442484,0.0018030703848880645,0.0015487107921747744,580312.5678583746
Herat,244.25,3722.526280709912,0.0017565887817123566,0.0015087863616834432,580312.567953915
Herat,244.5,3722.5262718111017,0.0017113056938638802,0.0014698913715650774,580312.5680469918
Herat,244.75,3722.526263141718,0.0016671900822068032,0.00143199916138857,580312.568137669
Herat,245.0,3722.526254695816,0.0016242116920204095,0.001395083744480137,580312.5682260088
Herat,245.25,3722.526246467604,0.0015823410529990979,0.0013591198079233179,580312.5683120715
Herat,245.5,3722.526238451444,0.001541549479252384,0.0013240827125589757,580312.5683959164
Herat,245.75,3722.526230641828,0.001501808937655338,0.001289948379906976,580312.5684776008
Herat,246.0,3722.526223033447,0.0014630924133248206,0.0012566936060838935,580312.5685571805
Herat,246.25,3722.5262156211834,0.0014253738657038293,0.0012242960240840314,580312.5686347089
Herat,246.5,3722.5262084000296,0.0013886278149671646,0.0011927337485308593,580312.5687102384
Herat,246.75,3722.5262013650895,0.0013528293405037288,0.0011619853743734141,580312.5687838201
Herat,247.0,3722.526194511575,0.0013179540809165268,0.0011320299768862987,580312.5688555044
Herat,247.25,3722.5261878348083,0.0012839782340226663,0.0011028471116696823,580312.5689253398
Herat,247.5,3722.5261813302222,0.0012508785568533577,0.0010744168146493006,580312.5689933744
Herat,247.75,3722.5261749933593,0.0012186323656539137,0.0010467196020764562,580312.5690596546
Herat,248.0,3722.526168819871,0.0011872175358837494,0.0010197364705280183,580312.5691242261
Herat,248.25,3722.5261628055205,0.0011566125022163826,0.0009934488969064216,580312.5691871331
Herat,248.5,3722.526156946179,0.0011267962585394344,0.0009678388384396683,580312.5692484187
Herat,248.75,3722.5261512378283,0.001097748357954627,0.0009428887326813264,580312.5693081251
Herat,249.0,3722.526145676541,0.001069448814799513,0.0009185814133537241,580312.5693662933
Herat,249.25,3722.5261402585325,0.001041878367837298,0.0008949003364089984,580312.5694229627
Herat,249.5,3722.526134980168,0.0010150185244456262,0.0008718296179851741,580312.5694781718
Herat,249.75,3722.5261298378914,0.0009888511857966357,0.0008493537124620676,580312.5695319573
Herat,250.0,3722.5261248282222,0.000963358642947355,0.0008274574091032069,580312.5695843557
Herat,250.25,3722.5261199477573,0.0009385235768397037,0.0008061258320558324,580312.5696354029
Herat,250.5,3722.526115193169,0.0009143290583004925,0.0007853444403508966,580312.5696851333
Herat,250.75,3722.5261105612085,0.0008907585480414225,0.0007650990279030633,580312.5697335813
Herat,251.0,3722.526106048701,0.0008677958966590859,0.0007453757235107092,580312.5697807797
Herat,251.25,3722.52610165255,0.0008454253446349657,0.0007261609908559225,580312.5698267611
Herat,251.5,3722.5260973697355,0.0008236315223354356,0.0007074416285045032,580312.5698715572
Herat,251.75,3722.526093197313,0.0008023994500117601,0.0006892047699059639,580312.5699151985
Herat,252.0,3722.5260891324156,0.0007817145378000948,0.0006714378833935287,580312.5699577152
Herat,252.25,3722.5260851722533,0.0007615625857214862,0.0006541287721841339,580312.5699991364
Herat,252.5,3722.5260813140935,0.00074192969177118,0.0006372654954332944,580312.5700394907
Herat,252.75,3722.5260775553197,0.0007228025409016118,0.0006208366164510194,580312.5700788054
Herat,253.0,3722.526073893419,0.00070416834180829,0.0006048311484059361,580312.570117107
Herat,253.25,3722.5260703259287,0.0006860145684514401,0.0005892383323104262,580312.5701544211
Herat,253.5,3722.5260668504397,0.0006683289598116235,0.0005740476368107202,580312.5701907729
Herat,253.75,3722.5260634645947,0.0006510995198897374,0.0005592487581868972,580312.5702261871
Herat,254.0,3722.526060166089,0.0006343145177070154,0.0005448316203528848,580312.5702606877
Herat,254.25,3722.526056952668,0.0006179624873050267,0.0005307863748564593,580312.5702942985
Herat,254.5,3722.526053822132,0.0006020322277456769,0.0005171034008792458,580312.5703270423
Herat,254.75,3722.526050772331,0.0005865128031112072,0.0005037733052367177,580312.5703589416
Herat,255.0,3722.5260478011683,0.0005713935425041949,0.0004907869223781976,580312.5703900183
Herat,255.25,3722.526044906599,0.0005566640400475535,0.0004781353143868558,580312.570420294
Herat,255.5,3722.5260420866302,0.0005423141548845323,0.0004658097709797121,580312.5704497894
Herat,255.75,3722.526039339321,0.0005283340111787166,0.0004538018095076345,580312.5704785248
Herat,256.0,3722.5260366627826,0.000514713996786186,0.00044210317381481536,580312.57050652
Herat,256.25,3722.5260340551627,0.0005014446844171349,0.0004307057665218722,580312.5705337944
Herat,256.5,3722.5260315147043,0.0004885171355256791,0.0004196019100459206,580312.5705603661
Herat,256.75,3722.5260290397146,0.00047592273356840756,0.0004087842033816614,580312.5705862533
Herat,257.0,3722.526026628534,0.0004636530369707835,0.0003982453958097697,580312.5706114729
Herat,257.25,3722.5260242795384,0.00045169977912714357,0.00038797838689689503,580312.5706360422
Herat,257.5,3722.526021991138,0.0004400548684006982,0.0003779762264956609,580312.5706599777
Herat,257.75,3722.5260197617768,0.00042871038812353164,0.00036823211474466523,580312.5706832956
Herat,258.0,3722.526017589933,0.0004176585965966018,0.0003587394020684801,580312.570706012
Herat,258.25,3722.52601547412,0.0004068919270897403,0.0003494915891776517,580312.5707281423
Herat,258.5,3722.5260134128853,0.0003964029878416526,0.0003404823270687008,580312.5707497017
Herat,258.75,3722.5260114048106,0.00038618456205991784,0.000331705417024122,580312.5707707051
Herat,259.0,3722.526009448512,0.00037622960792098873,0.0003231548106123845,580312.570791167
Herat,259.25,3722.52600754264,0.0003665312585701921,0.00031482460968793133,580312.5708111014
Herat,259.5,3722.5260056858797,0.0003570828221217281,0.00030670906639118027,580312.5708305221
Herat,259.75,3722.5260038769507,0.00034787778165867086,0.0002988025831485228,580312.5708494426
Herat,260.0,3722.5260021146055,0.0003389097929157605,0.0002910997106820037,580312.5708678758
Herat,260.25,3722.526000397621,0.00033017262936997307,0.0002835951008457934,580312.5708858345
Herat,260.5,3722.5259987248464,0.0003216604345270672,0.00027628372332271476,580312.5709033309
Herat,260.75,3722.525997095172,0.0003133675626420566,0.00026916072881445253,580312.5709203765
Herat,261.0,3722.5259955075103,0.00030528847963730873,0.0002622213639371075,580312.5709369825
Herat,261.25,3722.525993960796,0.0002974177631025448,0.00025546097122119667,580312.5709531603
Herat,261.5,3722.525992453985,0.0002897501022948399,0.0002488749891116531,580312.5709689208
Herat,261.75,3722.525990986056,0.0002822802981386225,0.00024245895196782613,580312.5709842746
Herat,262.0,3722.525989556009,0.0002750032632256752,0.00023620849006348113,580312.5709992321
Herat,262.25,3722.525988162866,0.00026791402181513413,0.00023011932958679962,580312.5710138037
Herat,262.5,3722.5259868056714,0.00026100770983348903,0.0002241872926403793,580312.5710279992
Herat,262.75,3722.5259854834917,0.00025427957487458375,0.00021840829724123408,580312.5710418285
Herat,263.0,3722.525984195414,0.00024772497619961534,0.00021277835732079383,580312.5710553011
Herat,263.25,3722.525982940549,0.00024133938473713514,0.0002072935827249047,580312.5710684264
Herat,263.5,3722.5259817180286,0.00023511838308304785,0.00020195017921382895,580312.5710812133
Herat,263.75,3722.525980527006,0.00022905766550061204,0.00019674444846224504,580312.5710936708
Herat,264.0,3722.525979366658,0.00022315303792044003,0.00019167278805924746,580312.5711058074
Herat,264.25,3722.5259782361813,0.00021740041794049775,0.0001867316915083469,580312.5711176316
Herat,264.5,3722.5259771347887,0.00021179579738555762,0.0001819177160685893,580312.5711291516
Herat,264.75,3722.5259760617373,0.00020633539452864246,0.0001772276135020771,580312.5711403751
Herat,265.0,3722.525975016321,0.000201015617413178,0.00017265829857041214,580312.5711513096
Herat,265.25,3722.5259739978474,0.00019583294265610907,0.00016820674493503486,580312.5711619623
Herat,265.5,3722.5259730056373,0.00019078391535257095,0.00016386998507534389,580312.5711723403
Herat,265.75,3722.5259720390254,0.00018586514907588972,0.00015964511028869596,580312.5711824506
Herat,266.0,3722.52597109736,0.00018107332587758194,0.00015552927069040602,580312.5711923
Herat,266.25,3722.5259701800023,0.000176405196287355,0.0001515196752137472,580312.571201895
Herat,266.5,3722.525969286327,0.00017185757931310674,0.0001476135916099507,580312.5712112423
Herat,266.75,3722.5259684157227,0.0001674273624409258,0.000143808346448206,580312.5712203485
Herat,267.0,3722.5259675675907,0.00016311150163509134,0.0001401013251156607,580312.5712292194
Herat,267.25,3722.525966741347,0.00015890702133807325,0.0001364899718174206,580312.5712378615
Herat,267.5,3722.52596593642,0.000154811014470532,0.0001329717895765496,580312.5712462807
Herat,267.75,3722.5259651522515,0.00015082064243131878,0.0001295443402340698,580312.5712544826
Herat,268.0,3722.525964388298,0.00014693313509747528,0.00012620524444896154,580312.5712624732
Herat,268.25,3722.525963644028,0.00014314579082423396,0.0001229521816981632,580312.5712702579
Herat,268.5,3722.5259629189236,0.00013945597644501789,0.00011978289027657136,580312.5712778422
Herat,268.75,3722.5259622124813,0.00013586112727144076,0.00011669516729704085,580312.5712852312
Herat,269.0,3722.5259615242103,0.00013235874261757806,0.00011368686484604315,580312.5712924302
Herat,269.25,3722.5259608536294,0.00012894637944212833,0.00011075588452265645,580312.5712994441
Herat,269.5,3722.525960200298,0.00012562179252483398,0.00010790029784034914,580312.5713062775
Herat,269.75,3722.525959563789,0.00012238280948469326,0.00010511823887641198,580312.5713129351
Herat,270.0,3722.5259589436832,0.00011922729797153188,0.00010240787609180618,580312.571319421
Herat,270.25,3722.52595833957,0.00011615316566600297,9.976741233116342e-05,580312.5713257398
Herat,270.5,3722.5259577510456,0.00011315836027958708,9.71950848227859e-05,580312.5713318954
Herat,270.75,3722.5259571777146,0.00011024086955459218,9.468916517864627e-05,580312.5713378922
Herat,271.0,3722.5259566191894,0.00010739872126415366,9.224795939438766e-05,580312.571343734
Herat,271.25,3722.525956075091,0.0001046299832122343,8.986980784932372e-05,580312.571349425
Herat,271.5,3722.5259555450466,0.00010193276323362439,8.755308530643853e-05,580312.571354969
Herat,271.75,3722.5259550286924,9.930520919394152e-05,8.52962009123867e-05,580312.5713603698
Herat,272.0,3722.5259545256727,9.674550898963082e-05,8.309759819749327e-05,580312.5713656312
Herat,272.25,3722.525954035639,9.425189054796472e-05,8.095575507575378e-05,580312.5713707566
Herat,272.5,3722.5259535582513,9.18226218270432e-05,7.886918384483429e-05,580312.5713757499
Herat,272.75,3722.5259530931767,8.945601081579359e-05,7.683643118607133e-05,580312.5713806143
Herat,273.0,3722.52595264009,8.715040553397061e-05,7.485607816447185e-05,580312.5713853533
Herat,273.25,3722.525952198676,8.490419403215648e-05,7.292674022871331e-05,580312.5713899704
Herat,273.5,3722.5259517686245,8.271580439176078e-05,7.104706721114374e-05,580312.5713944684
Herat,273.75,3722.5259513496344,8.058370472502055e-05,6.921574332778151e-05,580312.5713988509
Herat,274.0,3722.5259509414136,7.850640317500022e-05,6.743148717831556e-05,580312.5714031206
Herat,274.25,3722.5259505436734,7.648243525440808e-05,6.569304087100898e-05,580312.5714072807
Herat,274.5,3722.525950156149,7.451045271031386e-05,6.3999246351258e-05,580312.5714113341
Herat,274.75,3722.525949778591,7.258918689990859e-05,6.2349013943983e-05,580312.5714152831
Herat,275.0,3722.525949410755,7.071739125244335e-05,6.074127293245432e-05,580312.5714191304
Herat,275.25,3722.5259490524,6.889384126487405e-05,5.917497155455161e-05,580312.5714228787
Herat,275.5,3722.5259487032895,6.711733450186154e-05,5.76490770027638e-05,580312.5714265301
Herat,275.75,3722.525948363192,6.538669059577158e-05,5.616257542418913e-05,580312.5714300874
Herat,276.0,3722.5259480318796,6.370075124667476e-05,5.471447192053511e-05,580312.5714335528
Herat,276.25,3722.525947709129,6.205838022234663e-05,5.3303790548118593e-05,580312.5714369286
Herat,276.5,3722.5259473947212,6.045846335826758e-05,5.192957431786568e-05,580312.5714402171
Herat,276.75,3722.5259470884416,5.889990855762294e-05,5.059088519531179e-05,580312.5714434206
Herat,277.0,3722.52594679008,5.7381645791302905e-05,4.928680410060163e-05,580312.5714465413
Herat,277.25,3722.5259464994306,5.5902627097902585e-05,4.801643090848922e-05,580312.5714495814
Herat,277.5,3722.5259462162917,5.446182658372195e-05,4.677888444833784e-05,580312.5714525429
Herat,277.75,3722.5259459404656,5.305824042276592e-05,4.5573302504120114e-05,580312.5714554279
Herat,278.0,3722.52594567176,5.169088685674424e-05,4.4398841814417914e-05,580312.5714582384
Herat,278.25,3722.5259454099864,5.0358806195071606e-05,4.3254678072422446e-05,580312.5714609764
Herat,278.5,3722.5259451549596,4.90610608148676e-05,4.214000592593418e-05,580312.5714636439
Herat,278.75,3722.5259449065006,4.7796735160956655e-05,4.1054038977362906e-05,580312.5714662427
Herat,279.0,3722.5259446644336,4.656493574586816e-05,3.999600978372769e-05,580312.5714687745
Herat,279.25,3722.525944428587,4.5364791149836346e-05,3.8965169856656915e-05,580312.5714712413
Herat,279.5,3722.525944198794,4.419545202080037e-05,3.7960789662388236e-05,580312.5714736448
Herat,279.75,3722.525943974892,4.30560874862034e-05,3.6982155539749665e-05,580312.5714759869
Herat,280.0,3722.5259437567274,4.1945920951977276e-05,3.6028600448957524e-05,580312.5714782687
Herat,280.25,3722.525943544163,4.086425063247504e-05,3.509952160542191e-05,580312.571480492
Herat,280.5,3722.5259433370634,3.981038906299498e-05,3.419432852524101e-05,580312.5714826582
Herat,280.75,3722.5259431352956,3.878366007396932e-05,3.33124404262401e-05,580312.5714847685
Herat,281.0,3722.5259429387293,3.778339879096421e-05,3.245328622797154e-05,580312.5714868245
Herat,281.25,3722.5259427472356,3.680895163467977e-05,3.1616304551714804e-05,580312.5714888275
Herat,281.5,3722.5259425606887,3.585967632095003e-05,3.080094372047643e-05,580312.5714907786
Herat,281.75,3722.5259423789644,3.493494186074301e-05,3.000666175899005e-05,580312.5714926794
Herat,282.0,3722.525942201941,3.403412856016061e-05,2.9232926393716415e-05,580312.5714945309
Herat,282.25,3722.5259420294988,3.315662802043871e-05,2.8479215052843334e-05,580312.5714963346
Herat,282.5,3722.5259418615206,3.230184313794713e-05,2.7745014866285726e-05,580312.5714980916
Herat,282.75,3722.5259416978915,3.146918810418961e-05,2.7029822665685596e-05,580312.571499803
Herat,283.0,3722.525941538498,3.065808840580384e-05,2.6333144984412043e-05,580312.5715014702
Herat,283.25,3722.52594138323,2.9867980824561466e-05,2.5654498057561246e-05,580312.5715030943
Herat,283.5,3722.525941231979,2.909831343736806e-05,2.4993407821956492e-05,580312.5715046762
Herat,283.75,3722.5259410846384,2.8348545616263128e-05,2.4349409916148145e-05,580312.5715062174
Herat,284.0,3722.525940941104,2.7618148028420144e-05,2.3722049680413674e-05,580312.5715077186
Herat,284.25,3722.525940801275,2.6906602636146497e-05,2.3110882156757616e-05,580312.5715091812
Herat,284.5,3722.5259406650503,2.6213402696883524e-05,2.2515472088911627e-05,580312.571510606
Herat,284.75,3722.525940532334,2.5538052763206512e-05,2.1935393922334435e-05,580312.5715119941
Herat,285.0,3722.5259404030303,2.4880068682824675e-05,2.1370231804211866e-05,580312.5715133466
Herat,285.25,3722.525940277046,2.4238977598581175e-05,2.0819579583456842e-05,580312.5715146643
Herat,285.5,3722.525940154291,2.3614317948453127e-05,2.028304081070936e-05,580312.5715159483
Herat,285.75,3722.5259400346768,2.3005639465551563e-05,1.976022873833653e-05,580312.5715171994
Herat,286.0,3722.525939918117,2.2412505696103067e-05,1.925076848319525e-05,580312.5715184185
Herat,286.25,3722.5259398045364,2.183453232698759e-05,1.875432994729572e-05,580312.5715196065
Herat,286.5,3722.5259396938654,2.127136453942527e-05,1.827060836622241e-05,580312.5715207641
Herat,286.75,3722.5259395860353,2.0722652835157294e-05,1.7799303545513896e-05,580312.571521892
Herat,287.0,3722.525939480978,2.0188052955606392e-05,1.734011979122735e-05,580312.5715229908
Herat,287.25,3722.5259393786278,1.966722588187685e-05,1.6892765909938536e-05,580312.5715240613
Herat,287.5,3722.5259392789185,1.9159837834754504e-05,1.6456955208741826e-05,580312.5715251042
Herat,287.75,3722.5259391817854,1.866556027470674e-05,1.6032405495250172e-05,580312.5715261202
Herat,288.0,3722.525939087165,1.8184069901882494e-05,1.5618839077595123e-05,580312.5715271098
Herat,288.25,3722.5259389949956,1.7715048656112257e-05,1.5215982764426832e-05,580312.5715280739
Herat,288.5,3722.525938905215,1.7258183716908067e-05,1.4823567864914034e-05,580312.571529013
Herat,288.75,3722.5259388177624,1.6813167503463516e-05,1.4441330188744073e-05,580312.5715299277
Herat,289.0,3722.525938732579,1.6379697674653743e-05,1.4069010046122871e-05,580312.5715308187
Herat,289.25,3722.5259386496064,1.5957477129035442e-05,1.3706352247774959e-05,580312.5715316865
Herat,289.5,3722.525938568787,1.5546214004846857e-05,1.3353106104943458e-05,580312.5715325319
Herat,289.75,3722.5259384900646,1.5145621680007783e-05,1.3009025429390082e-05,580312.5715333553
Herat,290.0,3722.5259384133838,1.4755418772119563e-05,1.267386853339514e-05,580312.5715341573
Herat,290.25,3722.52593833869,1.4375329138465098e-05,1.2347398229757539e-05,580312.5715349385
Herat,290.5,3722.525938265931,1.4005081876008834e-05,1.2029381831794777e-05,580312.5715356995
Herat,290.75,3722.525938195054,1.3644411321396766e-05,1.171959115334295e-05,580312.5715364409
Herat,291.0,3722.5259381260075,1.3293057050956449e-05,1.1417802508756745e-05,580312.5715371631
Herat,291.25,3722.5259380587418,1.295076388069698e-05,1.1123796712909445e-05,580312.5715378666
Herat,291.5,3722.5259379932077,1.2617281866309013e-05,1.0837359081192935e-05,580312.5715385521
Herat,291.75,3722.5259379293566,1.2292366303164752e-05,1.055827942951768e-05,580312.5715392199
Herat,292.0,3722.525937867142,1.1975777726317945e-05,1.0286352074312752e-05,580312.5715398707
Herat,292.25,3722.5259378065184,1.1667281910503905e-05,1.0021375832525814e-05,580312.5715405048
Herat,292.5,3722.5259377474395,1.136664987013948e-05,9.763154021623122e-06,580312.5715411227
Herat,292.75,3722.525937689862,1.1073658008642744e-05,9.511494587844459e-06,580312.571541725
Herat,293.0,3722.5259376337463,1.0788103876156606e-05,9.266223640975941e-06,580312.5715423119
Herat,293.25,3722.5259375790592,1.0509817969171841e-05,9.027195589404075e-06,580312.5715428839
Herat,293.5,3722.525937525768,1.023863605284783e-05,8.794269366933734e-06,580312.5715434413
Herat,293.75,3722.5259374738407,9.974396003263148e-06,8.567305720501182e-06,580312.5715439845
Herat,294.0,3722.525937423246,9.71693780741558e-06,8.34616721017408e-06,580312.5715445136
Herat,294.25,3722.5259373739536,9.466103563222102e-06,8.13071820915147e-06,580312.5715450292
Herat,294.5,3722.525937325932,9.221737479518895e-06,7.920824903763791e-06,580312.5715455315
Herat,294.75,3722.525937279151,8.983685876061341e-06,7.716355293472874e-06,580312.5715460208
Herat,295.0,3722.5259372335813,8.75179718352402e-06,7.517179190871938e-06,580312.5715464974
Herat,295.25,3722.5259371891934,8.525921943500711e-06,7.323168221685592e-06,580312.5715469617
Herat,295.5,3722.5259371459583,8.305912808504399e-06,7.134195824769839e-06,580312.571547414
Herat,295.75,3722.525937103848,8.091624541967263e-06,6.9501372521120716e-06,580312.5715478543
Herat,296.0,3722.525937062833,7.882914018240685e-06,6.770869568831071e-06,580312.5715482833
Herat,296.25,3722.5259370228864,7.67964022259525e-06,6.596271653177015e-06,580312.5715487011
Herat,296.5,3722.5259369839814,7.481664251220739e-06,6.426224196531466e-06,580312.5715491081
Herat,296.75,3722.52593694609,7.288849311226135e-06,6.260609703407381e-06,580312.5715495044
Herat,297.0,3722.525936909187,7.101060720639621e-06,6.099312491449106e-06,580312.5715498904
Herat,297.25,3722.5259368732454,6.9181659084085796e-06,5.942218691432381e-06,580312.5715502664
Herat,297.5,3722.52593683824,6.740034414399596e-06,5.789216247264332e-06,580312.5715506325
Herat,297.75,3722.525936804145,6.566537889398455e-06,5.640194915983479e-06,580312.571550989
Herat,298.0,3722.5259367709364,6.39755009511014e-06,5.495046267759736e-06,580312.5715513364
Herat,298.25,3722.5259367385893,6.232946904158836e-06,5.353663685894401e-06,580312.5715516747
Herat,298.5,3722.5259367070803,6.072606300087926e-06,5.215942366820167e-06,580312.5715520043
Herat,298.75,3722.525936676385,5.916408377359999e-06,5.081779320101116e-06,580312.5715523254
Herat,299.0,3722.5259366464807,5.764235341356839e-06,4.9510733684327244e-06,580312.5715526382
Herat,299.25,3722.5259366173445,5.615971508379434e-06,4.823725147641856e-06,580312.571552943
Herat,299.5,3722.525936588954,5.471503305647967e-06,4.699637106686768e-06,580312.5715532398
Herat,299.75,3722.5259365612883,5.330719271301824e-06,4.578713507657104e-06,580312.5715535292
Herat,300.0,3722.5259365343245,5.193510054399594e-06,4.460860425773905e-06,580312.5715538113
Herat,300.25,3722.5259365080424,5.059768414919066e-06,4.345985749389598e-06,580312.5715540862
Herat,300.5,3722.5259364824205,4.929389223757224e-06,4.233999179988002e-06,580312.5715543542
Herat,300.75,3722.5259364574417,4.80227897805774e-06,4.124820405180993e-06,580312.5715546155
Herat,301.0,3722.525936433092,4.678370106303874e-06,4.018391385778914e-06,580312.5715548701
Herat,301.25,3722.5259364093577,4.557594993075625e-06,3.91465404488405e-06,580312.5715551184
Herat,301.5,3722.525936386226,4.439886623759992e-06,3.8135508216497408e-06,580312.5715553603
Herat,301.75,3722.525936363684,4.3251786553962105e-06,3.7150247321314412e-06,580312.5715555961
Herat,302.0,3722.525936341719,4.213405416675747e-06,3.6190193692867213e-06,580312.5715558259
Herat,302.25,3722.525936320318,4.104501907942304e-06,3.5254789029752656e-06,580312.5715560497
Herat,302.5,3722.525936299468,3.998403801191819e-06,3.434348079958875e-06,580312.5715562678
Herat,302.75,3722.525936279157,3.895047440072462e-06,3.345572223901466e-06,580312.5715564803
Herat,303.0,3722.5259362593724,3.7943698398846383e-06,3.259097235369071e-06,580312.5715566871
Herat,303.25,3722.525936240102,3.6963086875809866e-06,3.1748695918298367e-06,580312.5715568888
Herat,303.5,3722.5259362213333,3.6008023417663796e-06,3.0928363476540264e-06,580312.571557085
Herat,303.75,3722.525936203055,3.507789832697926e-06,3.0129451341140183e-06,580312.5715572762
Herat,304.0,3722.525936185255,3.4172108622849668e-06,2.935144159384307e-06,580312.5715574624
Herat,304.25,3722.5259361679214,3.3290058040890775e-06,2.859382208541502e-06,580312.5715576437
Herat,304.5,3722.5259361510425,3.243115703324069e-06,2.7856086435643283e-06,580312.5715578202
Herat,304.75,3722.5259361346075,3.1594822768559857e-06,2.7137734033336267e-06,580312.5715579921
Herat,305.0,3722.5259361186045,3.0780479132031054e-06,2.6438270036323535e-06,580312.5715581595
Herat,305.25,3722.525936103022,2.9987556725359416e-06,2.5757205371455804e-06,580312.5715583225
Herat,305.5,3722.52593608785,2.9215492866772403e-06,2.509405673460495e-06,580312.5715584812
Herat,305.75,3722.525936073077,2.8463731591019833e-06,2.4448346590663997e-06,580312.5715586357
Herat,306.0,3722.5259360586915,2.773172364937386e-06,2.3819603173547134e-06,580312.5715587862
Herat,306.25,3722.5259360446844,2.701892650962898e-06,2.32073604861897e-06,580312.5715589327
Herat,306.5,3722.525936031044,2.6324804356102018e-06,2.2611158300548194e-06,580312.5715590754
Herat,306.75,3722.5259360177597,2.564882808963217e-06,2.203054215760026e-06,580312.5715592143
Herat,307.0,3722.525936004822,2.499047532758095e-06,2.146506336734471e-06,580312.5715593497
Herat,307.25,3722.5259359922206,2.434923040383222e-06,2.09142790088015e-06,580312.5715594814
Herat,307.5,3722.525935979945,2.3724584368792182e-06,2.0377751930011747e-06,580312.5715596098
Herat,307.75,3722.5259359679862,2.31160349893894e-06,1.9855050748037723e-06,580312.5715597349
Herat,308.0,3722.5259359563343,2.252308674907475e-06,1.934574984896286e-06,580312.5715598568
Herat,308.25,3722.5259359449788,2.1945250847821467e-06,1.8849429387891752e-06,580312.5715599756
Herat,308.5,3722.525935933911,2.1382045202125117e-06,1.8365675288950113e-06,580312.5715600913
Herat,308.75,3722.5259359231213,2.0832994445003632e-06,1.7894079245284856e-06,580312.5715602041
Herat,309.0,3722.5259359126007,2.0297629925997248e-06,1.7434238719064023e-06,580312.5715603143
Herat,309.25,3722.52593590234,1.977548971116859e-06,1.6985756941476822e-06,580312.5715604215
Herat,309.5,3722.52593589233,1.9266118583102588e-06,1.6548242912733616e-06,580312.5715605263
Herat,309.75,3722.525935882564,1.8769188545738697e-06,1.6121414907247453e-06,580312.5715606284
Herat,310.0,3722.5259358730405,1.8284538613104716e-06,1.570513464936523e-06,580312.571560728
Herat,310.25,3722.525935863753,1.7811938179220734e-06,1.5299204064743464e-06,580312.5715608251
Herat,310.5,3722.5259358546978,1.7351157489892964e-06,1.490342581066323e-06,580312.5715609199
Herat,310.75,3722.5259358458707,1.6901967961525584e-06,1.4517603549867104e-06,580312.5715610122
Herat,311.0,3722.525935837267,1.6464142181120736e-06,1.414154195055915e-06,580312.5715611022
Herat,311.25,3722.5259358288818,1.6037453906278523e-06,1.3775046686404936e-06,580312.5715611898
Herat,311.5,3722.525935820711,1.5621678065197004e-06,1.341792443653152e-06,580312.5715612754
Herat,311.75,3722.5259358127505,1.5216590756672206e-06,1.306998288552746e-06,580312.5715613586
Herat,312.0,3722.5259358049957,1.4821969250098122e-06,1.2731030723442808e-06,580312.5715614398
Herat,312.25,3722.525935797442,1.4437591985466692e-06,1.2400877645789115e-06,580312.5715615187
Herat,312.5,3722.5259357900854,1.4063238573367829e-06,1.2079334353539424e-06,580312.5715615957
Herat,312.75,3722.5259357829214,1.369868979498941e-06,1.176621255312828e-06,580312.5715616706
Herat,313.0,3722.525935775946,1.3343727602117264e-06,1.1461324956451718e-06,580312.5715617436
Herat,313.25,3722.5259357691543,1.2998135117135188e-06,1.1164485280867271e-06,580312.5715618146
Herat,313.5,3722.5259357625428,1.2661696633024937e-06,1.0875508249193974e-06,580312.5715618838
Herat,313.75,3722.525935756107,1.2334197613366237e-06,1.0594209589712348e-06,580312.5715619511
Herat,314.0,3722.5259357498426,1.2015424692336761e-06,1.0320406036164418e-06,580312.5715620166
Herat,314.25,3722.525935743746,1.1705165674712158e-06,1.0053915327753705e-06,580312.5715620804
Herat,314.5,3722.525935737812,1.1403209535866027e-06,9.794556209145218e-07,580312.5715621425
Herat,314.75,3722.525935732037,1.1109346421769938e-06,9.542148430465473e-07,580312.5715622029
Herat,315.0,3722.525935726417,1.0823367648993412e-06,9.296512747302479e-07,580312.5715622617
Herat,315.25,3722.525935720948,1.054506570470395e-06,9.057470920705734e-07,580312.5715623188
Herat,315.5,3722.5259357156256,1.0274234246666992e-06,8.824845717186241e-07,580312.5715623745
Herat,315.75,3722.525935710446,1.0010668103245959e-06,8.598460908716496e-07,580312.5715624286
Herat,316.0,3722.5259357054056,9.754163273402218e-07,8.37814127273049e-07,580312.5715624813
Herat,316.25,3722.5259357004998,9.504516926695109e-07,8.163712592123709e-07,580312.5715625327
Herat,316.5,3722.5259356957245,9.261527403281933e-07,7.955001655253145e-07,580312.5715625826
Herat,316.75,3722.525935691076,9.024994213917948e-07,7.751836255937272e-07,580312.5715626313
Herat,317.0,3722.525935686551,8.794718039956372e-07,7.554045193456068e-07,580312.5715626786
Herat,317.25,3722.525935682145,8.57050073334839e-07,7.361458272551007e-07,580312.5715627247
Herat,317.5,3722.525935677854,8.35214531664315e-07,7.173906303425061e-07,580312.5715627696
Herat,317.75,3722.525935673674,8.139455982987752e-07,6.991221101742694e-07,580312.5715628132
Herat,318.0,3722.525935669602,7.932238096127271e-07,6.813235488629862e-07,580312.5715628559
Herat,318.25,3722.5259356656334,7.730298190404735e-07,6.639783290674032e-07,580312.5715628974
Herat,318.5,3722.525935661765,7.533443970761138e-07,6.470699339924154e-07,580312.5715629378
Herat,318.75,3722.5259356579927,7.341484312735426e-07,6.305819473890672e-07,580312.5715629773
Herat,319.0,3722.525935654313,7.154229262464522e-07,6.144980535545544e-07,580312.5715630158
Herat,319.25,3722.5259356507217,6.9714900366833e-07,5.988020373322207e-07,580312.5715630533
Herat,319.5,3722.5259356472156,6.793079022724601e-07,5.834777841115594e-07,580312.57156309
Herat,319.75,3722.525935643791,6.618809778519221e-07,5.685092798282155e-07,580312.5715631258
Herat,320.0,3722.525935640444,6.448497032595922e-07,5.538806109639805e-07,580312.5715631609
Herat,320.25,3722.525935637174,6.282080697577551e-07,5.395866164349528e-07,580312.5715631951
Herat,320.5,3722.525935633981,6.119601958769066e-07,5.256308337692724e-07,580312.5715632285
Herat,320.75,3722.5259356308643,5.961004516770517e-07,5.120084272437676e-07,580312.5715632611
Herat,321.0,3722.525935627823,5.806231569644742e-07,4.987145179708533e-07,580312.5715632929
Herat,321.25,3722.5259356248553,5.65522596069832e-07,4.857441965918766e-07,580312.571563324
Herat,321.5,3722.525935621961,5.507930178481574e-07,4.7309252327711737e-07,580312.5715633542
Herat,321.75,3722.525935619138,5.364286356788574e-07,4.607545277257875e-07,580312.5715633838
Herat,322.0,3722.5259356163856,5.22423627465713e-07,4.4872520916603165e-07,580312.5715634126
Herat,322.25,3722.525935613703,5.0877213563688e-07,4.36999536354927e-07,580312.5715634406
Herat,322.5,3722.5259356110887,4.954682671448881e-07,4.2557244757848306e-07,580312.571563468
Herat,322.75,3722.525935608541,4.825060934666418e-07,4.1443885065164194e-07,580312.5715634946
Herat,323.0,3722.52593560606,4.6987965060341984e-07,4.0359362291827815e-07,580312.5715635206
Herat,323.25,3722.5259356036436,4.5758293908087536e-07,3.930316112511986e-07,580312.5715635458
Herat,323.5,3722.5259356012907,4.4560992394903585e-07,3.8274763205214287e-07,580312.5715635704
Herat,323.75,3722.525935599,4.3395453478230314e-07,3.7273647125178287e-07,580312.5715635944
Herat,324.0,3722.525935596771,4.2261066567945365e-07,3.629928843097231e-07,580312.5715636177
Herat,324.25,3722.525935594602,4.115721752636381e-07,3.5351159621450036e-07,580312.5715636404
Herat,324.5,3722.5259355924914,4.008328866823814e-07,3.4428730148358416e-07,580312.5715636625
Herat,324.75,3722.5259355904386,3.9038658760758303e-07,3.353146641633763e-07,580312.5715636839
Herat,325.0,3722.525935588442,3.8022703023551707e-07,3.265883178292111e-07,580312.5715637048
Herat,325.25,3722.5259355865005,3.7034793128683145e-07,3.1810286558535534e-07,580312.5715637251
Herat,325.5,3722.5259355846133,3.60742972006549e-07,3.0985288006500846e-07,580312.5715637448
Herat,325.75,3722.5259355827784,3.5140579816406673e-07,3.018329034303021e-07,580312.571563764
Herat,326.0,3722.525935580995,3.423300200531559e-07,2.9403744737230063e-07,580312.5715637828
Herat,326.25,3722.5259355792614,3.3350921249196243e-07,2.864609931110007e-07,580312.5715638008
Herat,326.5,3722.5259355775765,3.249369148230065e-07,2.790979913953314e-07,580312.5715638185
Herat,326.75,3722.5259355759395,3.1660663091318265e-07,2.719428625031546e-07,580312.5715638356
Herat,327.0,3722.5259355743488,3.085118291537597e-07,2.649899962412644e-07,580312.5715638523
Herat,327.25,3722.525935572803,3.006459424603814e-07,2.582337519453874e-07,580312.5715638684
Herat,327.5,3722.525935571301,2.93002368273065e-07,2.516684584801828e-07,580312.571563884
Herat,327.75,3722.5259355698413,2.855744685562029e-07,2.45288414239242e-07,580312.5715638994
Herat,328.0,3722.525935568423,2.783555697985615e-07,2.3908788714508924e-07,580312.5715639142
Herat,328.25,3722.5259355670437,2.7133896301328194e-07,2.33061114649181e-07,580312.5715639286
Herat,328.5,3722.5259355657035,2.645179037378792e-07,2.272023037319063e-07,580312.5715639426
Herat,328.75,3722.5259355644002,2.5788561203424317e-07,2.2150563090258667e-07,580312.5715639563
Herat,329.0,3722.5259355631324,2.514352724886378e-07,2.15965242199476e-07,580312.5715639695
Herat,329.25,3722.525935561899,2.4516003421170167e-07,2.105752531897609e-07,580312.5715639824
Herat,329.5,3722.525935560699,2.3905301083844745e-07,2.0532974896956006e-07,580312.571563995
Herat,329.75,3722.525935559531,2.3310728052826256e-07,2.0022278416392514e-07,580312.5715640072
Herat,330.0,3722.5259355583926,2.2731588596490844e-07,1.9524838292683977e-07,580312.5715640191
Herat,330.25,3722.5259355572834,2.2167183435652134e-07,1.9040053894122053e-07,580312.5715640307
Herat,330.5,3722.525935556202,2.1616809743561135e-07,1.856732154189161e-07,580312.571564042
Herat,330.75,3722.5259355551466,2.1079761145906356e-07,1.810603451007078e-07,580312.5715640531
Herat,331.0,3722.525935554116,2.0555327720813692e-07,1.7655583025630963e-07,580312.5715640638
Herat,331.25,3722.525935553109,2.0042795998846522e-07,1.7215354268436742e-07,580312.5715640744
Herat,331.5,3722.5259355521234,1.954144896300562e-07,1.6784732371246052e-07,580312.5715640847
Herat,331.75,3722.525935551159,1.9050566048729245e-07,1.6363098419709966e-07,580312.5715640947
Herat,332.0,3722.5259355502135,1.8569423143893047e-07,1.5949830452372868e-07,580312.5715641046
Herat,332.25,3722.525935549286,1.8097292588810132e-07,1.5544303460672373e-07,580312.5715641143
Herat,332.5,3722.525935548374,1.7633443176231088e-07,1.514588938893936e-07,580312.5715641238
Herat,332.75,3722.525935547479,1.717802419761414e-07,1.4754716468080006e-07,580312.5715641333
Herat,333.0,3722.5259355466033,1.6732144116633094e-07,1.4371736790570334e-07,580312.5715641425
Herat,333.25,3722.5259355457456,1.6295784492964827e-07,1.3996934517449578e-07,580312.5715641514
Herat,333.5,3722.5259355449066,1.586890454908364e-07,1.36302746236688e-07,580312.5715641602
Herat,333.75,3722.525935544086,1.5451459136400384e-07,1.3271718329743232e-07,580312.5715641688
Herat,334.0,3722.5259355432845,1.504339873526245e-07,1.292122310175228e-07,580312.5715641772
Herat,334.25,3722.525935542501,1.4644669454953776e-07,1.2578742651339522e-07,580312.5715641853
Herat,334.5,3722.5259355417356,1.4255213033694853e-07,1.2244226935712712e-07,580312.5715641933
Herat,334.75,3722.5259355409885,1.3874966838642708e-07,1.1917622157643778e-07,580312.5715642011
Herat,335.0,3722.525935540259,1.3503863865890919e-07,1.1598870765468825e-07,580312.5715642088
Herat,335.25,3722.5259355395474,1.314183274046961e-07,1.1287911453088119e-07,580312.5715642162
Herat,335.5,3722.525935538854,1.2788797716345445e-07,1.0984679159966117e-07,580312.5715642235
Herat,335.75,3722.5259355381777,1.2444678676421639e-07,1.0689105071131436e-07,580312.5715642306
Herat,336.0,3722.5259355375188,1.2109391132537953e-07,1.0401116617176876e-07,580312.5715642375
Herat,336.25,3722.525935536877,1.1782846225470693e-07,1.0120637474259404e-07,580312.5715642441
Herat,336.5,3722.5259355362523,1.1464950724932706e-07,9.847587564100162e-08,580312.5715642507
Herat,336.75,3722.5259355356443,1.115560702957339e-07,9.581883053984471e-08,580312.571564257
Herat,337.0,3722.525935535053,1.0854713166978687e-07,9.323436356761821e-08,580312.5715642632
Herat,337.25,3722.5259355344783,1.056216279367108e-07,9.072156130845874e-08,580312.5715642693
Herat,337.5,3722.5259355339194,1.027784519510961e-07,8.827947280214474e-08,580312.5715642751
Herat,337.75,3722.5259355333765,1.0001645285689851e-07,8.590710954409626e-08,580312.5715642808
Herat,338.0,3722.5259355328494,9.733443608743925e-08,8.360344548537518e-08,580312.5715642862
Herat,338.25,3722.525935532338,9.473116336540509e-08,8.136741703268514e-08,580312.5715642916
Herat,338.5,3722.5259355318417,9.220535270284812e-08,7.919792304837142e-08,580312.5715642968
Herat,338.75,3722.52593553136,8.975567840118596e-08,7.709382485042114e-08,580312.5715643018
Herat,339.0,3722.5259355308935,8.738077105120172e-08,7.505394621246306e-08,580312.5715643067
Herat,339.25,3722.525935530441,8.507921753304388e-08,7.307707336376774e-08,580312.5715643115
Herat,339.5,3722.525935530003,8.284956101622645e-08,7.116195498924748e-08,580312.571564316
Herat,339.75,3722.525935529579,8.069030095962888e-08,6.930730222945627e-08,580312.5715643205
Herat,340.0,3722.525935529168,7.859989311149603e-08,6.75117886805899e-08,580312.5715643248
Herat,340.25,3722.5259355287703,7.657674950943827e-08,6.577405039448584e-08,580312.571564329
Herat,340.5,3722.5259355283856,7.46192384804314e-08,6.409268587862332e-08,580312.5715643329
Herat,340.75,3722.5259355280136,7.272568464081667e-08,6.246625609612332e-08,580312.5715643369
Herat,341.0,3722.5259355276535,7.089436889630084e-08,6.089328446574854e-08,580312.5715643406
Herat,341.25,3722.5259355273056,6.912352844195606e-08,5.9372256861903444e-08,580312.5715643442
Herat,341.5,3722.525935526969,6.741135676221994e-08,5.7901621614634185e-08,580312.5715643478
Herat,341.75,3722.525935526644,6.575600363089561e-08,5.6479789509628664e-08,580312.5715643512
Herat,342.0,3722.5259355263292,6.415557511115161e-08,5.5105133788216576e-08,580312.5715643545
Herat,342.25,3722.5259355260255,6.260813355552192e-08,5.3775990147369315e-08,580312.5715643576
Herat,342.5,3722.5259355257313,6.111169760590601e-08,5.2490656739699976e-08,580312.5715643608
Herat,342.75,3722.5259355254466,5.966424219356879e-08,5.124739417346345e-08,580312.5715643637
Herat,343.0,3722.5259355251715,5.826369853914064e-08,5.004442551255634e-08,580312.5715643666
Herat,343.25,3722.525935524905,5.690795415261739e-08,4.887993627651698e-08,580312.5715643694
Herat,343.5,3722.525935524647,5.559485283336031e-08,4.775207444052546e-08,580312.571564372
Herat,343.75,3722.525935524397,5.432219467009612e-08,4.665895043540355e-08,580312.5715643747
Herat,344.0,3722.525935524154,5.3087736040917065e-08,4.5598637147614884e-08,580312.5715643772
Herat,344.25,3722.525935523919,5.188918961328078e-08,4.45691699192647e-08,580312.5715643797
Herat,344.5,3722.52593552369,5.0724224344010325e-08,4.356854654810003e-08,580312.5715643821
Herat,344.75,3722.525935523467,4.959046547929439e-08,4.259472728750966e-08,580312.5715643844
Herat,345.0,3722.52593552325,4.848549455468685e-08,4.164563484652406e-08,580312.5715643867
Herat,345.25,3722.5259355230382,4.740684939510726e-08,4.071915438981548e-08,580312.5715643889
Herat,345.5,3722.525935522831,4.635202411484054e-08,3.981313353769791e-08,580312.571564391
Herat,345.75,3722.5259355226276,4.531846911753709e-08,3.892538236612705e-08,580312.5715643932
Herat,346.0,3722.525935522428,4.4303591096212775e-08,3.8053673406700404e-08,580312.5715643953
Herat,346.25,3722.525935522232,4.330475303324883e-08,3.7195741646657084e-08,580312.5715643973
Herat,346.5,3722.5259355220383,4.2319274200392125e-08,3.634928452887808e-08,580312.5715643994
Herat,346.75,3722.525935521847,4.134443015875473e-08,3.551196195188599e-08,580312.5715644014
Herat,347.0,3722.5259355216567,4.0377452758814456e-08,3.468139626984528e-08,580312.5715644034
Herat,347.25,3722.5259355214675,3.94155301404144e-08,3.385517229256201e-08,580312.5715644053
Herat,347.5,3722.525935521279,3.8455806732763115e-08,3.303083728548415e-08,580312.5715644073
Herat,347.75,3722.52593552109,3.749538325443461e-08,3.2205900969701237e-08,580312.5715644093
Herat,348.0,3722.525935520901,3.653326841808657e-08,3.137951189989527e-08,580312.5715644113
Herat,348.25,3722.5259355207145,3.558482894745206e-08,3.056486901820966e-08,580312.5715644133
Herat,348.5,3722.5259355205317,3.4654095253705156e-08,2.976543416507624e-08,580312.5715644151
Herat,348.75,3722.5259355203525,3.374119013938612e-08,2.898131281810668e-08,580312.571564417
Herat,349.0,3722.5259355201765,3.284622208776009e-08,2.821259815570156e-08,580312.5715644188
Herat,349.25,3722.525935520004,3.196928526281709e-08,2.745937105705038e-08,580312.5715644207
Herat,349.5,3722.5259355198355,3.1110459509272e-08,2.6721700102131537e-08,580312.5715644225
Herat,349.75,3722.52593551967,3.0269810352564545e-08,2.599964157171236e-08,580312.5715644242
Herat,350.0,3722.5259355195085,2.9447388998859365e-08,2.5293239447349076e-08,580312.5715644258
Herat,350.25,3722.5259355193507,2.864323233504593e-08,2.4602525411386826e-08,580312.5715644275
Herat,350.5,3722.525935519196,2.7857362928738588e-08,2.392751884695967e-08,580312.5715644291
Herat,350.75,3722.525935519045,2.7089789028276562e-08,2.3268226837990566e-08,580312.5715644307
Herat,351.0,3722.5259355188978,2.634050456272394e-08,2.2624644169191395e-08,580312.5715644322
Herat,351.25,3722.5259355187545,2.5609489141869676e-08,2.1996753326062956e-08,580312.5715644337
Herat,351.5,3722.5259355186145,2.4896708056227586e-08,2.1384524494894937e-08,580312.5715644351
Herat,351.75,3722.5259355184776,2.420211227703637e-08,2.0787915562765967e-08,580312.5715644367
Herat,352.0,3722.525935518345,2.3525638456259577e-08,2.0206872117543565e-08,580312.571564438
Herat,352.25,3722.5259355182156,2.286720892658564e-08,1.9641327447884168e-08,580312.5715644393
Herat,352.5,3722.5259355180897,2.2226731701427853e-08,1.9091202543233126e-08,580312.5715644407
Herat,352.75,3722.5259355179674,2.160410047492437e-08,1.855640609382471e-08,580312.571564442
Herat,353.0,3722.525935517848,2.099919462193823e-08,1.8036834490682085e-08,580312.5715644432
Herat,353.25,3722.5259355177327,2.041187919805733e-08,1.753237182561734e-08,580312.5715644445
Herat,353.5,3722.525935517621,1.984200493959443e-08,1.7042889891231474e-08,580312.5715644456
Herat,353.75,3722.525935517512,1.928940826358717e-08,1.6568248180914402e-08,580312.5715644467
Herat,354.0,3722.525935517407,1.8753911267798048e-08,1.610829388884493e-08,580312.5715644478
Herat,354.25,3722.5259355173052,1.8235321730714443e-08,1.5662861909990816e-08,580312.5715644489
Herat,354.5,3722.5259355172066,1.773343311154858e-08,1.5231774840108692e-08,580312.5715644499
Herat,354.75,3722.525935517111,1.724802455023757e-08,1.481484297574412e-08,580312.5715644509
Herat,355.0,3722.5259355170188,1.677886086744339e-08,1.4411864314231565e-08,580312.5715644519
Herat,355.25,3722.52593551693,1.6325692564552877e-08,1.4022624553694415e-08,580312.5715644528
Herat,355.5,3722.525935516844,1.588825582367774e-08,1.3646897093044961e-08,580312.5715644537
Herat,355.75,3722.525935516761,1.5466272507654567e-08,1.3284443031984408e-08,580312.5715644546
Herat,356.0,3722.525935516681,1.505945016004479e-08,1.2935011171002876e-08,580312.5715644554
Herat,356.25,3722.525935516604,1.4667482005134727e-08,1.2598338011379398e-08,580312.5715644562
Herat,356.5,3722.52593551653,1.4290046947935564e-08,1.2274147755181917e-08,580312.571564457
Herat,356.75,3722.5259355164585,1.392680957418335e-08,1.196215230526728e-08,580312.5715644577
Herat,357.0,3722.52593551639,1.3577420150339002e-08,1.1662051265281261e-08,580312.5715644584
Herat,357.25,3722.525935516324,1.3241514623588297e-08,1.1373531939658527e-08,580312.5715644591
Herat,357.5,3722.5259355162602,1.2918714621841899e-08,1.1096269333622682e-08,580312.5715644598
Herat,357.75,3722.5259355161993,1.2608627453735318e-08,1.0829926153186214e-08,580312.5715644604
Herat,358.0,3722.525935516141,1.2310846108628952e-08,1.0574152805150558e-08,580312.5715644611
Herat,358.25,3722.5259355160847,1.2024949256608066e-08,1.0328587397106016e-08,580312.5715644617
Herat,358.5,3722.525935516031,1.1750501248482767e-08,1.0092855737431837e-08,580312.5715644623
Herat,358.75,3722.525935515979,1.1487052115788063e-08,9.86657133529617e-09,580312.5715644627
Herat,359.0,3722.525935515929,1.1234137570783803e-08,9.649335400656077e-09,580312.5715644633
Herat,359.25,3722.5259355158814,1.099127900645472e-08,9.440736844257535e-09,580312.5715644638
Herat,359.5,3722.525935515836,1.0757983496510419e-08,9.240352277635425e-09,580312.5715644642
Herat,359.75,3722.525935515792,1.0533743795385356e-08,9.047746013113547e-09,580312.5715644647
Herat,360.0,3722.5259355157496,1.0318038338238876e-08,8.862470063804607e-09,580312.5715644652
Herat,360.25,3722.5259355157086,1.0110331240955164e-08,8.684064143610245e-09,580312.5715644655
Herat,360.5,3722.525935515669,9.910072300143296e-09,8.512055667220966e-09,580312.571564466
Herat,360.75,3722.5259355156313,9.71669699313721e-09,8.345959750116239e-09,580312.5715644663
Herat,361.0,3722.5259355155945,9.529626477995707e-09,8.185279208564406e-09,580312.5715644668
Herat,361.25,3722.5259355155586,9.348267593502461e-09,8.029504559622747e-09,580312.5715644672
Herat,361.5,3722.525935515524,9.17201285916602e-09,7.878114021137449e-09,580312.5715644675
Herat,361.75,3722.5259355154903,9.00024047521978e-09,7.730573511743582e-09,580312.5715644679
Herat,362.0,3722.525935515457,8.832314322622025e-09,7.58633665086518e-09,580312.5715644682
Herat,362.25,3722.525935515425,8.667583963055909e-09,7.444844758715139e-09,580312.5715644686
Herat,362.5,3722.525935515393,8.505384638929428e-09,7.3055268562953126e-09,580312.5715644689
Herat,362.75,3722.5259355153617,8.345037273375461e-09,7.16779966539641e-09,580312.5715644693
Herat,363.0,3722.5259355153303,8.185848470251774e-09,7.031067608598109e-09,580312.5715644695
Herat,363.25,3722.5259355152994,8.02711051414097e-09,6.894722809268973e-09,580312.5715644698
Herat,363.5,3722.525935515268,7.868101370350549e-09,6.758145091566472e-09,580312.5715644702
Herat,363.75,3722.5259355152366,7.708084684912839e-09,6.620701980437001e-09,580312.5715644705
Herat,364.0,3722.5259355152048,7.546309784585072e-09,6.481748701615853e-09,580312.5715644709
Herat,364.25,3722.5259355151725,7.3820116768493405e-09,6.340628181627261e-09,580312.5715644712
Herat,364.5,3722.5259355151393,7.214411049912594e-09,6.1966710477843316e-09,580312.5715644716
Herat,364.75,3722.5259355151056,7.042714272706658e-09,6.0491956281891105e-09,580312.5715644719
Herat,365.0,3722.525935515071,6.866113394888239e-09,5.897507951732535e-09,580312.5715644723
Bamyan,0.0,12245.123033821998,0.0,1.0,57695.752766178
Bamyan,0.25,12244.963790366048,0.1567565281255453,0.9418485909160638,57695.813404514905
Bamyan,0.5,12244.813419206592,0.2999584553016842,0.8917572453430517,57695.87066509276
Bamyan,0.75,12244.670670247233,0.43125321227405305,0.8488527145427249,57695.92502382595
Bamyan,1.0,12244.534428426383,0.5521046375823764,0.8123617009806013,57695.97690523505
Bamyan,1.25,12244.40369823973,0.6638138609779776,0.781599563906209,57696.026688335376
Bamyan,1.5,12244.277590016061,0.7675378172242868,0.7559603077889867,57696.07471185892
Bamyan,1.75,12244.15530774363,0.8643056641482282,0.7349077055263032,57696.12127888669
Bamyan,2.0,12244.036138271274,0.9550333424201622,0.7179674279932506,57696.166660958304
Bamyan,2.25,12243.919441728187,1.0405364879011691,0.7047200658894202,57696.211101718014
Bamyan,2.5,12243.804643023628,1.1215418839027351,0.6947949425301418,57696.25482014992
Bamyan,2.75,12243.691224302991,1.1986976203282034,0.6878646272427509,57696.29801344942
Bamyan,3.0,12243.57871825026,1.2725821081770337,0.6836400690279237,57696.34085957252
Bamyan,3.25,12243.46670215341,1.3437120622461103,0.6818662893947472,57696.383519494935
Bamyan,3.5,12243.354792634398,1.4125495847840757,0.68231856254161,57696.42613921826
Bamyan,3.75,12243.242640964434,1.479508457297654,0.6847990248450144,57696.46885155341
Bamyan,4.0,12243.129928894783,1.5449597345709318,0.6891336627977005,57696.51177770783
Bamyan,4.25,12243.016364962166,1.609236696294186,0.6951696493719627,57696.55502869215
Bamyan,4.5,12242.90168123662,1.672639200067801,0.7027730049604499,57696.598706558325
Bamyan,4.75,12242.785630386106,1.7354376049579199,0.7118264915765043,57696.642905517336
Bamyan,5.0,12242.667983055324,1.7978762688065724,0.7222277386830158,57696.68771293716
Bamyan,5.25,12242.54852561286,1.860176547821033,0.7338876386372797,57696.733210200655
Bamyan,5.5,12242.42705807889,1.9225395503063119,0.7467288761510358,57696.77947349463
Bamyan,5.75,12242.303392256428,1.9851486130042708,0.7606846090768709,57696.82657452147
Bamyan,6.0,12242.177350184596,2.0481713437099143,0.7756973835043951,57696.87458108816
Bamyan,6.25,12242.048762616867,2.1117616260252547,0.7917180712228289,57696.923557685855
Bamyan,6.5,12241.917467751628,2.1760612828353554,0.8087049922071223,57696.9735659733
Bamyan,6.75,12241.783310106632,2.2412015458746897,0.826623141907676,57697.02466520555
Bamyan,7.0,12241.64613940852,2.3073044983898297,0.8454434360831465,57697.07691265697
Bamyan,7.25,12241.505809776425,2.3744841269073906,0.8651421644354035,57697.1303639322
Bamyan,7.5,12241.362178767642,2.4428475476948335,0.8857003549204416,57697.18507332971
Bamyan,7.75,12241.215106767106,2.5124957791291407,0.9071033792822053,57697.24109407445
Bamyan,8.0,12241.064456180984,2.5835247634263734,0.9293404304737173,57697.29847862508
Bamyan,8.25,12240.910090974696,2.656025937122262,0.952404238079706,57697.35727885007
Bamyan,8.5,12240.75187598436,2.730087087708366,0.9762906378220249,57697.41754629008
Bamyan,8.75,12240.589676572172,2.805792765438488,1.0009983729703265,57697.47933228939
Bamyan,9.0,12240.42335803168,2.883225005940801,1.0265287397386027,57697.54268822261
Bamyan,9.25,12240.25278532011,2.9624636381315077,1.0528854449221443,57697.607665596806
Bamyan,9.5,12240.077822571624,3.0435868555996923,1.0800743356316744,57697.67431623712
Bamyan,9.75,12239.898332826682,3.126671521620686,1.1081032616332758,57697.742692390035
Bamyan,10.0,12239.714177714986,3.211793518700786,1.1369819218309096,57697.812846844456
Bamyan,10.25,12239.52521709439,3.2990281514600133,1.1667216846900599,57697.88483306943
Bamyan,10.5,12239.33130891542,3.388450273298135,1.1973355451903822,57697.958705266064
Bamyan,10.75,12239.132308823322,3.4801347129029407,1.2288379443461634,57698.0345185194
Bamyan,11.0,12238.928070016167,3.574156406665355,1.2612447243873952,57698.11232885275
Bamyan,11.25,12238.718443036663,3.6705905942694805,1.2945730616916375,57698.19219330735
Bamyan,11.5,12238.503275452338,3.7695131362751146,1.3288413468207383,57698.27417006454
Bamyan,11.75,12238.282411791255,3.8710005512985597,1.3640691868534003,57698.35831847057
Bamyan,12.0,12238.055693291595,3.975130239602551,1.4002773363318979,57698.444699132444
Bamyan,12.25,12237.822957654294,4.081980705063142,1.437487628038129,57698.53337401258
Bamyan,12.5,12237.58403899492,4.19163157001501,1.475722987589631,57698.62440644745
Bamyan,12.75,12237.338767608542,4.30416376571187,1.5150073879593073,57698.71786123776
Bamyan,13.0,12237.086969729828,4.419659726943252,1.5553658028777035,57698.813804740326
Bamyan,13.25,12236.828467482917,4.538203406441088,1.5968242230768428,57698.91230488753
Bamyan,13.5,12236.563078722218,4.659880384212869,1.6394096448928726,57699.01343124865
Bamyan,13.75,12236.290616734124,4.7847780866818646,1.6831500350230924,57699.11725514414
Bamyan,14.0,12236.010890167241,4.9129858222133445,1.7280743378443815,57699.22384967268
Bamyan,14.25,12235.72370297044,5.044594800625309,1.7742124936278831,57699.33328973528
Bamyan,14.5,12235.42885407286,5.179698347618734,1.821595421178567,57699.44565215832
Bamyan,14.75,12235.126137235215,5.318391996755137,1.8702550173954102,57699.56101575061
Bamyan,15.0,12234.815340979365,5.460773511722231,1.9202241779656202,57699.679461330925
Bamyan,15.25,12234.496248479229,5.606942944554982,1.9715368059078036,57699.801071770285
Bamyan,15.5,12234.168637194069,5.757002851910269,2.0242278209065208,57699.92593213309
Bamyan,15.75,12233.832278794274,5.911058334306502,2.0783331656621726,57700.054129705735
Bamyan,16.0,12233.486939070639,6.069217066516123,2.1338898307182266,57700.18575403211
Bamyan,16.25,12233.132377787379,6.231589376606274,2.1909358654222864,57700.320896970574
Bamyan,16.5,12232.768348301766,6.398288449786486,2.2495104077993413,57700.459652840625
Bamyan,16.75,12232.394597505776,6.569430356759898,2.3096536919915445,57700.60211844545
Bamyan,17.0,12232.01086571395,6.745134095599246,2.371407074549874,57700.74839311588
Bamyan,17.25,12231.616886514845,6.925521666754343,2.4348130502122345,57700.89857876817
Bamyan,17.5,12231.212386352614,7.110718283976671,2.499915297778591,57701.052780065605
Bamyan,17.75,12230.797084464417,7.300852403927295,2.566758688847283,57701.21110444278
Bamyan,18.0,12230.370692749348,7.496055778775027,2.635389314826793,57701.37366215702
Bamyan,18.25,12229.932915635345,7.696463518680406,2.7058545054755134,57701.540566340474
Bamyan,18.5,12229.483449608988,7.902214320253737,2.778202888662713,57701.711933182065
Bamyan,18.75,12229.021983133189,8.113450505045174,2.8524844022696696,57701.88788195947
Bamyan,19.0,12228.548196503203,8.330318079571583,2.9287503215205946,57702.06853509568
Bamyan,19.25,12228.06176172825,8.552966787069735,3.007053278870864,57702.254018205786
Bamyan,19.5,12227.562342010951,8.781550354883228,3.087447335292501,57702.444460298844
Bamyan,19.75,12227.049591629606,9.016226549051414,3.1699879976876497,57702.63999382363
Bamyan,20.0,12226.523155788022,9.257157238035791,3.2547322461272223,57702.84075472779
Bamyan,20.25,12225.982670502182,9.50450843931349,3.3417385553653665,57703.04688250311
Bamyan,20.5,12225.427762038484,9.758450582829676,3.4310669747950824,57703.25852040386
Bamyan,20.75,12224.85804674521,10.019158588655115,3.522779153713224,57703.4758155124
Bamyan,21.0,12224.273130902715,10.286811930992881,3.6169383679014016,57703.69891879836
Bamyan,21.25,12223.672610601818,10.561594686116557,3.713609544299165,57703.92798516774
Bamyan,21.5,12223.056071152725,10.843695807408379,3.8128593467098058,57704.16317369313
Bamyan,21.75,12222.423086850986,11.133309232782432,3.9147562111029592,57704.4046477051
Bamyan,22.0,12221.773220834119,11.430633945924676,4.019370370848477,57704.65257484908
Bamyan,22.25,12221.106024937339,11.735874032055595,4.126773886706889,57704.90712714387
Bamyan,22.5,12220.421039085373,12.049238959657483,4.2370407356280655,57705.16848121931
Bamyan,22.75,12219.717790979768,12.370943723631903,4.350246857931996,57705.43681843864
Bamyan,23.0,12218.99579596263,12.701208903301088,4.46647018126502,57705.71232495278
Bamyan,23.25,12218.254556845466,13.04026072760276,4.58579065668424,57705.99519177022
Bamyan,23.5,12217.493563285165,13.388331363267255,4.708290349875989,57706.28561500167
Bamyan,23.75,12216.71229138564,13.745659096958628,4.834053501008419,57706.58379601637
Bamyan,24.0,12215.910203565514,14.112488391334933,4.963166548018293,57706.88994149511
Bamyan,24.25,12215.086748361258,14.489069958683853,5.095718168864795,57707.20426351117
Bamyan,24.5,12214.241359782576,14.875661057804377,5.2317993755991345,57707.526979784
Bamyan,24.75,12213.373456824054,15.27252571720956,5.371503587199372,57707.85831387151
Bamyan,25.0,12212.482443333409,15.679934790640267,5.514926652784034,57708.19849522314
Bamyan,25.25,12211.567707789525,16.09816603825876,5.662166900317312,57708.547759271874
Bamyan,25.5,12210.628622632657,16.527504434280516,5.813325234030368,57708.906347699005
Bamyan,25.75,12209.66454368104,16.968242433622468,5.968505220582502,57709.274508664734
Bamyan,26.0,12208.674809996792,17.420680028078298,6.1278131127095445,57709.6524968624
Bamyan,26.25,12207.658743639022,17.88512483419317,6.291357904827674,57710.04057362193
Bamyan,26.5,12206.61564896446,18.361892413509544,6.459251434336116,57710.43900718767
Bamyan,26.75,12205.544811943117,18.85130658542596,6.63160848148913,57710.848072989946
Bamyan,27.0,12204.445500019321,19.353699485068404,6.808546793915233,57711.26805370167
Bamyan,27.25,12203.316961839884,19.86941165686812,6.990187149714846,57711.69923935351
Bamyan,27.5,12202.158426520955,20.39879238907417,7.176653463165876,57712.14192762678
Bamyan,27.75,12200.9691028559,20.942200076046827,7.368072898728633,57712.5964241693
Bamyan,28.0,12199.7481791692,21.500002278705793,7.564575896811598,57713.06304265525
Bamyan,28.25,12198.494823019655,22.072575822625538,7.766296245102023,57713.54210491259
Bamyan,28.5,12197.20818042968,22.660307148171206,7.973371189152826,57714.03394123297
Bamyan,28.75,12195.887374977361,23.263592725993757,8.18594156096836,57714.538890735654
Bamyan,29.0,12194.531507641283,23.882839120806626,8.4041518063407,57715.057301431545
Bamyan,29.25,12193.139656478754,24.518463092497356,8.628150065298888,57715.589530363424
Bamyan,29.5,12191.710875814491,25.170891962808707,8.858088287980578,57716.13594393469
Bamyan,29.75,12190.244195207486,25.84056408843615,9.094122378249711,57716.6969183258
Bamyan,30.0,12188.738619284935,26.527928928785336,9.336412222881965,57717.272839563375
Bamyan,30.25,12187.193127395823,27.23344714817006,9.58512178217083,57717.86410367381
Bamyan,30.5,12185.606672756849,27.957590999330677,9.84041921138495,57718.47111703241
Bamyan,30.75,12183.978181283237,28.700844859263483,10.102477019834366,57719.09429683764
Bamyan,31.0,12182.306551410147,29.463705301550736,10.37147210214361,57719.73407118613
Bamyan,31.25,12180.590653722202,30.246681197164385,10.647585840211251,57720.390879240396
Bamyan,31.5,12178.829330056009,31.05029411422915,10.931004230432302,57721.06517159931
Bamyan,31.75,12177.021392182394,31.875078922537156,11.221918058536847,57721.75741083651
Bamyan,32.0,12175.165621613587,32.721583871033076,11.520522933153346,57722.468071582196
Bamyan,32.25,12173.260769209937,33.590370684061675,11.82701940047988,57723.19764070549
Bamyan,32.5,12171.305554240224,34.48201497557522,12.141613077325335,57723.946617706846
Bamyan,32.75,12169.298662901,35.397106929196724,12.464514841862938,57724.71551532791
Bamyan,33.0,12167.238748107788,36.33625138150292,12.795940869654796,57725.50485964103
Bamyan,33.25,12165.12442908088,37.30006790973256,13.136112762550624,57726.31519024681
Bamyan,33.5,12162.954290367148,38.2891912570353,13.485257687496889,57727.147060688294
Bamyan,33.75,12160.726880180371,39.30427209591744,13.843608583036662,57728.00103914065
Bamyan,34.0,12158.440710174336,40.34597711811827,14.21140419793921,57728.87770850958
Bamyan,34.25,12156.094255010577,41.414989108828756,14.588889235983908,57729.777666644586
Bamyan,34.5,12153.685951348476,42.51200737750958,14.976314500441882,57730.70152677355
Bamyan,34.75,12151.214195988752,43.63774861353413,15.373937115656593,57731.64991828203
Bamyan,35.0,12148.677345625805,44.792946983725685,15.782020568399856,57732.62348682204
Bamyan,35.25,12146.0737164014,45.978354187019605,16.200834870307034,57733.622894541244
Bamyan,35.5,12143.401582873621,47.194739882780354,16.63065670800606,57734.64882053556
Bamyan,35.75,12140.659175944254,48.44289264836215,17.071769678359306,57735.701961729
Bamyan,36.0,12137.844682586912,49.72362008579068,17.524464332647476,57736.78303299462
Bamyan,36.25,12134.956245392086,51.037748849533614,17.989038358474517,57737.89276739988
Bamyan,36.5,12131.991961529806,52.386125061088,18.46579673577507,57739.0319166733
Bamyan,36.75,12128.949880440943,53.769615378880545,18.955051983202974,57740.201252196945
Bamyan,37.0,12125.828003536399,55.18910711614867,19.45712420521944,57741.40156514221
Bamyan,37.25,12122.624283740799,56.64550823305693,19.97234129525834,57742.63366673086
Bamyan,37.5,12119.336624468335,58.13974772263162,20.50103909836454,57743.898388710644
Bamyan,37.75,12115.962877058308,59.67277680374166,21.043561664688404,57745.19658447323
Bamyan,38.0,12112.500840439208,61.24556905294183,21.60026129950459,57746.52912920832
Bamyan,38.25,12108.94826068054,62.85912035055205,22.171498789305076,57747.89692017958
Bamyan,38.5,12105.302830005903,64.51444921890719,22.757643572676518,57749.300877202484
Bamyan,38.75,12101.562183955097,66.21259814887901,23.359073994824165,57750.74194390117
Bamyan,39.0,12097.72390100517,67.95463374920888,23.976177360433603,57752.221087885155
Bamyan,39.25,12093.785502142635,69.74164663426298,24.609350184150983,57753.73930103892
Bamyan,39.5,12089.744449942022,71.5747516913037,25.25899837251906,57755.297599994126
Bamyan,39.75,12085.598145440745,73.45508954991243,25.92553747086552,57756.89702753845
Bamyan,40.0,12081.343927707749,75.38382675298043,26.609392718675284,57758.53865282056
Bamyan,40.25,12076.979073451892,77.36215557145735,27.31099932569363,57760.223571650924
Bamyan,40.5,12072.500796197088,79.39129417339217,28.03080266922225,57761.952906960265
Bamyan,40.75,12067.906242862457,81.47248824353983,28.76925852159064,57763.72781037238
Bamyan,41.0,12063.192493268487,83.60701118036881,29.526833107238293,57765.54946244387
Bamyan,41.25,12058.356559802107,85.79616381982187,30.304003405602778,57767.419072972436
Bamyan,41.5,12053.395386720254,88.04127447591824,31.101257369558514,57769.337881434236
Bamyan,41.75,12048.305846436424,90.34370071478534,31.919094118158206,57771.3071587306
Bamyan,42.0,12043.084738955564,92.70482958126432,32.75802399383858,57773.3282074693
Bamyan,42.25,12037.728791622607,95.12607720874692,33.618568893636876,57775.40236227497
Bamyan,42.5,12032.23465858423,97.60888870021572,34.501262515497075,57777.530990200015
Bamyan,42.75,12026.598916792942,100.15474005718212,35.40665049721184,57779.71549265262
Bamyan,43.0,12020.818065366657,102.76513843702962,36.335290471037354,57781.957305725235
Bamyan,43.25,12014.888525456437,105.44162161808612,37.2877524260878,57784.257900499346
Bamyan,43.5,12008.80663988982,108.18575769269009,38.26461898875915,57786.61878342869
Bamyan,43.75,12002.568668914282,110.99914714744469,39.266485485026905,57789.0414984532
Bamyan,44.0,11996.170789487,113.88342314754426,40.293959988464984,57791.52762737695
Bamyan,44.25,11989.60909531106,116.84025081327827,41.34766371952834,57794.07879015609
Bamyan,44.5,11982.879596671015,119.87132670568472,42.42823136316117,57796.69664526009
Bamyan,44.75,11975.978215948226,122.97838105023908,43.5363110279705,57799.38289197352
Bamyan,45.0,11968.90078686181,126.1631780364026,44.672564282757975,57802.13927081899
Bamyan,45.25,11961.643054743874,129.427514840523,45.8376666035795,57804.96756381198
Bamyan,45.5,11954.200676554086,132.77322090448294,47.0323077238049,57807.86959481758
Bamyan,45.75,11946.56921621243,136.20216028916465,48.257191460439785,57810.84723203792
Bamyan,46.0,11938.744143832764,139.71623196598887,49.51303573489234,57813.90238846631
Bamyan,46.25,11930.720836341858,143.31736848750265,50.800573087051745,57817.03702208355
Bamyan,46.5,11922.49457761609,147.0075350977962,52.12055103759083,57820.25313624848
Bamyan,46.75,11914.060553699415,150.78873219074782,53.47373174990773,57823.55278235989
Bamyan,47.0,11905.413852093792,154.66299555495564,54.860892034541905,57826.938060316665
Bamyan,47.25,11896.549462878818,158.63239454373155,56.282823961749585,57830.41111861566
Bamyan,47.5,11887.462278838282,162.69903112353205,57.74033518763374,57833.97415485051
Bamyan,47.75,11878.1470906748,166.8650423873616,59.234248423331046,57837.629418514465
Bamyan,48.0,11868.598586444645,171.13260069245857,60.765401431056254,57841.3792114318
Bamyan,48.25,11858.811353402192,175.5039111190383,62.33464778204512,57845.22588769668
Bamyan,48.5,11848.77987786979,179.98121066869749,63.942857050176805,57849.17185441129
Bamyan,48.75,11838.498540636974,184.5667707359255,65.59091407604852,57853.21957455101
Bamyan,49.0,11827.96161665783,189.26289703767296,67.27971897805995,57857.371567326394
Bamyan,49.25,11817.16327790193,194.0719260995054,69.01018811445672,57861.63040788406
Bamyan,49.5,11806.097592583486,198.9962249530633,70.78325397634495,57865.99872848706
Bamyan,49.75,11794.758521039275,204.03819339488982,72.5998642749644,57870.47922129083
Bamyan,50.0,11783.139915877578,209.2002635143125,74.46098201732183,57875.07463859075
Bamyan,50.25,11771.235526083927,214.48489498576092,76.36758671562694,57879.78779221464
Bamyan,50.5,11759.038995139537,219.89457572458133,78.32067373073468,57884.6215554051
Bamyan,50.75,11746.54385776648,225.43182368345802,80.32125328343201,57889.57886526659
Bamyan,51.0,11733.743540919235,231.09918555553662,82.37035069168296,57894.662722833506
Bamyan,51.25,11720.631369068464,236.89923098599797,84.46900776694089,57899.876192178555
Bamyan,51.5,11707.200560905025,242.83455453961082,86.61828133614725,57905.22240321918
Bamyan,51.75,11693.444227313834,248.9077767801849,88.8192423617835,57910.704553544165
Bamyan,52.0,11679.355374111636,255.1215412093854,91.07297653667108,57916.32590814227
Bamyan,52.25,11664.926907403367,261.47850853782467,93.38058548545294,57922.08979857332
Bamyan,52.5,11650.151629415997,267.9813595749621,95.74318440094525,57927.999626608056
Bamyan,52.75,11635.022237853007,274.6327954269868,98.16190148385307,57934.05886523611
Bamyan,53.0,11619.531331654862,281.4355314808201,100.63787920984991,57940.27105765443
Bamyan,53.25,11603.671414304843,288.3922937484603,103.17227438629689,57946.63981756036
Bamyan,53.5,11587.434890242146,295.505821619905,105.76625541416422,57953.16883272375
Bamyan,53.75,11570.814066009681,302.77886656524186,108.4210022244032,57959.86186520063
Bamyan,54.0,11553.801159382148,310.21418291969604,111.13770824398142,57966.72274945414
Bamyan,54.25,11536.388298980974,317.81452807524914,113.91757827122963,57973.75539467251
Bamyan,54.5,11518.567522539062,325.5826639585342,116.76182627376531,57980.963787228604
Bamyan,54.75,11500.33078197013,333.52135200229304,119.67167619573392,57988.351989831805
Bamyan,55.0,11481.669952582719,341.6333441152044,122.64836346992699,57995.92413983211
Bamyan,55.25,11462.576830438078,349.92138562404455,125.69313079154958,58003.68445314629
Bamyan,55.5,11443.043133100049,358.38821463135724,128.80722720753204,58011.63722506103
Bamyan,55.75,11423.060510920424,367.036551047873,131.9919103392601,58019.786827692405
Bamyan,56.0,11402.620551092381,375.8690933105607,135.24844462471165,58028.13771097231
Bamyan,56.25,11381.714776160823,384.8885206621878,138.57809737497948,58036.69440580197
Bamyan,56.5,11360.334650012099,394.09748754127696,141.98213946013314,58045.46152298646
Bamyan,56.75,11338.47159134422,403.49861088947404,145.46184744684496,58054.44375031943
Bamyan,57.0,11316.116972724652,413.0944729533212,149.01849789189185,58063.6458564301
Bamyan,57.25,11293.262122353091,422.8876202455742,152.65336581854135,58073.07269158276
Bamyan,57.5,11269.898339280733,432.88054918511403,156.36772760348086,58082.72918393064
Bamyan,57.75,11246.016899441012,443.07570219948354,160.16285799079282,58092.620340368674
Bamyan,58.0,11221.609055504201,453.4754699747494,164.04002504812686,58102.75124947289
Bamyan,58.25,11196.666047261779,464.08218198631226,168.00049162908863,58113.12707912279
Bamyan,58.5,11171.179117307971,474.8980926603379,172.04551680111786,58123.75307323054
Bamyan,58.75,11145.139511291682,485.9253849695456,176.17634807473777,58134.634555664
Bamyan,59.0,11118.538483025466,497.1661665932125,180.39422057361224,58145.776929807675
Bamyan,59.25,11091.36731583229,508.62245035800584,184.70036083608537,58157.18567297359
Bamyan,59.5,11063.617326749352,520.2961546191652,189.09597982647762,58168.866338804975
Bamyan,59.75,11035.279869175356,532.1891034125296,193.58226868199694,58180.824558730084
Bamyan,60.0,11006.346352785067,544.3030082523261,198.1604025004174,58193.06603646216
Bamyan,60.25,10976.808256225422,556.6394599619618,202.8315369967929,58205.59654681579
Bamyan,60.5,10946.657128552277,569.1999323162719,207.5968003865135,58218.42193874491
Bamyan,60.75,10915.884604871657,581.9857682847486,212.45729569974475,58231.54813114382
Bamyan,61.0,10884.482427651274,594.9981627190712,217.41410178085536,58244.98110784877
Bamyan,61.25,10852.442448836633,608.2381676787564,222.46826224144655,58258.72692124314
Bamyan,61.5,10819.756640893353,621.7066838693215,227.62078547620862,58272.79168976109
Bamyan,61.75,10786.417124709873,635.4044363625882,232.87264900209405,58287.18158992542
Bamyan,62.0,10752.416173928805,649.3319793339679,238.22478743987887,58301.90285929732
Bamyan,62.25,10717.74622277029,663.4896920396458,243.6780896639319,58316.961795526106
Bamyan,62.5,10682.399897093872,677.8777512742655,249.23340488461645,58332.364746747226
Bamyan,62.75,10646.370022846517,692.4961327566969,254.8915317254386,58348.11811267133
Bamyan,63.0,10609.649631845412,707.3446112428658,260.6532119797568,58364.228344931944
Bamyan,63.25,10572.231993088177,722.4227326012876,266.5191374549839,58380.701936855534
Bamyan,63.5,10534.110626703949,737.7298101380816,272.48994117607174,58397.54542198188
Bamyan,63.75,10495.279308096297,753.2649287026128,278.5661877754333,58414.76537542564
Bamyan,64.0,10455.732098413753,769.0269176224181,284.74838049467064,58432.36840346914
Bamyan,64.25,10415.463363784962,785.0143419657658,291.0369548332577,58450.361139415996
Bamyan,64.5,10374.467778208396,801.2255102860773,297.4322659055064,58468.7502456
Bamyan,64.75,10332.740352985347,817.6584487787991,303.9345953342204,58487.54240290162
Bamyan,65.0,10290.276460293368,834.3108883582419,310.54414720026114,58506.74430414811
Bamyan,65.25,10247.071834968154,851.1802757547536,317.261032824894,58526.362656452184
Bamyan,65.5,10203.122603170897,868.2637487258016,324.0852775830024,58546.40417052028
Bamyan,65.75,10158.425309052946,885.5581202575019,331.01681873899184,58566.87555195054
Bamyan,66.0,10112.97691529723,903.059892899082,338.0554881164996,58587.78350368717
Bamyan,66.25,10066.774831521774,920.7652345319336,345.2010191115711,58609.134714834705
Bamyan,66.5,10019.816942636682,938.669961252661,352.4530458430307,58630.93585026761
Bamyan,66.75,9972.101607798408,956.7695549794493,359.811084131307,58653.193553090816
Bamyan,67.0,9923.627689155026,975.0591390693809,367.27453920588835,58675.91443256968
Bamyan,67.25,9874.39458034461,993.5334616587282,374.84270547809535,58699.10505251855
Bamyan,67.5,9824.402203420454,1012.1869166132822,382.51474623814465,58722.771933728094
Bamyan,67.75,9773.65103857569,1031.0135181555895,390.28970271859066,58746.92154055011
Bamyan,68.0,9722.14215101309,1050.0068867086661,398.1664936650588,58771.56026861316
Bamyan,68.25,9669.877185463158,1069.1602731182682,406.143894226201,58796.69444719235
Bamyan,68.5,9616.858397484528,1088.466531429419,414.2205471363857,58822.330323949645
Bamyan,68.75,9563.088676647456,1107.9181096029863,422.3949611042435,58848.47405264529
Bamyan,69.0,9508.5715385188,1127.5070765753485,430.6654895357125,58875.13169537012
Bamyan,69.25,9453.311157972288,1147.2250924703033,439.0303446044728,58902.309204952915
Bamyan,69.5,9397.312386333317,1167.063406855707,447.4875933275838,58930.01241348337
Bamyan,69.75,9340.580741147962,1187.0128876377476,456.0351370203772,58958.24703419389
Bamyan,70.0,9283.122441576152,1207.0639883934214,464.6707288924104,58987.01864113799
Bamyan,70.25,9224.944416970146,1227.2067569562748,473.391966595974,59016.332659477586
Bamyan,70.5,9166.05429533055,1247.43086444619,482.1962736329183,59046.19436659032
Bamyan,70.75,9106.46044022017,1267.725570132097,491.08092080072396,59076.60886884699
Bamyan,71.0,9046.17194836688,1288.0797428874318,500.04301406881785,59107.58109467685
Bamyan,71.25,8985.198638323194,1308.4818879753177,509.0794794962713,59139.1157942052
Bamyan,71.5,8923.551087397866,1328.9201109269613,518.1870883057195,59171.21751336943
Bamyan,71.75,8861.24061646403,1349.3821536016458,527.3624392633317,59203.89059067097
Bamyan,72.0,8798.27928080553,1369.8554158696884,536.6019489701623,59237.1391543546
Bamyan,72.25,8734.679904373803,1390.3269213648816,545.9018795077965,59270.9670947535
Bamyan,72.5,8670.456051158293,1410.783368407012,555.2583151741749,59305.378065260506
Bamyan,72.75,8605.622020323215,1431.21114364115,564.6671602251135,59340.375475810506
Bamyan,73.0,8540.192873833086,1451.5962940427999,574.1241668647768,59375.96246525932
Bamyan,73.25,8474.184395481172,1471.9245908499454,583.6249073642045,59412.14190630466
Bamyan,73.5,8407.613092020734,1492.1815325843202,593.1647811795576,59448.91639421537
Bamyan,73.75,8340.49620917208,1512.3523292814452,602.7390399513436,59486.28822159511
Bamyan,74.0,8272.851681533299,1532.421974705576,612.3427574644533,59524.25938629665
Bamyan,74.25,8204.698140122766,1552.3752379002751,621.9708471621475,59562.831574814794
Bamyan,74.5,8136.054911969208,1572.1966654080406,631.6180808285228,59602.00614179421
Bamyan,74.75,8066.941965584859,1591.870655355319,641.2790594259894,59641.78411963381
Bamyan,75.0,7997.379923693374,1611.3814387545501,650.9482411180462,59682.16619643401
Bamyan,75.25,7927.390043034116,1630.7131035942166,660.6199508500011,59723.15270252165
Bamyan,75.5,7856.994160523146,1649.8496642059167,670.2883553082947,59764.74361996263
Bamyan,75.75,7786.214708392466,1668.7750353294498,679.9475004711489,59806.93855580692
Bamyan,76.0,7715.074673101611,1687.4730792568948,689.5913103008127,59849.73673734067
Bamyan,76.25,7643.597546826904,1705.9276646690162,699.2135690185963,59893.13701948547
Bamyan,76.5,7571.807341093272,1724.1226379188793,708.8079658992347,59937.1378550886
Bamyan,76.75,7499.728526315893,1742.0418913431924,718.368082722613,59981.73729961829
Bamyan,77.0,7427.385991986965,1759.6694072741795,727.8873862251925,60026.93301451365
Bamyan,77.25,7354.805054461301,1776.9892318378638,737.3592764453073,60072.72223725551
Bamyan,77.5,7282.011381051827,1793.9855596659643,746.7770643549508,60119.10179492724
Bamyan,77.75,7209.030960590264,1810.6427606836896,756.1339767050097,60166.06810202102
Bamyan,78.0,7135.890101422148,1826.9453618846703,765.423202913732,60213.61713377943
Bamyan,78.25,7062.615345567566,1842.878141466085,774.6378663249765,60261.74444664136
Bamyan,78.5,6989.233450190899,1858.4261377000435,783.7710420889581,60310.44517002008
Bamyan,78.75,6915.771371852988,1873.5746440661644,792.8157978913456,60359.71398618948
Bamyan,79.0,6842.25617816365,1888.3093039127805,801.7651629484237,60409.54515497512
Bamyan,79.25,6768.715038386685,1902.6161035689743,810.6121579638112,60459.93250008051
Bamyan,79.5,6695.17519251007,1916.4813830797343,819.3498266518393,60510.86939775834
Bamyan,79.75,6621.663866798167,1929.891924137352,827.9712057602385,60562.34880330422
Bamyan,80.0,6548.208270838439,1942.8349306666385,836.4693653208386,60614.36323317407
Bamyan,80.25,6474.835552808893,1955.2980542193511,844.8374294258579,60666.90476354588
Bamyan,80.5,6401.572723043153,1967.2694706436528,853.0685496624602,60719.96505665071
Bamyan,80.75,6328.446655115207,1978.737851301413,861.1559532403276,60773.535340343034
Bamyan,81.0,6255.484030530348,1989.692400030092,869.0929528969348,60827.60641654261
Bamyan,81.25,6182.71127231866,2000.122916459384,876.8729250944646,60882.16868612747
Bamyan,81.5,6110.15454849967,2010.0197604810578,884.4893633243537,60937.2121276949
Bamyan,81.75,6037.839710334725,2019.373896528537,891.9358781654192,60992.726314971296
Bamyan,82.0,5965.792236318737,2028.176943404494,899.2061805282448,61048.7004397485
Bamyan,82.25,5894.037237279983,2036.4211338464193,906.2941375499643,61105.12329132361
Bamyan,82.5,5822.599392466283,2044.0993615633834,913.1937645905056,61161.983281379806
Bamyan,82.75,5751.502903182435,2051.2052188511693,919.8992128278281,61219.26846513854
Bamyan,83.0,5680.771499603068,2057.732952300709,926.4048256054015,61276.966522490795
Bamyan,83.25,5610.428378600477,2063.677508310563,932.7051245137606,61335.064788575175
Bamyan,83.5,5540.49616561223,2069.0345606771475,938.7947998516456,61393.55027385895
Bamyan,83.75,5470.9969237941,2073.800462880025,944.6687659010264,61452.40964742482
Bamyan,84.0,5401.952096928475,2077.972288356228,950.3221433188825,61511.62927139639
Bamyan,84.25,5333.38247778454,2081.5478507295807,955.7502504616276,61571.19522102422
Bamyan,84.5,5265.308220403942,2084.52565287215,960.9486565816666,61631.09327014221
Bamyan,84.75,5197.748790894688,2086.9049187906294,965.9131627697383,61691.30892754492
Bamyan,85.0,5130.722940474262,2088.6856092384114,970.6397919203905,61751.827458366904
Bamyan,85.25,5064.248721393128,2089.868368085127,975.1248390020007,61812.63387151972
Bamyan,85.5,4998.343448064825,2090.454543004014,979.3648529902755,61873.71295594086
Bamyan,85.75,4933.023673153571,2090.4461988707753,983.3566233141174,61935.049304661516
Bamyan,86.0,4868.305206861703,2089.846062989931,987.0972259741634,61996.62730417418
Bamyan,86.25,4804.203090674939,2088.657531844308,990.5840094264908,62058.43116805424
Bamyan,86.5,4740.731575364401,2086.884683844301,993.814575668338,62120.44496512294
Bamyan,86.75,4677.90414215824,2084.5322265420486,996.7868201079158,62182.65261119178
Bamyan,87.0,4615.73349115887,2081.6054868193883,999.4989250345666,62245.03789698715
Bamyan,87.25,4554.231521134752,2078.110423110956,1001.9493341305126,62307.58452162376
Bamyan,87.5,4493.409349793634,2074.0535793140157,1004.1367829833414,62370.27608790899
Bamyan,87.75,4433.277318085923,2069.442056734985,1006.060303953951,62433.09612122512
Bamyan,88.0,4373.844973283416,2064.2835238615457,1007.7191940860229,62496.028108768995
Bamyan,88.25,4315.121084900281,2058.586182140894,1009.1130327859792,62559.05550017282
Bamyan,88.5,4257.11366388873,2052.358720765296,1010.2417000994986,62622.16171524645
Bamyan,88.75,4199.82995248111,2045.610319876919,1011.105340395836,62685.330187246116
Bamyan,89.0,4143.276433162951,2038.3506314244692,1011.7043654331612,62748.5443699794
Bamyan,89.25,4087.458858399876,2030.589722433783,1012.0394814528745,62811.78773771344
Bamyan,89.5,4032.3822509479846,2022.3380678043357,1012.111656821262,62875.04382442639
Bamyan,89.75,3978.0509086863362,2013.60654005119,1011.9221111292139,62938.29624013324
Bamyan,90.0,3924.46843372169,2004.4063591418983,1011.4723374149637,63001.528669721425
Bamyan,90.25,3871.6377475044287,1994.7490664559882,1010.7640889630542,63064.72489707651
Bamyan,90.5,3819.5610979668213,1984.646514845648,1009.7993537028792,63127.86883348463
Bamyan,90.75,3768.2400777128123,1974.110840406245,1008.5803614845616,63190.94452039636
Bamyan,91.0,3717.6756520817485,1963.1544177202709,1007.1095945654791,63253.93613563248
Bamyan,91.25,3667.8681745791973,1951.789843544109,1005.3897541591593,63316.828027717514
Bamyan,91.5,3618.81739631284,1940.0299249840243,1003.4237540352007,63379.604724667915
Bamyan,91.75,3570.522495362974,1927.8876364151554,1001.2147318060942,63442.25093641575
Bamyan,92.0,3522.9820982157144,1915.376093325591,998.766035381911,63504.75157307676
Bamyan,92.25,3476.194300129099,1902.5085329534454,996.0811989744018,63567.091767943035
Bamyan,92.5,3430.1566761998783,1889.2983007037717,993.1639425210521,63629.256880575274
Bamyan,92.75,3384.8663118024247,1875.758808748816,990.0181772398583,63691.23250220888
Bamyan,93.0,3340.319825510032,1861.9035158888848,986.6479825276655,63753.004476073394
Bamyan,93.25,3296.5133900064507,1847.7459082943485,983.0575916829121,63814.55891001627
Bamyan,93.5,3253.4427441725943,1833.2994860984538,979.251390693049,63875.882179035885
Bamyan,93.75,3211.1032195833272,1818.5777304808305,975.2339166856714,63936.96093325015
Bamyan,94.0,3169.4897665587555,1803.594083729843,971.0098367220402,63997.78211298934
Bamyan,94.25,3128.596978787265,1788.3619280426844,966.5839363842523,64058.33295678578
Bamyan,94.5,3088.4191002745265,1772.8945790575215,961.9611182277373,64118.60100244019
Bamyan,94.75,3048.9500514096117,1757.2052584066514,957.1463931889779,64178.57409699474
Bamyan,95.0,3010.1834426851733,1741.307084134322,952.1448666191205,64238.24040656137
Bamyan,95.25,2972.112619306862,1725.2130359968537,946.9617242799458,64297.588420416316
Bamyan,95.5,2934.730664270441,1708.9359528752427,941.6022316029163,64356.60695125138
Bamyan,95.75,2898.0304095322226,1692.4885238993581,936.0717291300712,64415.28513743833
Bamyan,96.0,2862.004458361372,1675.8832712139697,930.3756096067092,64473.61246081793
Bamyan,96.25,2826.6452034829626,1659.1325395072631,924.519311112674,64531.57874589708
Bamyan,96.5,2791.9448646624633,1642.2484678875749,918.5083130652077,64589.17415438474
Bamyan,96.75,2757.895489672963,1625.2429891321913,912.348136031556,64646.38918516327
Bamyan,97.0,2724.4889648256185,1608.127825010091,906.0443297217064,64703.214680442565
Bamyan,97.25,2691.7170301938945,1590.914481977428,899.6024441460519,64759.641843682606
Bamyan,97.5,2659.571307182971,1573.6142310771022,893.0280381284606,64815.66222361145
Bamyan,97.75,2628.043317771332,1556.2380953710815,886.3266773905677,64871.267709467
Bamyan,98.0,2597.124487691514,1538.796849314137,879.5039308698192,64926.45053212451
Bamyan,98.25,2566.8061551463684,1521.3010234589865,872.5653403396968,64981.20328105493
Bamyan,98.5,2537.0795883979586,1503.760894243752,865.5164204878645,65035.5188968704
Bamyan,98.75,2507.936012872616,1486.186466501028,858.362665477916,65089.39065514842
Bamyan,99.0,2479.366612993812,1468.587472994649,851.109547742424,65142.8121662691
Bamyan,99.25,2451.3625370884874,1450.9733831181686,843.7624915237363,65195.77738826959
Bamyan,99.5,2423.914907334247,1433.3534021340492,836.3268629163576,65248.28062761533
Bamyan,99.75,2397.0148462950174,1415.7364539861828,828.8079840750896,65300.31651564369
Bamyan,100.0,2370.653480629016,1398.1311801722393,821.2111324711335,65351.880006727595
Bamyan,100.25,2344.8219427274144,1380.5459505154824,813.541518188857,65402.96638856823
Bamyan,100.5,2319.511377826243,1362.9888665596184,805.8042721678514,65453.57128344627
Bamyan,100.75,2294.7129664464555,1345.467747633603,798.0044628289257,65503.690623090995
Bamyan,101.0,2270.417927658779,1327.9901305877438,790.1470954150072,65553.32064633846
Bamyan,101.25,2246.6175182104585,1310.563283914283,782.2370878528399,65602.45791002241
Bamyan,101.5,2223.303040523218,1293.194209414193,774.2792664750667,65651.09928358751
Bamyan,101.75,2200.4658598959727,1275.889632457318,766.278381898798,65699.24192574789
Bamyan,102.0,2178.097405941324,1258.6560040574773,758.2391062104537,65746.88328379074
Bamyan,102.25,2156.1891696344032,1241.499518363904,750.166006621373,65794.0211053803
Bamyan,102.5,2134.7327142842446,1224.42610938854,742.0635537446373,65840.65342258256
Bamyan,102.75,2113.7196863866934,1207.4414459937732,733.9361333259376,65886.77853429358
Bamyan,103.0,2093.141814938264,1190.5509383629476,725.788038170573,65932.39500852821
Bamyan,103.25,2072.9909082523036,1173.759754884056,717.6234453741998,65977.50169148944
Bamyan,103.5,2053.258867106225,1157.0728151398903,709.446435392539,66022.09768236133
Bamyan,103.75,2033.9376894209524,1140.4947891419004,701.2609972925145,66066.18232414463
Bamyan,104.0,2015.0194667766734,1124.0301105658586,693.0710124668744,66109.75521019059
Bamyan,104.25,1996.4963851539114,1107.6829859677025,684.880246763688,66152.8161821147
Bamyan,104.5,1978.360735780337,1091.4573892665028,676.6923701031346,66195.36530485003
Bamyan,104.75,1960.6049156048489,1075.357064619841,668.5109552041803,66237.40286457112
Bamyan,105.0,1943.2214217399949,1059.3855444253809,660.3394562457847,66278.92937758884
Bamyan,105.25,1926.2028576494736,1043.546149076827,652.1812201058801,66319.94557316782
Bamyan,105.5,1909.541938674449,1027.841985211298,644.0394981229325,66360.45237799131
Bamyan,105.75,1893.2314892661734,1012.2759548427828,635.9174367489262,66400.45091914211
Bamyan,106.0,1877.264439273014,996.8507693970892,627.8180637887498,66439.94252754115
Bamyan,106.25,1861.6338317725974,981.5689459223489,619.7443089195356,66478.92871338551
Bamyan,106.5,1846.3328240724793,966.4328086949561,611.6990061802012,66517.41116105237
Bamyan,106.75,1831.354682041337,951.4445047849251,603.6848770958673,66555.39173607787
Bamyan,107.0,1816.692781842774,936.6060082030514,595.7045358769439,66592.87247407723
Bamyan,107.25,1802.3406145621695,921.9191181180249,587.7605043693517,66629.85556295046
Bamyan,107.5,1788.2917840921968,907.3854652604267,579.8552067560519,66666.34334389132
Bamyan,107.75,1774.5400017972347,893.0065268798793,571.9909550172187,66702.33831630567
Bamyan,108.0,1761.0790914534261,878.7836245255099,564.1699676222265,66737.84311639884
Bamyan,108.25,1747.9029902058137,864.7179251261055,556.3943743934486,66772.86051027464
Bamyan,108.5,1735.0057434520982,850.8104537416835,548.6662035832459,66807.39339922297
Bamyan,108.75,1722.3815039973167,837.0620998475154,540.9873832401577,66841.44481291501
Bamyan,109.0,1710.024535423708,823.4736157486125,533.3597572113581,66875.01789161633
Bamyan,109.25,1697.9292105230318,810.04562100281,525.7850824764993,66908.11588599767
Bamyan,109.5,1686.0900055616773,796.7786165881473,518.2650156219056,66940.74216222827
Bamyan,109.75,1674.5015029948872,783.6729839059677,510.80112858012023,66972.90018451904
Bamyan,110.0,1663.1583922079692,770.728985430832,503.3949151965531,67004.59350716465
Bamyan,110.25,1652.0554652590533,757.94677461921,496.0477817730466,67035.8257783487
Bamyan,110.5,1641.1876144654263,745.3264032948764,488.7610453218692,67066.60073691784
Bamyan,110.75,1630.5498346632126,732.8678201550224,481.53594957510114,67096.92219560668
Bamyan,111.0,1620.1372221518127,720.5708735901726,474.37366439240236,67126.79403986562
Bamyan,111.25,1609.9449692282012,708.4353241517555,467.2752738809537,67156.2202327391
Bamyan,111.5,1599.9683651317398,696.460844823411,460.241788234724,67185.20480181013
Bamyan,111.75,1590.202796597781,684.647021124549,453.27415185462837,67213.75183042306
Bamyan,112.0,1580.6437446883658,672.9933580884318,446.37323721585386,67241.86546000736
Bamyan,112.25,1571.2867813503012,661.4992884248878,439.53984002542626,67269.5498901994
Bamyan,112.5,1562.1275707733148,650.1641710291098,432.77469448406276,67296.80936371353
Bamyan,112.75,1553.1618687870916,638.9872924833041,426.0784746338565,67323.64816409576
Bamyan,113.0,1544.3855181917706,627.9678771177993,419.4517847518665,67350.07061993857
Bamyan,113.25,1535.7944481538148,617.1050889331952,412.8951660660128,67376.08109684699
Bamyan,113.5,1527.3846746022962,606.3980310561533,406.4091065382585,67401.68398780332
Bamyan,113.75,1519.1522983036127,595.8457497333512,399.9940379603351,67426.88371400272
Bamyan,114.0,1511.0935007921769,585.4472430577399,393.6503285606992,67451.68472758941
Bamyan,114.25,1503.204544959789,575.2014596226002,387.3782960571187,67476.09149936051
Bamyan,114.5,1495.4817747134002,565.1072990760306,381.17821117020287,67500.10851504038
Bamyan,114.75,1487.9216116107254,555.1636190162385,375.05029121992163,67523.74027815313
Bamyan,115.0,1480.5205528523447,545.3692390670271,368.9947006146026,67546.99130746604
Bamyan,115.25,1473.2751714909582,535.7229396498838,363.0115620685269,67569.86612679066
Bamyan,115.5,1466.1821155708535,526.2234635566749,357.10095642969895,67592.3692644428
Bamyan,115.75,1459.2381042201,516.8695239124283,351.2629151623105,67614.50525670519
Bamyan,116.0,1452.4399272441108,507.6598041841009,345.4974280979367,67636.27864047387
Bamyan,116.25,1445.7844448497322,498.59295785353606,339.8044498107031,67657.69394748606
Bamyan,116.5,1439.2685858975117,489.66761173793395,334.18389699658326,67678.755705368
Bamyan,116.75,1432.8893448356387,480.8823721166721,328.63564345875017,67699.46843958898
Bamyan,117.0,1426.6437816410128,472.2358232049003,323.1595306311171,67719.836664523
Bamyan,117.25,1420.5290213808853,463.7265274358585,317.7553700104772,67739.86488117282
Bamyan,117.5,1414.542251637963,455.3530304183109,312.4229385505401,67759.55757939322
Bamyan,117.75,1408.680720719209,447.1138639767531,307.16197860336496,67778.9192367007
Bamyan,118.0,1402.941737370505,439.00754477443706,301.97220688134934,67797.95431097374
Bamyan,118.25,1397.3226702115455,431.0325750798467,296.8533147707731,67816.66723993786
Bamyan,118.5,1391.8209448168018,423.18744840395294,291.80496286332556,67835.06244391594
Bamyan,118.75,1386.4340428649275,415.4706499100352,286.8267852338616,67853.1443219912
Bamyan,119.0,1381.1595016571523,407.8806556141832,281.91839548314874,67870.91724724554
Bamyan,119.25,1375.9949132716777,400.4159337730228,277.07938585060765,67888.38556710472
Bamyan,119.5,1370.9379218416036,393.0749500936108,272.3093222311311,67905.55360583369
Bamyan,119.75,1365.9862231376408,385.85616657469393,267.60775085429253,67922.4256594334
Bamyan,120.0,1361.1375640423469,378.7580412018251,262.97420176592993,67939.00599298993
Bamyan,120.25,1356.3897413331379,371.7790300133296,258.40818710055515,67955.29884155301
Bamyan,120.5,1351.740599551652,364.9175910735205,253.90919754764425,67971.30841182722
Bamyan,120.75,1347.1880305574455,358.1721828302585,249.47670953940386,67987.03887707293
Bamyan,121.0,1342.7299731003234,351.5412640403534,245.1101870679578,68002.4943757914
Bamyan,121.25,1338.3644113398982,345.0232963104851,240.80907935076485,68017.67901299888
Bamyan,121.5,1334.0893732642198,338.61674676892875,236.57281901101192,68032.59686095588
Bamyan,121.75,1329.9029301384464,332.32008641610713,232.40082861313016,68047.25195483235
Bamyan,122.0,1325.8031961615368,326.1317901630209,228.29252159203799,68061.64829208344
Bamyan,122.25,1321.7883268915193,320.05033954537055,224.2472996152885,68075.78983394786
Bamyan,122.5,1317.8565180467644,314.07422438768606,220.2645520741753,68089.6805054914
Bamyan,122.75,1314.006004889115,308.2019412686529,216.34366166551644,68103.32419217675
Bamyan,123.0,1310.235061930007,302.43199361648186,212.48400487479594,68116.72473957874
Bamyan,123.25,1306.5420013903845,296.7628943515821,208.68494931517273,68129.88595494289
Bamyan,123.5,1302.9251722422282,291.19316690263156,204.9458539345063,68142.81160692066
Bamyan,123.75,1299.3829595577133,285.7213437783789,201.2660737498002,68155.50542291414
Bamyan,124.0,1295.9137842531786,280.34596666789116,197.64496012894725,68167.97108895001
Bamyan,124.25,1292.5161016641669,275.06558884972935,194.08185830628804,68180.21225117984
Bamyan,124.5,1289.188400723126,269.87877589533,190.57610775983798,68192.23251562173
Bamyan,124.75,1285.9292032938215,264.7841042843275,187.12704632785676,68204.03544609401
Bamyan,125.0,1282.7370639500105,259.7801614684563,183.7340104304195,68215.62456415115
Bamyan,125.25,1279.6105687147653,254.86554794067604,180.39633289998508,68227.0033504446
Bamyan,125.5,1276.548334304401,250.03887791067052,177.11334310016994,68238.1752446848
Bamyan,125.75,1273.5490074588404,245.2987778905916,173.8843706416187,68249.14364400897
Bamyan,126.0,1270.6112647453347,240.6438866977698,170.70874562763217,68259.91190292929
Bamyan,126.25,1267.7338114996255,236.07285709945333,167.5857969126189,68270.48333448834
Bamyan,126.5,1264.9153810872053,231.58435669018502,164.51485166181413,68280.86121056083
Bamyan,126.75,1262.1547342423012,227.17706639705338,161.49523880160194,68291.04876055908
Bamyan,127.0,1259.4506588682007,222.84968040738124,158.5262893482967,68301.04917137616
Bamyan,127.25,1256.8019692203625,218.60090731809024,155.60733518733906,68310.86558827425
Bamyan,127.5,1254.2075051404497,214.42947136417575,152.73770793371833,68320.5011155617
Bamyan,127.75,1251.666131436536,210.33411085934029,149.91674210803663,68329.95881559612
Bamyan,128.0,1249.176737622562,206.31357802047808,147.14377562175224,68339.24170873524
Bamyan,128.25,1246.7382373963815,202.36663960211555,144.41814909720134,68348.35277390433
Bamyan,128.5,1244.3495677780138,198.49207846097744,141.73920414952536,68357.29494961152
Bamyan,128.75,1242.0096886179122,194.68869209630134,139.10628604712088,68366.0711332387
Bamyan,129.0,1239.7175821948808,190.9552922772946,136.5187444912166,68374.68418103665
Bamyan,129.25,1237.4722529741002,187.29070528576364,133.97593334687022,68383.13690839331
Bamyan,129.5,1235.2727266969964,183.69377348424405,131.47720882437682,68391.43209099442
Bamyan,129.75,1233.1180500219675,180.16335439039676,129.0219311119046,68399.57246447577
Bamyan,130.0,1231.0072899662357,176.69831991987394,126.60946563481349,68407.56072447912
Bamyan,130.25,1228.9395338157128,173.29755642917502,124.23918301128963,68415.39952674386
Bamyan,130.5,1226.91388835959,169.95996584601716,121.910457689591,68423.09148810484
Bamyan,130.75,1224.929479538634,166.68446570324758,119.62266814805437,68430.6391866101
Bamyan,131.0,1222.9854518189006,163.4699879151729,117.37519863165274,68438.04516163432
Bamyan,131.25,1221.0809680869263,160.31547871656613,115.1674392413105,68445.31191395524
Bamyan,131.5,1219.215209192328,157.2198991407212,112.99878531572271,68452.44190635128
Bamyan,131.75,1217.3873734588403,154.1822259683977,110.86863637086552,68459.43756420194
Bamyan,132.0,1215.5966761837478,151.20145037548983,108.77639784431962,68466.30127559649
Bamyan,132.25,1213.8423493325438,148.27657761737305,106.7214814610643,68473.03539158907
Bamyan,132.5,1212.1236414145114,145.40662710935237,104.70330510876452,68479.64222636743
Bamyan,132.75,1210.4398168499465,142.59063343006017,102.72129158233922,68486.1240581377
Bamyan,133.0,1208.7901557199068,139.82764579930637,100.77486928223993,68492.4831291986
Bamyan,133.25,1207.1739532113158,137.11672716327195,98.86347315785677,68498.72164646762
Bamyan,133.5,1205.590519572592,134.4569541732179,96.98654471965644,68504.84178153459
Bamyan,133.75,1204.0391797061193,131.84741756784075,95.14353146786571,68510.84567125823
Bamyan,134.0,1202.519272857128,129.28722283481778,93.33388616940185,68516.7354181387
Bamyan,134.25,1201.0301521205786,126.77548895940998,91.55706809956108,68522.5130908205
Bamyan,134.5,1199.5711841929806,124.31134815216797,89.8125432373549,68528.18072441756
Bamyan,134.75,1198.1417492977191,121.89394587673343,88.09978419560191,68533.74032063001
Bamyan,135.0,1196.7412406948358,119.52244154497983,86.41826928077997,68539.19384847947
Bamyan,135.25,1195.36906450607,117.19600825059327,84.76748279256523,68544.54324445083
Bamyan,135.5,1194.0246391783141,114.91383179689663,83.14691574862381,68549.79041327622
Bamyan,135.75,1192.707395425536,112.67511065210009,81.55606589768388,68554.93722802475
Bamyan,136.0,1191.4167760276634,110.4790560661735,79.99443747175519,68559.98553043447
Bamyan,136.25,1190.1522354813565,108.32489275796033,78.46154035626749,68564.93713140448
Bamyan,136.5,1188.913239718247,106.21185801439465,76.95689085346959,68569.79381141395
Bamyan,136.75,1187.699265725309,104.13920116959886,75.48001192993038,68574.55732117522
Bamyan,137.0,1186.5098015363583,102.10618360212678,74.03043321259024,68579.22938164898
Bamyan,137.25,1185.344345917573,100.11207896728182,72.60769053282827,68583.81168458238
Bamyan,137.5,1184.2024082239986,98.15617361063957,71.21132551881739,68588.3058926466
Bamyan,137.75,1183.0835079512817,96.23776549785939,69.84088625984305,68592.71364029108
Bamyan,138.0,1181.9871745420735,94.3561639809777,68.49592736334664,68597.03653411366
Bamyan,138.25,1180.9129473609514,92.51068979590767,67.17600993387343,68601.27615290934
Bamyan,138.5,1179.8603753686496,90.70067537912212,65.88070101785279,68605.43404823444
Bamyan,138.75,1178.8290170446824,88.92546495540603,64.60957353756913,68609.5117444624
Bamyan,139.0,1177.8184399114396,87.1844135626135,63.362206723171674,68613.51073980285
Bamyan,139.25,1176.8282204351883,85.47688694213625,62.13818611571341,68617.43250650703
Bamyan,139.5,1175.8579439827902,83.80226153652134,60.93710352474814,68621.27849095601
Bamyan,139.75,1174.9072045303358,82.15992482493864,59.75855647791758,68625.05011416688
Bamyan,140.0,1173.9756045933736,80.54927519964215,58.60214832077233,68628.74877188628
Bamyan,140.25,1173.0627547787033,78.96972112353433,57.46748846428179,68632.37583563355
Bamyan,140.5,1172.1682737278327,77.42068107062472,56.354192375324345,68635.93265282629
Bamyan,140.75,1171.2917880663422,75.90158352182023,55.26188152337461,68639.42054688855
Bamyan,141.0,1170.4329321547145,74.4118672736229,54.19018288429715,68642.84081768745
Bamyan,141.25,1169.5913480184372,72.95098123214453,53.138729081705655,68646.19474166779
Bamyan,141.5,1168.7666849347663,71.51838366611037,52.10715851721301,68649.48357288199
Bamyan,141.75,1167.9585993931814,70.1135421651959,51.095115358319525,68652.70854308338
Bamyan,142.0,1167.1667550491356,68.73593363210796,50.10224948857492,68655.87086183026
Bamyan,142.25,1166.390822509294,67.38504453966826,49.128216077797326,68658.97171687332
Bamyan,142.5,1165.6304792726396,66.0603707414837,48.17267570175671,68662.01227428419
Bamyan,142.75,1164.8854093439504,64.76141677397871,47.23529440261373,68664.99367947954
Bamyan,143.0,1164.1553031976323,63.48769581651537,46.3157436746045,68667.91705731132
Bamyan,143.25,1163.4398577435738,62.23872968083108,45.41370042762095,68670.78351214805
Bamyan,143.5,1162.7387761375319,61.014049001726924,44.528846623530285,68673.59412823728
Bamyan,143.75,1162.0517677451726,59.813193129890415,43.66086934891349,68676.3499697761
Bamyan,144.0,1161.378547774991,58.63570945131598,42.80946083369822,68679.05208194007
Bamyan,144.25,1160.7188372360097,57.481153337069394,41.974318432051206,68681.70149099494
Bamyan,144.5,1160.0723629179743,56.34908813363617,41.155144601971514,68684.29920434649
Bamyan,144.75,1159.4388572227306,55.23908527909638,40.35164660757436,68686.84621089067
Bamyan,145.0,1158.8180581545103,54.150724309742536,39.56353653800115,68689.34348099782
Bamyan,145.25,1158.2097089741771,53.08359219011052,38.79053130129914,68691.79196753449
Bamyan,145.5,1157.6135581414574,52.03728323833258,38.032352596196766,68694.19260602408
Bamyan,145.75,1157.0293593071394,51.011399120744045,37.28872690446423,68696.54631466772
Bamyan,146.0,1156.4568711679112,50.00554889646887,36.55938526087255,68698.85399467482
Bamyan,146.25,1155.8958574734368,49.019349131370234,35.84406321924039,68701.11653017602
Bamyan,146.5,1155.3460867163726,48.0524232622472,35.142500835279456,68703.33478918616
Bamyan,146.75,1154.8073320482188,47.10440147901487,34.45444262296231,68705.50962384987
Bamyan,147.0,1154.2793712783405,46.17492072381934,33.779637553616105,68707.64187044429
Bamyan,147.25,1153.7619867610606,45.26362468429349,33.1178388952352,68709.73234965948
Bamyan,147.5,1153.2549653957053,44.37016396653996,32.46880412757683,68711.78186651024
Bamyan,147.75,1152.7580983799496,43.49419554837199,31.832294930698374,68713.79121114104
Bamyan,148.0,1152.2711810864084,42.63538259433502,31.2080771170987,68715.76115920223
Bamyan,148.25,1151.7940130626369,41.79339445570673,30.595920631718197,68717.69247185001
Bamyan,148.5,1151.3263979613903,40.96790664854225,29.995599458916377,68719.58589593122
Bamyan,148.75,1150.8681435032731,40.158601006650194,29.40689148910236,68721.44216400104
Bamyan,149.0,1150.4190613246328,39.36516529644733,28.829578531141582,68723.26199484785
Bamyan,149.25,1149.978966804479,38.58729294144379,28.263446211977403,68725.04609404218
Bamyan,149.5,1149.5476790636906,37.82468302136854,27.70828397593538,68726.79515393908
Bamyan,149.75,1149.1250209276325,37.07704025149301,27.163885037714365,68728.50985378322
Bamyan,150.0,1148.7108188635198,36.3440750818504,26.630046235557835,68730.19085981914
Bamyan,150.25,1148.304902907126,35.62550348781731,26.10656805151192,68731.83882555361
Bamyan,150.5,1147.9071064567315,34.921046617081984,25.593254490373212,68733.45439243587
Bamyan,150.75,1147.5172662652535,34.23043077955858,25.08991307301012,68735.03818988224
Bamyan,151.0,1147.1352224231691,33.55338743386547,24.596354816165505,68736.59083532686
Bamyan,151.25,1146.7608182863476,32.889653227902244,24.112394097759314,68738.11293438805
Bamyan,151.5,1146.393900457042,32.23896993977655,23.637848672873883,68739.60508093037
Bamyan,151.75,1146.0343185684603,31.60108408399007,23.17253954579665,68741.06785780181
Bamyan,152.0,1145.6819252623718,30.975746879544538,22.716290951310906,68742.50183690683
Bamyan,152.25,1145.336576183525,30.362714244289755,22.268930348451107,68743.90757922379
Bamyan,152.5,1144.9981299100414,29.761746788943974,21.83028831043087,68745.28563499064
Bamyan,152.75,1144.6664479632527,29.17260985959441,21.40019852949877,68746.6365436477
Bamyan,153.0,1144.3413946079668,28.59507315213046,20.978497696742878,68747.96083454322
Bamyan,153.25,1144.022836808303,28.028910644542766,20.56502546506784,68749.25902708214
Bamyan,153.5,1143.7106442271202,27.473900596234923,20.15962444858168,68750.53163072812
Bamyan,153.75,1143.4046891697967,26.92982551910179,19.762140143318128,68751.77914516783
Bamyan,154.0,1143.1048465957824,26.396472259453375,19.372420912448,68753.00206023236
Bamyan,154.25,1142.8109939600083,25.873631674176668,18.99031789162516,68754.20085647424
Bamyan,154.5,1142.5230111403353,25.361098513759124,18.61568492705212,68755.3760054189
Bamyan,154.75,1142.2407804375541,24.858671422288673,18.24837857548,68756.52796956473
Bamyan,155.0,1141.9641865406804,24.366152911445685,17.88825805783341,68757.6572024901
Bamyan,155.25,1141.6931165174274,23.883349423042716,17.535185216638297,68758.76414884294
Bamyan,155.5,1141.4274597157623,23.41007111102919,17.189024462419397,68759.84924471084
Bamyan,155.75,1141.1671076600076,22.94613166731292,16.849642682964493,68760.91291798977
Bamyan,156.0,1140.9119540503154,22.491348321048875,16.51690924277822,68761.95558838591
Bamyan,156.25,1140.661894743339,22.04554182041501,16.190695958287783,68762.97766747802
Bamyan,156.5,1140.4168277282015,21.608536464640146,15.870877043330303,68763.97955876388
Bamyan,156.75,1140.176653075842,21.180159985078788,15.557329084678571,68764.96165785445
Bamyan,157.0,1139.941272816425,20.76024333072582,15.249930933648667,68765.92435291926
Bamyan,157.25,1139.710590934908,20.34862066167918,14.948563701546083,68766.86802470192
Bamyan,157.5,1139.4845133612812,19.94512933823351,14.653110747585842,68767.79304655295
Bamyan,157.75,1139.2629479395666,19.5496099256992,14.36345762341651,68768.69978451137
Bamyan,158.0,1139.045804410262,19.16190615242021,14.079492067112252,68769.58859737025
Bamyan,158.25,1138.8329942823802,18.781864677979343,13.80110388840031,68770.4598371513
Bamyan,158.5,1138.624430821879,18.409335075103215,13.528184956793279,68771.31384914627
Bamyan,158.75,1138.4200290476092,18.04416982452877,13.2606291967144,68772.1509719312
Bamyan,159.0,1138.2197056986827,17.686224300257738,12.998332536747167,68772.97153746436
Bamyan,159.25,1138.0233792368915,17.335356778720335,12.741192913753512,68773.77587107068
Bamyan,159.5,1137.8309697251082,16.991428212468392,12.489110162005614,68774.56429190047
Bamyan,159.75,1137.6423988059353,16.654302195387135,12.24198599113401,68775.3371130076
Bamyan,160.0,1137.4575897006696,16.323844961255972,11.99972398490659,68776.09464135322
Bamyan,160.25,1137.2764671794848,15.999925359190105,11.76222955880392,68776.83717790258
Bamyan,160.5,1137.098957571594,15.682414887654623,11.529409965957933,68777.56501757485
Bamyan,160.75,1136.9249886603684,15.371187494583765,11.301174200153314,68778.27844964495
Bamyan,161.0,1136.7544896500617,15.066119521587193,11.077432961034951,68778.97775786737
Bamyan,161.25,1136.587391165799,14.767089703933333,10.858098654094912,68779.66322047623
Bamyan,161.5,1136.4236252306905,14.4739791466152,10.643085359678528,68780.33511026307
Bamyan,161.75,1136.2631252722724,14.18667135824622,10.432308831740317,68780.9936945378
Bamyan,162.0,1136.1058260433965,13.905052095962024,10.225686424439424,68781.63923543626
Bamyan,162.25,1135.951663575313,13.629009285146086,10.023137042323144,68782.27199009727
Bamyan,162.5,1135.8005751776695,13.358433019429722,9.824581140326918,68782.89221066263
Bamyan,162.75,1135.6524994237948,13.093215543365467,9.629940704293995,68783.5001443286
Bamyan,163.0,1135.507376148254,12.833251272064969,9.4391392392518,68784.0960333405
Bamyan,163.25,1135.36514639584,12.578436687901487,9.252101722555345,68784.68011519377
Bamyan,163.5,1135.225752362402,12.32867023734216,9.06875454022254,68785.25262286009
Bamyan,163.75,1135.0891373942932,12.083852330078443,8.889025486290581,68785.8137847894
Bamyan,164.0,1134.9552459793147,11.843885327304177,8.712843751068856,68786.36382494237
Bamyan,164.25,1134.8240237383875,11.608673548281573,8.540139903697266,68786.90296280969
Bamyan,164.5,1134.695417396545,11.378123210484997,8.370845865783767,68787.43141352724
Bamyan,164.75,1134.569374716858,11.152142312194062,8.204894839564606,68787.94938813144
Bamyan,165.0,1134.4458444980219,10.930640628574928,8.042221305111283,68788.45709356836
Bamyan,165.25,1134.324776569203,10.713529704476027,7.882761013749866,68788.95473271262
Bamyan,165.5,1134.2061217780124,10.500722850234759,7.726450967852705,68789.44250440395
Bamyan,165.75,1134.0898319780695,10.292135115960013,7.5732294099624555,68789.92060349607
Bamyan,166.0,1133.975859960807,10.087683168465967,7.423035747873423,68790.38922112291
Bamyan,166.25,1133.8641594500345,9.88728528219672,7.275810548319371,68790.8485447195
Bamyan,166.5,1133.7546850994042,9.69086133546087,7.131495533776838,68791.29875803142
Bamyan,166.75,1133.6473924785064,9.49833279847927,6.990033561576792,68791.7400411615
Bamyan,167.0,1133.5422380718803,9.309622732070464,6.851368623777152,68792.17257057234
Bamyan,167.25,1133.4391792131528,9.124655667308327,6.715445774067714,68792.59651934553
Bamyan,167.5,1133.3381740754792,8.94335758923128,6.582211116606998,68793.01205721874
Bamyan,167.75,1133.2391816706377,8.765655935432182,6.451611804891092,68793.4193505891
Bamyan,168.0,1133.1421618350212,8.591479579921504,6.323596022050459,68793.81856256307
Bamyan,168.25,1133.047075234967,8.420758846110841,6.198112986471387,68794.20985293252
Bamyan,168.5,1132.9538833075871,8.253425397514853,6.075112885534295,68794.59337840942
Bamyan,168.75,1132.862548245979,8.089412212161506,5.95454685822049,68794.9692926837
Bamyan,169.0,1132.773032999118,7.928653582417635,5.8363669949781425,68795.33774642355
Bamyan,169.25,1132.685301259696,7.771085098832393,5.720526321258545,68795.69888732028
Bamyan,169.5,1132.5993174703797,7.616643666789647,5.60697880325765,68796.05286005963
Bamyan,169.75,1132.5150467758144,7.4652674167765,5.495679293859038,68796.39980651361
Bamyan,170.0,1132.4324550014244,7.316895667287838,5.386583507505581,68796.73986582384
Bamyan,170.25,1132.351508653412,7.171468924826331,5.2796480201994465,68797.07317440162
Bamyan,170.5,1132.2721749103364,7.028928871896974,5.174830258290315,68797.39986595954
Bamyan,170.75,1132.1944216252336,6.8892183772653555,5.072088498814126,68797.72007149876
Bamyan,171.0,1132.1182172927774,6.752281433457688,4.971381832572949,68798.03391944125
Bamyan,171.25,1132.0435310207736,6.618063106426474,4.87267013009052,68798.34153574277
Bamyan,171.5,1131.9703325300734,6.486509535407296,4.775914041505621,68798.64304389308
Bamyan,171.75,1131.898592149306,6.35756792500421,4.681074989645249,68798.93856493612
Bamyan,172.0,1131.8282808130161,6.231186548000133,4.5881151655942185,68799.22821747346
Bamyan,172.25,1131.7593700425298,6.107314708413139,4.496997507295388,68799.51211774183
Bamyan,172.5,1131.691831912057,5.985902681001775,4.407685658848196,68799.79037974816
Bamyan,172.75,1131.625639047828,5.866901709796342,4.3201439694398225,68800.063115273
Bamyan,173.0,1131.5607646251365,5.750264003458651,4.234337489500606,68800.33043388199
Bamyan,173.25,1131.497182363486,5.635942731672575,4.150231962938545,68800.59244294198
Bamyan,173.5,1131.4348665185921,5.523892009558322,4.06779381837021,68800.84924765356
Bamyan,173.75,1131.3737918457286,5.41406683162661,3.9869901249043194,68801.10095119782
Bamyan,174.0,1131.3139335971855,5.306423067385658,3.9077885889945376,68801.34765474651
Bamyan,174.25,1131.2552675209452,5.2009174591845815,3.8301575527307223,68801.58945746721
Bamyan,174.5,1131.1977698538951,5.097507613814526,3.7540659841150785,68801.82645654824
Bamyan,174.75,1131.1414173219448,4.996152002852697,3.679483477497011,68802.05874719778
Bamyan,175.0,1131.0861871037287,4.896809896721204,3.606380209605037,68802.28642279001
Bamyan,175.25,1131.0320568253069,4.7994413554109405,3.5347269329686286,68802.50957488638
Bamyan,175.5,1130.9790045598422,4.704007227939771,3.4644949755036833,68802.7282932368
Bamyan,175.75,1130.9270088203305,4.6104691417649475,3.3956562306037954,68802.94266580738
Bamyan,176.0,1130.8760485638843,4.518789511756323,3.3281831621803146,68803.15277876225
Bamyan,176.25,1130.8261031597344,4.428931481589255,3.2620487657844466,68803.35871659296
Bamyan,176.5,1130.7771523798137,4.34085890711161,3.197226556882347,68803.56056215627
Bamyan,176.75,1130.7291763987569,4.25453635634376,3.1336905708551215,68803.75839667412
Bamyan,177.0,1130.68215578832,4.16992910076765,3.0714153555542785,68803.95229975543
Bamyan,177.25,1130.6360715204341,4.08700312290085,3.010375974453957,68804.14234938228
Bamyan,177.5,1130.5909049446657,4.0057250744938555,2.95054797931134,68804.3286220016
Bamyan,177.75,1130.546637772941,3.9260622493693784,2.891907391075657,68804.51119258668
Bamyan,178.0,1130.503252079545,3.8479825834180232,2.834430699884968,68804.69013463722
Bamyan,178.25,1130.460730297962,3.771454649478996,2.778094860895636,68804.86552019174
Bamyan,178.5,1130.419055220331,3.6964476585911665,2.7228772928299687,68805.03741982832
Bamyan,178.75,1130.3782099860844,3.6229314385865523,2.6687558643143494,68805.2059027111
Bamyan,179.0,1130.3381780611433,3.550876396802497,2.6157088678163753,68805.37103667432
Bamyan,179.25,1130.2989432373868,3.480253519157028,2.56371501896848,68805.53288822457
Bamyan,179.5,1130.2604896312291,3.41103436776956,2.5127534547064245,68805.69152254636
Bamyan,179.75,1130.2228016803012,3.3431910768097213,2.4628037284308686,68805.84700351453
Bamyan,180.0,1130.1858641411375,3.2766963480381164,2.413845807365941,68805.99939370353
Bamyan,180.25,1130.1496620656048,3.211523408229649,2.365860042988572,68806.14875448325
Bamyan,180.5,1130.1141807986794,3.1476460052568407,2.3188271681987453,68806.29514602793
Bamyan,180.75,1130.079405978121,3.0850384075289337,2.2727282968943383,68806.43862731753
Bamyan,181.0,1130.045323529746,3.023675396669644,2.227544917544775,68806.57925615611
Bamyan,181.25,1130.0119196704854,2.9635322734457654,2.183258897017841,68806.71708915912
Bamyan,181.5,1129.979180886313,2.904584817599145,2.1398524528693006,68806.8521818433
Bamyan,181.75,1129.947093926667,2.846809277932921,2.097308146233826,68806.98458864924
Bamyan,182.0,1129.9156458044495,2.7901823723115213,2.055608881824996,68807.11436294149
Bamyan,182.25,1129.8848237924856,2.7346812818312216,2.014737903221396,68807.24155702253
Bamyan,182.5,1129.8546154256494,2.6802836556308702,1.9746787952637759,68807.36622212353
Bamyan,182.75,1129.825008486809,2.6269675849935825,1.9354154664856518,68807.48840846178
Bamyan,183.0,1129.7959909955548,2.574711583194795,1.8969321347211978,68807.6081652866
Bamyan,183.25,1129.767551208183,2.5234945854752855,1.8592133270852564,68807.72554087933
Bamyan,183.5,1129.7396776161165,2.473295946361924,1.8222438778895957,68807.8405825597
Bamyan,183.75,1129.7123589446314,2.424095438400788,1.7860089266557149,68807.95333669038
Bamyan,184.0,1129.685584148673,2.375873244278752,1.7504939129797965,68808.06384869413
Bamyan,184.25,1129.6593423966174,2.328609927585983,1.7156845557987563,68808.17216312006
Bamyan,184.5,1129.6336230693948,2.2822864312626603,1.681566852256547,68808.27832364714
Bamyan,184.75,1129.608415760146,2.2368840770041336,1.6481270772554701,68808.38237308565
Bamyan,185.0,1129.5837102708372,2.1923845598522136,1.6153517788566476,68808.48435339051
Bamyan,185.25,1129.5594966145632,2.148769952494573,1.5832277812441877,68808.58430565176
Bamyan,185.5,1129.5357649988161,2.106022674915536,1.5517421633685173,68808.68227016296
Bamyan,185.75,1129.5125058218398,2.064125487897433,1.5208822542448794,68808.77828643608
Bamyan,186.0,1129.4897096726297,2.0230614930205997,1.4906356329533335,68808.87239320145
Bamyan,186.25,1129.4673673284597,1.9828141284755472,1.460990125349408,68808.96462841777
Bamyan,186.5,1129.4454697563715,1.943367172320886,1.4319338058011137,68809.05502926555
Bamyan,186.75,1129.4240081038276,1.9047047253011675,1.4034549853269933,68809.1436321856
Bamyan,187.0,1129.4029736894042,1.8668111941627417,1.375542199584791,68809.2304729169
Bamyan,187.25,1129.3823580027508,1.829671291582677,1.3481842088189513,68809.3155864969
Bamyan,187.5,1129.3621527038138,1.7932700348195387,1.3213699968357748,68809.39900726458
Bamyan,187.75,1129.3423496210453,1.7575927430318594,1.2950887684933834,68809.48076886748
Bamyan,188.0,1129.3229407510328,1.7226250365118403,1.2693299493075862,68809.5609042632
Bamyan,188.25,1129.3039182450461,1.6883528123957687,1.244083168102689,68809.6394457745
Bamyan,188.5,1129.285274407669,1.6547622422246657,1.2193382552321703,68809.71642509491
Bamyan,188.75,1129.267001696792,1.6218397719337847,1.1950852425708902,68809.79187328875
Bamyan,189.0,1129.2490927210122,1.5895721174204496,1.1713143600470075,68809.86582080155
Bamyan,189.25,1129.231540242106,1.5579462692803128,1.1480160387691698,68809.93829744989
Bamyan,189.5,1129.2143371648417,1.5269494742458762,1.125180897929988,68810.00933246303
Bamyan,189.75,1129.1974765312746,1.4965692249582785,1.102799737392619,68810.07895450642
Bamyan,190.0,1129.1809515207449,1.466793259967295,1.0808635376907672,68810.14719168164
Bamyan,190.25,1129.1647554490983,1.4376095623676146,1.059363458996421,68810.21407152958
Bamyan,190.5,1129.1488817675324,1.409006358091865,1.0382908394875061,68810.27962103493
Bamyan,190.75,1129.1333240618503,1.3809721144656804,1.0176371944484224,68810.34386662928
Bamyan,191.0,1129.1180760415793,1.3534955205790804,0.9973942021467256,68810.40683423574
Bamyan,191.25,1129.1031315390724,1.3265654856821634,0.9775537026590915,68810.46854927263
Bamyan,191.5,1129.088484509508,1.3001711391850417,0.9581076978712681,68810.52903665348
Bamyan,191.75,1129.0741290288158,1.2743018270784263,0.939048348716923,68810.58832079543
Bamyan,192.0,1129.0600592957117,1.2489471158017424,0.9203679777651146,68810.64642561077
Bamyan,192.25,1129.0462696239417,1.22409677812238,0.9020590591988383,68810.70337453879
Bamyan,192.5,1129.0327544370352,1.1997407837108272,0.8841142119625555,68810.75919056733
Bamyan,192.75,1129.0195082683017,1.1758692991406707,0.866526199762193,68810.81389623284
Bamyan,193.0,1129.0065257604344,1.1524726871863598,0.8492879305390355,68810.86751362188
Bamyan,193.25,1128.9938016639744,1.1295415042898338,0.8323924543792294,68810.9200643774
Bamyan,193.5,1128.9813308383705,1.1070665024480173,0.8158329649264271,68810.97156969429
Bamyan,193.75,1128.9691082424504,1.0850386119992155,0.7996027869668481,68811.02205035862
Bamyan,194.0,1128.9571289330606,1.0634489391874111,0.783695374647551,68811.07152675315
Bamyan,194.25,1128.945388065067,1.0422887661622653,0.7681043114764343,68811.12001885733
Bamyan,194.5,1128.9338808902592,1.0215495490603521,0.7528233088693647,68811.16754625185
Bamyan,194.75,1128.9226027577206,1.0012229188668604,0.7378462065660651,68811.21412811689
Bamyan,195.0,1128.9115491109212,0.9813006760681451,0.7231669688837368,68811.25978324417
Bamyan,195.25,1128.9007154809128,0.961774778406446,0.7087796758149238,68811.30453006491
Bamyan,195.5,1128.8900974861635,0.9426373405815106,0.6946785228078812,68811.34838665048
Bamyan,195.75,1128.8796908325494,0.9238806342369226,0.680857820756455,68811.3913707125
Bamyan,196.0,1128.8694913116292,0.905497084948778,0.6673119937016138,68811.43349960976
Bamyan,196.25,1128.8594948026978,0.8874792760180473,0.6540355814970468,68811.47479033982
Bamyan,196.5,1128.8496972664377,0.869819936948653,0.641023231531665,68811.51525956513
Bamyan,196.75,1128.840094741393,0.8525119371124672,0.628269694102786,68811.55492362744
Bamyan,197.0,1128.8306833439703,0.8355482857493117,0.615769822416134,68811.59379854791
Bamyan,197.25,1128.8214592682782,0.8189221316836846,0.6035185723752279,68811.63190002771
Bamyan,197.5,1128.812418784632,0.8026267607426745,0.5915110005741131,68811.6692434541
Bamyan,197.75,1128.8035582414068,0.7866555991104903,0.5797422667357496,68811.70584389279
Bamyan,198.0,1128.794874057894,0.7710022004116792,0.56820762435677,68811.7417161174
Bamyan,198.25,1128.7863627226425,0.7556602427349736,0.5569024185276655,68811.77687461615
Bamyan,198.5,1128.7780207934595,0.740623528633291,0.5458220859327872,68811.81133359202
Bamyan,198.75,1128.7698448970793,0.7258859845354809,0.5349621544118985,68811.84510696401
Bamyan,199.0,1128.7618317282063,0.7114416591288212,0.5243182416629031,68811.87820837105
Bamyan,199.25,1128.7539780504853,0.6972847250851514,0.513886056534058,68811.91065116794
Bamyan,199.5,1128.7462806899284,0.6834094671958713,0.5036613903950992,68811.94244845252
Bamyan,199.75,1128.7387365340614,0.6698102808419066,0.4936401160142239,68811.97361306913
Bamyan,200.0,1128.7313425319255,0.6564816719937087,0.48381818755809114,68812.00415760856
Bamyan,200.25,1128.7240956936594,0.6434182564716304,0.47419164004027764,68812.03409440987
Bamyan,200.5,1128.7169930899108,0.6306147589728025,0.46475658851141766,68812.06343556265
Bamyan,200.75,1128.7100318522682,0.6180660138193804,0.4555092286475127,68812.09219290531
Bamyan,201.0,1128.7032091674155,0.6057669544141036,0.4464458290628357,68812.12037804915
Bamyan,201.25,1128.696522276586,0.5937126122615889,0.4375627305906715,68812.1480023806
Bamyan,201.5,1128.6899684755629,0.5818981169683315,0.428856346283317,68812.17507706123
Bamyan,201.75,1128.6835451142922,0.5703186955532323,0.4203231608985749,68812.2016130293
Bamyan,202.0,1128.6772495963587,0.5589696715752632,0.411959730180813,68812.22762100193
Bamyan,202.25,1128.6710793794816,0.5478464660042537,0.40376268153332723,68812.25311147302
Bamyan,202.5,1128.6650319701714,0.5369445875787585,0.39572870698020185,68812.27809473532
Bamyan,202.75,1128.6591049232288,0.5262596319096807,0.38785456250727335,68812.3025808824
Bamyan,203.0,1128.6532958417463,0.5157872814802724,0.3801370680621302,68812.32657980875
Bamyan,203.25,1128.6476023768453,0.5055233051803939,0.3725731072081085,68812.35010121082
Bamyan,203.5,1128.6420222269478,0.49546355704701855,0.36515962613815334,68812.3731545899
Bamyan,203.75,1128.6365531388358,0.4856039781640374,0.357893635086157,68812.39574924795
Bamyan,204.0,1128.6311929026358,0.47594058760702207,0.3507722017152349,68812.41789430809
Bamyan,204.25,1128.6259393511452,0.4664694812355235,0.34379245022998794,68812.43959871744
Bamyan,204.5,1128.6207903598322,0.4571868316930718,0.33695156137650273,68812.46087124714
Bamyan,204.75,1128.6157438467458,0.4480888882425877,0.33024677232046284,68812.48172049272
Bamyan,205.0,1128.6107977714885,0.4391719749606683,0.3236753752789155,68812.50215487831
Bamyan,205.25,1128.6059501369025,0.43043249377583614,0.31723471974481776,68812.52218264961
Bamyan,205.5,1128.6011989846454,0.4218669164784512,0.3109222066576229,68812.54181189225
Bamyan,205.75,1128.596542394006,0.41347178258947,0.30473528683755874,68812.5610505366
Bamyan,206.0,1128.5919784819037,0.405243699360446,0.2986714609856278,68812.57990635779
Bamyan,206.25,1128.5875054028886,0.3971793417735294,0.2927282796836072,68812.59838697569
Bamyan,206.5,1128.5831213482463,0.38927545094756383,0.28690334220298613,68812.61649985865
Bamyan,206.75,1128.578824547261,0.3815288364386056,0.28119429816405733,68812.63425231818
Bamyan,207.0,1128.5746132647073,0.3739363716974135,0.27559884423796693,68812.6516515194
Bamyan,207.25,1128.570485798476,0.3664949897915484,0.27011472100582856,68812.66870449077
Bamyan,207.5,1128.566440479573,0.35920168340434516,0.2647397129579646,68812.6854181241
Bamyan,207.75,1128.5624756721188,0.352053504834913,0.25947164849390625,68812.7017991746
Bamyan,208.0,1128.5585897730014,0.34504756537587616,0.2543083994604306,68812.7178542622
Bamyan,208.25,1128.554781211708,0.3381810350421846,0.24924788091653308,68812.73358987237
Bamyan,208.5,1128.5510484507136,0.33145114325741926,0.24428805165836212,68812.74901235441
Bamyan,208.75,1128.5473899818357,0.3248551722774162,0.23942690939852979,68812.76412793653
Bamyan,209.0,1128.5438043259662,0.3183904567098994,0.2346624904123874,68812.77894272696
Bamyan,209.25,1128.5402900330707,0.3120543835144804,0.22999286953802545,68812.79346271392
Bamyan,209.5,1128.536845682182,0.30584439198854096,0.22541616016584656,68812.8076937657
Bamyan,209.75,1128.5334698805277,0.29975797221324135,0.22093051307887324,68812.82164163422
Bamyan,210.0,1128.5301612650053,0.2937926677212894,0.21653411840012918,68812.83531194892
Bamyan,210.25,1128.5269184995348,0.2879460707125551,0.21222520209991,68812.8487102277
Bamyan,210.5,1128.5237402735013,0.28221581924617517,0.20800202393158707,68812.86184188336
Bamyan,210.75,1128.5206253017539,0.2765995972405529,0.2038628774316075,68812.87471222361
Bamyan,211.0,1128.517572324605,0.2710951344733583,0.19980608991949422,68812.88732645105
Bamyan,211.25,1128.5145801076465,0.26570020624857943,0.19583002225133744,68812.8996896639
Bamyan,211.5,1128.511647441294,0.2604126325976161,0.19193306820979253,68812.91180685794
Bamyan,211.75,1128.5087731418405,0.2552302801716834,0.18811365590389825,68812.92368292213
Bamyan,212.0,1128.50595604826,0.2501510564736666,0.18437024353869233,68812.93532265177
Bamyan,212.25,1128.5031950217697,0.24517290907187564,0.18070131883635182,68812.94673075037
Bamyan,212.5,1128.5004889458303,0.24029382560004575,0.17710539903619313,68812.95791182958
Bamyan,212.75,1128.497836726146,0.23551183375733714,0.17358103089467203,68812.96887040924
Bamyan,213.0,1128.4952372903028,0.23082500065972716,0.1701267902045598,68812.97961091888
Bamyan,213.25,1128.492689587916,0.22623143312217833,0.16674128198360844,68812.99013769702
Bamyan,213.5,1128.4901925907268,0.22172927782302607,0.16342314061001212,68813.00045499089
Bamyan,213.75,1128.4877452899723,0.21731671656056362,0.16017102633741867,68813.01056696718
Bamyan,214.0,1128.4853466962652,0.2129919660374536,0.15698362513604375,68813.0204777126
Bamyan,214.25,1128.4829958395935,0.20875327786072806,0.15385964869267105,68813.03019123389
Bamyan,214.5,1128.4806917693202,0.20459893854178834,0.15079783441065217,68813.03971145778
Bamyan,214.75,1128.4784335537681,0.20052726874961224,0.14779694485631037,68813.04904223268
Bamyan,215.0,1128.4762202806173,0.1965366240420741,0.14485576828258687,68813.05818732711
Bamyan,215.25,1128.474051056635,0.19262539436758078,0.14197311827581724,68813.06715043077
Bamyan,215.5,1128.4719250054698,0.18879200008784217,0.13914783083136448,68813.07593516367
Bamyan,215.75,1128.4698412675953,0.1850348918805439,0.13637876428186177,68813.0845450763
Bamyan,216.0,1128.4677990003122,0.18135255073934747,0.1336647992972124,68813.09298364971
Bamyan,216.25,1128.4657973777473,0.17774348797389028,0.1310048388845899,68813.10125429544
Bamyan,216.5,1128.4638355905192,0.17420624460828682,0.12839780794303018,68813.10936035699
Bamyan,216.75,1128.4619128459583,0.17073939179095438,0.1258426535529386,68813.11730510875
Bamyan,217.0,1128.460028368205,0.16734153095977433,0.12333834510792918,68813.12509175579
Bamyan,217.25,1128.4581813960483,0.16401128994920833,0.12088387145206017,68813.13272344261
Bamyan,217.5,1128.4563711828432,0.16074732283914864,0.11847824076841318,68813.14020325361
Bamyan,217.75,1128.4545969965097,0.15754830995491814,0.11612048057909319,68813.14753421301
Bamyan,218.0,1128.4528581195334,0.15441295786727038,0.11380963774522852,68813.15471928491
Bamyan,218.25,1128.451153848807,0.15133999910717869,0.11154477825613086,68813.16176137389
Bamyan,218.5,1128.4494834953682,0.1483281917030538,0.10932498687882404,68813.16866332611
Bamyan,218.75,1128.4478463853065,0.1453763208112385,0.10714936836319358,68813.17542792558
Bamyan,219.0,1128.4462418575497,0.14248319472299464,0.10501704450687817,68813.18205790328
Bamyan,219.25,1128.4446692635909,0.1396476443723119,0.10292715379262869,68813.18855593831
Bamyan,219.5,1128.443127967487,0.13686852333590788,0.10087885138830817,68813.19492465786
Bamyan,219.75,1128.4416173458608,0.13414470783322793,0.09887130914689185,68813.20116663723
Bamyan,220.0,1128.4401367878938,0.13147509671702556,0.09690371559951584,68813.20728439986
Bamyan,220.25,1128.4386856947694,0.12885861047139616,0.09497527521275832,68813.21328041962
Bamyan,220.5,1128.437263480791,0.1262941932318046,0.09308520987277684,68813.21915711617
Bamyan,220.75,1128.4358695720066,0.12378081029930842,0.09123275706207848,68813.2249168607
Bamyan,221.0,1128.4345034052628,0.12131744643718526,0.0894171686051746,68813.23056197976
Bamyan,221.25,1128.4331644282056,0.11890310587093306,0.08763771066858088,68813.23609475532
Bamyan,221.5,1128.4318520992795,0.11653681228826998,0.08589366376081728,68813.24151742474
Bamyan,221.75,1128.430565887728,0.11421760883913441,0.08418432273240807,68813.24683218077
Bamyan,222.0,1128.4293052734529,0.1119445578814664,0.08250899658806758,68813.25204117213
Bamyan,222.25,1128.428069746809,0.10971674061967975,0.0808670082141545,68813.25714650442
Bamyan,222.5,1128.4268588094558,0.10753325863389343,0.0792576955082887,68813.26215023646
Bamyan,222.75,1128.4256719725201,0.1053932305681658,0.07768040894319665,68813.26705438804
Bamyan,223.0,1128.4245087563736,0.1032957917287721,0.07613451127066458,68813.27186094069
Bamyan,223.25,1128.4233686906323,0.10124009408420442,0.0746193775215385,68813.27657183782
Bamyan,223.5,1128.4222513141567,0.09922530626517181,0.0731343950057242,68813.28118898463
Bamyan,223.75,1128.4211561750526,0.09725061356460016,0.07167896331218725,68813.28571424814
Bamyan,224.0,1128.4200828304251,0.09531521749754696,0.07025249398369263,68813.29014945816
Bamyan,224.25,1128.4190308465636,0.09341833613781785,0.06885441075980497,68813.29449640661
Bamyan,224.5,1128.4179997992253,0.09155920462499624,0.0674841499548454,68813.29875684626
Bamyan,224.75,1128.416989272112,0.08973707241845358,0.06614115843630944,68813.3029324971
Bamyan,225.0,1128.415998856806,0.08795120318218569,0.06482489353996375,68813.30702504654
Bamyan,225.25,1128.41502815277,0.08620087478481271,0.06353482306984606,68813.31103614945
Bamyan,225.5,1128.4140767673473,0.0844853792995792,0.06227042529826524,68813.31496742812
Bamyan,225.75,1128.4131443157617,0.08280402300435404,0.06103118896580123,68813.31882047234
Bamyan,226.0,1128.4122304208931,0.08115612597781631,0.05981661298295757,68813.32259684021
Bamyan,226.25,1128.411334713448,0.07954102240968033,0.058626206654778766,68813.32629805755
Bamyan,226.5,1128.4104568322741,0.07795806116597338,0.057459490100880334,68813.32992561652
Bamyan,226.75,1128.409596422967,0.07640660327623407,0.05631599240518388,68813.33348098141
Bamyan,227.0,1128.40875313781,0.07488602182462727,0.05519525153564186,68813.3369655889
Bamyan,227.25,1128.4079266357733,0.07339570194994412,0.05409681434423756,68813.34038084799
Bamyan,227.5,1128.4071165825144,0.071935040845602,0.053020236566985145,68813.34372814014
Bamyan,227.75,1128.4063226503786,0.07050344775964457,0.05196508282392961,68813.3470088191
Bamyan,228.0,1128.4055445182967,0.0691003438121462,0.0509309264843542,68813.35022421146
Bamyan,228.25,1128.4047818715985,0.06772516166033357,0.04991734941695009,68813.35337561739
Bamyan,228.5,1128.4040344028288,0.06637734696860005,0.04892394307452993,68813.35646430719
Bamyan,228.75,1128.403301810373,0.06505635593051907,0.04795030666990286,68813.35949152708
Bamyan,229.0,1128.4025837982635,0.06376165492006172,0.04699604691880233,68813.36245849995
Bamyan,229.25,1128.4018800761812,0.06249272049159665,0.046060778039886036,68813.36536642534
Bamyan,229.5,1128.4011903594528,0.06124903937989009,0.045144121754735936,68813.36821647947
Bamyan,229.75,1128.4005143690536,0.060030108500105914,0.04424570728785826,68813.37100981521
Bamyan,230.0,1128.3998518316052,0.05883543494780557,0.043365171366683504,68813.37374756213
Bamyan,230.25,1128.3992024790357,0.05766453538419143,0.04250215776732806,68813.37643082788
Bamyan,230.5,1128.3985660492624,0.05651693726988692,0.0416563182222298,68813.3790606953
Bamyan,230.75,1128.3979422857144,0.055392178002213424,0.04082731178701387,68813.38163822456
Bamyan,231.0,1128.3973309365651,0.05428980353142707,0.04001480382091182,68813.38416445615
Bamyan,231.25,1128.3967317547324,0.05320936836063417,0.03921846598669931,68813.38664041097
Bamyan,231.5,1128.3961444978784,0.0521504355457912,0.03843797625069603,68813.38906709038
Bamyan,231.75,1128.3955689284094,0.051112576695704806,0.03767301888276579,68813.39144547607
Bamyan,232.0,1128.3950048134757,0.05009537197203184,0.0369232844563164,68813.39377653015
Bamyan,232.25,1128.394451924946,0.049098410041894566,0.03618846981334365,68813.39606119525
Bamyan,232.5,1128.3939100390826,0.0481212874946666,0.03546827763307351,68813.39830039584
Bamyan,232.75,1128.3933789374248,0.0471636104343825,0.03476241760548864,68813.4004950346
Bamyan,233.0,1128.3928584058276,0.046224992746035365,0.03407060515529606,68813.40264599632
Bamyan,233.25,1128.39234823411,0.0453050554600238,0.03339256097352787,68813.40475414951
Bamyan,233.5,1128.3918482160539,0.04440342675215191,0.03272801101754133,68813.40682034624
Bamyan,233.75,1128.3913581494048,0.04351974194362929,0.03207668651101878,68813.4088454222
Bamyan,234.0,1128.3908778358718,0.042653643501071044,0.0314383239439677,68813.41083019674
Bamyan,234.25,1128.3904070811268,0.04180478103649774,0.030812665072720673,68813.41277547283
Bamyan,234.5,1128.389945694786,0.04097281127163628,0.03019945689360305,68813.41468203711
Bamyan,234.75,1128.3894934901023,0.04015739748637268,0.029598451235274124,68813.41655066123
Bamyan,235.0,1128.3890502847898,0.039358211005143445,0.029009405854109792,68813.4183820984
Bamyan,235.25,1128.3886159002,0.03857492970828582,0.02843208333838917,68813.42017708681
Bamyan,235.5,1128.3881901609748,0.03780723740992914,0.027866250649788045,68813.42193635102
Bamyan,235.75,1128.3877728950472,0.037054823857994836,0.027311679123378868,68813.42366060203
Bamyan,236.0,1128.387363933642,0.036317384734196434,0.026768144467630765,68813.42535053722
Bamyan,236.25,1128.3869631112752,0.03559462165403955,0.02623542676440952,68813.42700684037
Bamyan,236.5,1128.3865702657536,0.03488624216682192,0.025713310468977582,68813.42863018168
Bamyan,236.75,1128.3861852381754,0.03419195975563335,0.025201584409994076,68813.43022121771
Bamyan,237.0,1128.3858078727058,0.03351149343298558,0.024700041491034556,68813.43178059244
Bamyan,237.25,1128.3854380169826,0.03284456847457671,0.02420847923049108,68813.43330893537
Bamyan,237.5,1128.385075522053,0.03219091630141896,0.023726699675971102,68813.43480686203
Bamyan,237.75,1128.3847202416837,0.03155027323822806,0.023254508489312407,68813.43627497664
Bamyan,238.0,1128.3843720323564,0.030922380505583973,0.02279171494080286,68813.43771387226
Bamyan,238.25,1128.384030753269,0.030306984219930902,0.022338131909180388,68813.43912413066
Bamyan,238.5,1128.383696266334,0.0297038353935773,0.021893575881632998,68813.44050632245
Bamyan,238.75,1128.3833684361803,0.02911268993469587,0.02145786695379876,68813.44186100698
Bamyan,239.0,1128.3830471301512,0.028533308647323553,0.021030828829765827,68813.44318873243
Bamyan,239.25,1128.3827322182872,0.02796545719670116,0.02061228879651,68813.44449003578
Bamyan,239.5,1128.3824235730738,0.02740890565802344,0.020202077390586617,68813.44576544393
Bamyan,239.75,1128.382121070159,0.026863429808684298,0.019800029350595386,68813.44701547074
Bamyan,240.0,1128.3818245876844,0.026328809921234108,0.01940598272829372,68813.44824061972
Bamyan,240.25,1128.3815340060157,0.02580483027966273,0.0190197785320591,68813.44944138524
Bamyan,240.5,1128.381249207744,0.02529127917939949,0.018641260726889108,68813.4506182524
Bamyan,240.75,1128.3809700776853,0.024787948927313196,0.01827027623440139,68813.4517716972
Bamyan,241.0,1128.38069650288,0.024294635841712132,0.01790667493283369,68813.4529021864
Bamyan,241.25,1128.3804283725938,0.02381114025234405,0.017550309657043826,68813.45401017755
Bamyan,241.5,1128.380165578317,0.023337266500396192,0.017201036198509694,68813.45509611904
Bamyan,241.75,1128.379908013748,0.02287282290826352,0.01685871328303469,68813.45616045012
Bamyan,242.0,1128.3796555745641,0.022417621366332702,0.01652320226563743,68813.45720360187
Bamyan,242.25,1128.379408159083,0.021971478526642163,0.016194368010373383,68813.45822599444
Bamyan,242.5,1128.3791656676776,0.02153421474643328,0.015872078112246155,68813.45922803953
Bamyan,242.75,1128.37892800253,0.021105653645099785,0.015556202570637268,68813.46021014132
Bamyan,243.0,1128.3786950676317,0.02068562210418781,0.01524661378930618,68813.46117269654
Bamyan,243.25,1128.3784667687828,0.020273950267395837,0.014943186576390273,68813.46211609444
Bamyan,243.5,1128.3782430135936,0.019870471540574742,0.014645798144404854,68813.46304071679
Bamyan,243.75,1128.378023711483,0.01947502259172777,0.014354328110243158,68813.46394693787
Bamyan,244.0,1128.377808773679,0.019087443351010536,0.014068658495176344,68813.46483512454
Bamyan,244.25,1128.3775981132194,0.018707577010731037,0.013788673724853501,68813.4657056361
Bamyan,244.5,1128.3773916447956,0.018335269744860237,0.013514260422380006,68813.4665588251
Bamyan,244.75,1128.3771892850195,0.017970371192088237,0.013245307763949063,68813.46739503609
Bamyan,245.0,1128.3769909525033,0.017612734596267,0.012981707582929656,68813.46821460538
Bamyan,245.25,1128.3767965673248,0.017262215844450545,0.012723353660883847,68813.46901786323
Bamyan,245.5,1128.3766060510216,0.016918673455015385,0.012470141718808322,68813.46980513386
Bamyan,245.75,1128.3764193265897,0.016581968577660512,0.012221969417134384,68813.47057673548
Bamyan,246.0,1128.3762363184853,0.016251964993407416,0.011978736355727953,68813.47133298022
Bamyan,246.25,1128.3760569526237,0.015928529114600066,0.011740344073889573,68813.47207417425
Bamyan,246.5,1128.3758811563791,0.015611529984904915,0.011506696050354408,68813.47280061764
Bamyan,246.75,1128.375708858586,0.015300839279310913,0.011277697703292237,68813.47351260448
Bamyan,247.0,1128.3755399895367,0.01499633130248535,0.011053256389095226,68813.47421042284
Bamyan,247.25,1128.375374480786,0.014697882636047991,0.010833281142157923,68813.4748943555
Bamyan,247.5,1128.3752122656183,0.014405372980030197,0.010617683294957225,68813.47556467817
Bamyan,247.75,1128.3750532788038,0.014118684713191693,0.010406376154369073,68813.47622166038
Bamyan,248.0,1128.3748974562795,0.013837702318126524,0.010199274577922468,68813.47686556689
Bamyan,248.25,1128.3747447351489,0.013562312381263075,0.009996294973799457,68813.47749665756
Bamyan,248.5,1128.374595053682,0.013292403592864056,0.009797355300835147,68813.47811518749
Bamyan,248.75,1128.3744483513167,0.013027866747026507,0.009602375068517697,68813.47872140694
Bamyan,249.0,1128.3743045686567,0.012768594741681797,0.009411275336988316,68813.47931556133
Bamyan,249.25,1128.3741636474724,0.012514482578595627,0.009223978717041273,68813.4798978913
Bamyan,249.5,1128.3740255307018,0.012265427363368029,0.009040409370123889,68813.48046863262
Bamyan,249.75,1128.373890162449,0.012021328305433359,0.008860493008336537,68813.48102801631
Bamyan,250.0,1128.373757487867,0.011782086505381933,0.008684156737576616,68813.48157626895
Bamyan,250.25,1128.373627453349,0.011547605300202305,0.008511329311774363,68813.4821136121
Bamyan,250.5,1128.3735000066604,0.011317790500403772,0.008341941307993664,68813.4826402616
Bamyan,250.75,1128.373375096498,0.011092549596937335,0.008175924541892358,68813.48315642943
Bamyan,251.0,1128.373252672483,0.010871791746781746,0.008013212057095886,68813.48366232378
Bamyan,251.25,1128.3731326851598,0.010655427772943508,0.007853738125197279,68813.484158149
Bamyan,251.5,1128.3730150859978,0.010443370164456877,0.007697438245757168,68813.48464410566
Bamyan,251.75,1128.3728998273898,0.010235533076383863,0.0075442491463037775,68813.48512039045
Bamyan,252.0,1128.3727868626524,0.010031832329814222,0.007394108782332927,68813.4855871963
Bamyan,252.25,1128.3726761460268,0.00983218541186547,0.007246956337308033,68813.48604471229
Bamyan,252.5,1128.3725676326771,0.009636511475682872,0.007102732222660108,68813.4864931237
Bamyan,252.75,1128.3724612786907,0.009444731336781526,0.0069613780750908995,68813.48693261197
Bamyan,253.0,1128.3723570409159,0.00925676718456075,0.0068228365437925905,68813.48736335542
Bamyan,253.25,1128.3722548773712,0.009072543318765336,0.006687051833239103,68813.48778552754
Bamyan,253.5,1128.372154747027,0.008891985753991865,0.006553969411879208,68813.48819929788
Bamyan,253.75,1128.3720566095772,0.008715021810433982,0.006423535710471742,68813.48860483296
Bamyan,254.0,1128.3719604254395,0.008541580113882409,0.006295698122085608,68813.4890022964
Bamyan,254.25,1128.3718661557564,0.00837159059572493,0.006170405002099768,68813.4893918487
Bamyan,254.5,1128.3717737623938,0.008204984492946401,0.0060476056682032524,68813.48977364751
Bamyan,254.75,1128.3716832079422,0.00804169434812875,0.005927250400395154,68813.49014784738
Bamyan,255.0,1128.3715944557155,0.007881654009450973,0.00580929044098463,68813.49051459991
Bamyan,255.25,1128.3715074697525,0.007724798630689135,0.005693677994590902,68813.49087405369
Bamyan,255.5,1128.371422214815,0.00757106467121637,0.005580366228143257,68813.49122635435
Bamyan,255.75,1128.3713386563904,0.007420389896002884,0.005469309270881043,68813.49157164451
Bamyan,256.0,1128.371256760589,0.0072727131961367346,0.00536046208200433,68813.4919100642
Bamyan,256.25,1128.3711764943257,0.007127974912533104,0.005253780689161511,68813.49224175014
Bamyan,256.5,1128.3710978254092,0.006986116996963519,0.005149222307319447,68813.49256683535
Bamyan,256.75,1128.3710207222127,0.006847082420225822,0.005046744902536272,68813.49288545053
Bamyan,257.0,1128.3709451536708,0.00671081516461547,0.004946307186411214,68813.49319772403
Bamyan,257.25,1128.3708710892788,0.006577260223925528,0.004847868616084596,68813.49350378194
Bamyan,257.5,1128.370798499093,0.006446363603446676,0.004751389394237833,68813.49380374797
Bamyan,257.75,1128.3707273537307,0.006318072319967205,0.0046568304690934375,68813.49409774355
Bamyan,258.0,1128.3706576243699,0.006192334401773017,0.004564153534415011,68813.49438588775
Bamyan,258.25,1128.37058928275,0.006069098888647624,0.004473321029507255,68813.4946682974
Bamyan,258.5,1128.3705223011711,0.005948315831872153,0.004384296139215959,68813.49494508692
Bamyan,258.75,1128.3704566524946,0.005829936294225342,0.004297042793928012,68813.49521636848
Bamyan,259.0,1128.3703923101418,0.005713912349685415,0.004211525669351611,68813.4954822519
Bamyan,259.25,1128.3703292479768,0.005600196869070779,0.0041277100284480275,68813.49574284519
Bamyan,259.5,1128.3702674405922,0.005488744037726306,0.004045562102976043,68813.49599825333
Bamyan,259.75,1128.3702068632163,0.005379509186604721,0.00396504896909965,68813.4962485787
Bamyan,260.0,1128.3701474915063,0.005272448420517242,0.0038861382733688687,68813.49649392186
Bamyan,260.25,1128.3700893015482,0.005167518618133577,0.003808798232719742,68813.49673438167
Bamyan,260.5,1128.370032269858,0.005064677431981926,0.0037329976344743386,68813.49697005514
Bamyan,260.75,1128.3699763733803,0.004963883288448982,0.003658705836340753,68813.49720103756
Bamyan,261.0,1128.369921589489,0.004865095387779926,0.0035858927664131055,68813.49742742242
Bamyan,261.25,1128.369867895987,0.004768273704078433,0.003514528923171541,68813.49764930145
Bamyan,261.5,1128.3698152711065,0.0046733789853066685,0.0034445853754822287,68813.4978667646
Bamyan,261.75,1128.3697636935092,0.0045803727532852875,0.0033760337625973647,68813.49807990005
Bamyan,262.0,1128.3697131422853,0.0044892173036934395,0.0033088462941551705,68813.49828879419
Bamyan,262.25,1128.3696635969545,0.0043998757060687635,0.003242995750179891,68813.49849353166
Bamyan,262.5,1128.3696150374267,0.004312311733355347,0.003178455429140063,68813.49869419547
Bamyan,262.75,1128.3695674440007,0.004226489859991447,0.00311519914646221,68813.49889086705
Bamyan,263.0,1128.3695207976216,0.004142375726093226,0.0030532015767522607,68813.49908362514
Bamyan,263.25,1128.3694750795871,0.004059935606987944,0.0029924378628141813,68813.49927254701
Bamyan,263.5,1128.3694302715185,0.0039791363619034355,0.0029328835778265182,68813.4994577086
Bamyan,263.75,1128.3693863553606,0.0038999454339681055,0.002874514725342397,68813.49963918455
Bamyan,264.0,1128.3693433133826,0.0038223308502109378,0.0028173077392895257,68813.4998170481
Bamyan,264.25,1128.3693011281773,0.0037462612215614878,0.0027612394839701903,68813.49999137118
Bamyan,264.5,1128.3692597826612,0.003671705742849885,0.002706287254061259,68813.5001622244
Bamyan,264.75,1128.3692192600747,0.003598634192806834,0.0026524287746141793,68813.50032967702
Bamyan,265.0,1128.369179543982,0.003527016934063613,0.002599642201054979,68813.50049379695
Bamyan,265.25,1128.3691406182709,0.0034568249131520746,0.002547906119184267,68813.50065465076
Bamyan,265.5,1128.3691024671537,0.0033880296605046456,0.0024971995451772318,68813.5008123037
Bamyan,265.75,1128.3690650751655,0.0033206032904543256,0.0024475019255836426,68813.50096681969
Bamyan,266.0,1128.3690284271463,0.0032545184651252084,0.0023987931107073493,68813.50111826134
Bamyan,266.25,1128.368992508191,0.003189748308005361,0.002351053290848052,68813.50126669028
Bamyan,266.5,1128.3689573039226,0.003126266894137333,0.002304263357656524,68813.50141216589
Bamyan,266.75,1128.368922800251,0.0030640488160523726,0.002258404584213388,68813.50155474641
Bamyan,267.0,1128.3688889833272,0.0030030691001405128,0.002213458563382966,68813.50169448907
Bamyan,267.25,1128.3688558395418,0.002943303206650575,0.00216940720781328,68813.5018314501
Bamyan,267.5,1128.368823355527,0.002884727029690167,0.002126232749936055,68813.50196568476
Bamyan,267.75,1128.3687915181547,0.002827316897225683,0.0020839177419667157,68813.50209724727
Bamyan,268.0,1128.3687603145381,0.002771049571082304,0.0020424450559043865,68813.5022261909
Bamyan,268.25,1128.3687297320312,0.0027159022469439983,0.002001797883531894,68813.5023525679
Bamyan,268.5,1128.3686997582274,0.002661852554353521,0.0019619597364157644,68813.50247642954
Bamyan,268.75,1128.3686703809622,0.0026088785567124143,0.001922914445906225,68813.5025978261
Bamyan,269.0,1128.3686415883105,0.0025569587512810064,0.001884646163137204,68813.50271680683
Bamyan,269.25,1128.3686133685887,0.0025060720691784132,0.0018471393590263304,68813.50283342005
Bamyan,269.5,1128.368585710353,0.0024561978753825367,0.0018103788242749333,68813.50294771302
Bamyan,269.75,1128.368558602377,0.0024073159254057275,0.0017743496374292482,68813.50305973213
Bamyan,270.0,1128.368532033634,0.002359406335855185,0.0017390371431433751,68813.50316952296
Bamyan,270.25,1128.3685059935124,0.0023124499723339714,0.0017044272381325758,68813.50327712935
Bamyan,270.5,1128.3684804716045,0.0022664280666014965,0.0016705060889974865,68813.50338259431
Bamyan,270.75,1128.3684554576776,0.00222132216732521,0.0016372600959217642,68813.50348596013
Bamyan,271.0,1128.3684309416751,0.0021771141400806016,0.001604675892672086,68813.50358726835
Bamyan,271.25,1128.3684069137164,0.0021337861673512,0.0015727403465981488,68813.50368655984
Bamyan,271.5,1128.3683833640957,0.002091320748528573,0.00154144055863267,68813.50378387466
Bamyan,271.75,1128.3683602832841,0.0020497006999123297,0.0015107638632913868,68813.50387925221
Bamyan,272.0,1128.3683376619279,0.0020089091547101164,0.0014806978286730568,68813.50397273115
Bamyan,272.25,1128.368315490849,0.0019689295630376203,0.0014512302564594582,68813.5040643494
Bamyan,272.5,1128.3682937610452,0.0019297456919185674,0.0014223491819153882,68813.50415414415
Bamyan,272.75,1128.3682724636901,0.0018913416252847243,0.001394042873888665,68813.50424215187
Bamyan,273.0,1128.368251590133,0.001853701763975896,0.0013662998348101271,68813.50432840834
Bamyan,273.25,1128.3682311318992,0.0018168108257399273,0.0013391088006936324,68813.50441294853
Bamyan,273.5,1128.368211080689,0.0017806538452327025,0.0013124587411360593,68813.50449580679
Bamyan,273.75,1128.3681914283402,0.0017452161033561539,0.001286338807225197,68813.5045770168
Bamyan,274.0,1128.368172166886,0.0017104832349383958,0.001260738410888488,68813.50465661152
Bamyan,274.25,1128.368153288659,0.0016764414127153034,0.001235647360534977,68813.50473462262
Bamyan,274.5,1128.3681347861218,0.0016430770460967206,0.001211055639019313,68813.50481108125
Bamyan,274.75,1128.3681166518638,0.0016103767715846627,0.0011869533965786886,68813.50488601802
Bamyan,275.0,1128.3680988785998,0.0015783274527733152,0.00116333095083284,68813.50495946305
Bamyan,275.25,1128.368081459171,0.0015469161803490356,0.001140178786784047,68813.50503144592
Bamyan,275.5,1128.3680643865443,0.0015161302720903512,0.0011174875568171327,68813.50510199569
Bamyan,275.75,1128.3680476538127,0.0014859572728679609,0.0010952480806994645,68813.50517114089
Bamyan,276.0,1128.3680312541949,0.0014563849546447344,0.0010734513455809527,68813.50523890957
Bamyan,276.25,1128.3680151810354,0.001427401316475712,0.0010520885059940518,68813.5053053292
Bamyan,276.5,1128.3679994278052,0.001398994584508105,0.0010311508838537595,68813.50537042679
Bamyan,276.75,1128.3679839881006,0.0013711532119812962,0.001010629968457617,68813.50543422878
Bamyan,277.0,1128.3679688556447,0.001343865879226838,0.0009905174164857094,68813.50549676112
Bamyan,277.25,1128.3679540242854,0.0013171214936684547,0.0009708050520006654,68813.50555804923
Bamyan,277.5,1128.3679394879975,0.0012909091898220418,0.0009514848664476574,68813.50561811801
Bamyan,277.75,1128.367925240881,0.0012652183289401176,0.000932549018392314,68813.50567699183
Bamyan,278.0,1128.367911277108,0.0012400384017326681,0.0009139897618060784,68813.50573469479
Bamyan,278.25,1128.3678975910664,0.0012153592884196441,0.0008957996377449159,68813.50579125006
Bamyan,278.5,1128.3678841773196,0.0011911711858698744,0.0008779714206617933,68813.50584668013
Bamyan,278.75,1128.3678710305198,0.0011674644502076299,0.0008604980023918659,68813.50590100708
Bamyan,279.0,1128.3678581454071,0.0011442295968126228,0.0008433723921524772,68813.50595425266
Bamyan,279.25,1128.3678455168097,0.0011214573003200073,0.0008265877165431587,68813.50600643823
Bamyan,279.5,1128.3678331396447,0.001099138394620379,0.0008101372195456302,68813.5060575848
Bamyan,279.75,1128.3678210089174,0.0010772638728597753,0.0007940142625237997,68813.50610771301
Bamyan,280.0,1128.3678091197212,0.001055824887439675,0.0007782123242237634,68813.50615684313
Bamyan,280.25,1128.3677974672376,0.001034812750016999,0.0007627250007738058,68813.50620499506
Bamyan,280.5,1128.367786046737,0.0010142189315041094,0.0007475460056843995,68813.50625218838
Bamyan,280.75,1128.3677748535777,0.00099403506206881,0.0007326691698482052,68813.50629844224
Bamyan,281.0,1128.3677638832064,0.0009742529311343464,0.0007180884415400721,68813.50634377547
Bamyan,281.25,1128.3677531311585,0.0009548644873794059,0.0007037978864170372,68813.50638820653
Bamyan,281.5,1128.3677425930568,0.0009358618387381173,0.000689791687518326,68813.50643175347
Bamyan,281.75,1128.3677322646133,0.0009172372524000511,0.0006760641452653524,68813.50647443405
Bamyan,282.0,1128.367722141628,0.0008989831548102194,0.0006626096774617178,68813.5065162656
Bamyan,282.25,1128.3677122199854,0.0008810921241900978,0.0006494228137801907,68813.50655726514
Bamyan,282.5,1128.3677024956148,0.0008635568213646657,0.0006364981447660439,68813.50659744948
Bamyan,282.75,1128.3676929646397,0.0008463702554409245,0.0006238305176703606,68813.50663683465
Bamyan,283.0,1128.3676836232828,0.0008295256149520756,0.0006114149119960156,68813.50667543625
Bamyan,283.25,1128.367674467827,0.0008130161974075278,0.000599246387568803,68813.50671326966
Bamyan,283.5,1128.3676654946162,0.0007968354092928982,0.0005873200845374362,68813.50675034996
Bamyan,283.75,1128.3676567000537,0.0007809767660700111,0.0005756312233735478,68813.50678669201
Bamyan,284.0,1128.367648080604,0.0007654338921768992,0.00056417510487169,68813.50682231046
Bamyan,284.25,1128.3676396327926,0.0007502005210278026,0.0005529471101493341,68813.50685721965
Bamyan,284.5,1128.3676313532037,0.0007352704950131693,0.000541942700646871,68813.50689143366
Bamyan,284.75,1128.3676232384837,0.0007206377654996551,0.000531157418127611,68813.5069249664
Bamyan,285.0,1128.3676152853386,0.0007062963928301237,0.0005205868846777834,68813.50695783144
Bamyan,285.25,1128.3676074905347,0.0006922405463236463,0.0005102268027065371,68813.50699004218
Bamyan,285.5,1128.367599850899,0.0006784645042755019,0.0005000729549459404,68813.5070216117
Bamyan,285.75,1128.367592363319,0.000664962653957178,0.0004901212044509807,68813.50705255289
Bamyan,286.0,1128.3675850247425,0.0006517294916163689,0.0004803674945995652,68813.50708287834
Bamyan,286.25,1128.367577832178,0.0006387596224769771,0.0004708078490925199,68813.50711260042
Bamyan,286.5,1128.367570782694,0.0006260477607391132,0.00046143837195359054,68813.50714173124
Bamyan,286.75,1128.3675638734196,0.0006135887295790951,0.0004522552475294422,68813.50717028267
Bamyan,287.0,1128.3675571015406,0.0006013774542770267,0.000443254735423819,68813.50719826634
Bamyan,287.25,1128.367550464271,0.0005894089112795817,0.00043443313294578277,68813.50722569376
Bamyan,287.5,1128.3675439589733,0.0005776783439604821,0.00042578693414739203,68813.50725257582
Bamyan,287.75,1128.367537583079,0.0005661811210444924,0.00041731272547457785,68813.50727892313
Bamyan,288.0,1128.3675313340598,0.0005549126837588802,0.0004090071468125571,68813.50730474618
Bamyan,288.25,1128.367525209428,0.0005438685458334178,0.0004008668914858325,68813.5073300552
Bamyan,288.5,1128.3675192067362,0.0005330442935003812,0.0003928887062581929,68813.50735486032
Bamyan,288.75,1128.3675133235763,0.0005224355854945505,0.00038506939133271296,68813.50737917151
Bamyan,289.0,1128.3675075575813,0.0005120381530532101,0.0003774058003517532,68813.50740299853
Bamyan,289.25,1128.3675019064244,0.0005018477999161482,0.00036989484039696025,68813.507426351
Bamyan,289.5,1128.3674963678181,0.0004918604023256572,0.0003625334719892665,68813.50744923837
Bamyan,289.75,1128.3674909395163,0.00048207190902653334,0.0003553187090888904,68813.50747166993
Bamyan,290.0,1128.3674856193122,0.00047247834126607705,0.0003482476190953362,68813.50749365479
Bamyan,290.25,1128.36748040504,0.00046307579279409304,0.0003413173228473942,68813.50751520191
Bamyan,290.5,1128.367475294573,0.0004538604298628897,0.0003345249946231406,68813.50753632007
Bamyan,290.75,1128.367470285826,0.0004448284912272797,0.00032786786213993737,68813.50755701789
Bamyan,291.0,1128.3674653767528,0.0004359762881445796,0.0003213432065544327,68813.50757730381
Bamyan,291.25,1128.3674605653482,0.00042730020437461026,0.0003149483624625605,68813.50759718615
Bamyan,291.5,1128.3674558496473,0.0004187966961796965,0.0003086807178995406,68813.507616673
Bamyan,291.75,1128.3674512277246,0.0004104622923246669,0.0003025377143398789,68813.50763577233
Bamyan,292.0,1128.3674466976956,0.0004022935940768546,0.0002965168466973671,68813.50765449193
Bamyan,292.25,1128.3674422576928,0.0003942872340350347,0.0002906156329761347,68813.5076728395
Bamyan,292.5,1128.3674379059275,0.00038643998688271154,0.00028483169590312493,68813.50769082246
Bamyan,292.75,1128.3674336406934,0.000378748775117469,0.00027916276715645913,68813.50770844783
Bamyan,293.0,1128.3674294603095,0.0003712105680799554,0.0002736066129407822,68813.50772572258
Bamyan,293.25,1128.367425363121,0.0003638223818001739,0.0002681610338739623,68813.50774265353
Bamyan,293.5,1128.3674213474987,0.0003565812789974829,0.00026282386498709034,68813.50775924743
Bamyan,293.75,1128.3674174118403,0.00034948436908059557,0.0002575929757244807,68813.50777551088
Bamyan,294.0,1128.3674135545682,0.0003425288081475801,0.0002524662699436706,68813.50779145042
Bamyan,294.25,1128.3674097741314,0.00033571179898585966,0.0002474416859154205,68813.50780707246
Bamyan,294.5,1128.3674060690046,0.00032903059107221245,0.00024251719632371362,68813.50782238328
Bamyan,294.75,1128.367402437688,0.00032248248057277143,0.0002376908082657566,68813.50783738909
Bamyan,295.0,1128.3673988787084,0.00031606481034302485,0.00023296056325197904,68813.50785209598
Bamyan,295.25,1128.367395390618,0.00030977496992781555,0.00022832453720603353,68813.50786650994
Bamyan,295.5,1128.3673919719952,0.0003036103955613417,0.0002237808404647959,68813.50788063684
Bamyan,295.75,1128.3673886214438,0.0002975685701671562,0.00021932761777836493,68813.50789448243
Bamyan,296.0,1128.3673853375942,0.0002916470233581671,0.00021496304831006247,68813.5079080524
Bamyan,296.25,1128.367382119102,0.0002858433314366372,0.0002106853456364336,68813.50792135228
Bamyan,296.5,1128.3673789646493,0.00028015511739418436,0.0002064927577472463,68813.50793438754
Bamyan,296.75,1128.3673758729435,0.0002745800509117816,0.00020238356704549171,68813.50794716351
Bamyan,297.0,1128.3673728427184,0.0002691158483597566,0.00019835609034738404,68813.5079596854
Bamyan,297.25,1128.3673698727337,0.00026376027279779215,0.00019440867888236062,68813.50797195839
Bamyan,297.5,1128.3673669617742,0.00025851113389326253,0.00019053971823288735,68813.50798398744
Bamyan,297.75,1128.3673641086327,0.0002533662542503487,0.00018674760351439945,68813.50799577757
Bamyan,298.0,1128.3673613121682,0.00024832357646056434,0.00018303081827981464,68813.5080073335
Bamyan,298.25,1128.3673585712909,0.00024338113538312602,0.00017938791409085903,68813.50801865972
Bamyan,298.5,1128.367355884927,0.00023853699481496388,0.0001758174638383095,68813.50802976068
Bamyan,298.75,1128.367353252019,0.00023378924749072202,0.0001723180617419939,68813.50804064074
Bamyan,299.0,1128.3673506715252,0.00022913601508275824,0.00016888832335079093,68813.5080513042
Bamyan,299.25,1128.36734814242,0.00022457544820114422,0.0001655268855426302,68813.5080617553
Bamyan,299.5,1128.3673456636936,0.00022010572639366539,0.00016223240652449224,68813.50807199824
Bamyan,299.75,1128.3673432343528,0.00021572505814582103,0.00015900356583240844,68813.50808203708
Bamyan,300.0,1128.36734085342,0.00021143168088082412,0.00015583906433146107,68813.50809187589
Bamyan,300.25,1128.3673385199338,0.0002072238609596016,0.00015273762421578335,68813.50810151864
Bamyan,300.5,1128.3673362329491,0.00020309989368079404,0.00014969798900855936,68813.50811096923
Bamyan,300.75,1128.367333991536,0.0001990581032807559,0.00014671892356202409,68813.5081202315
Bamyan,301.0,1128.3673317947819,0.00019509684293355544,0.00014379921405746336,68813.50812930922
Bamyan,301.25,1128.3673296417892,0.00019121449475097477,0.00014093766800521397,68813.5081382061
Bamyan,301.5,1128.367327531677,0.00018740946978250964,0.0001381331142446636,68813.5081469258
Bamyan,301.75,1128.3673254635796,0.00018368020801536974,0.00013538440294425075,68813.50815547188
Bamyan,302.0,1128.3673234366486,0.0001800251783744786,0.00013269040560146494,68813.50816384783
Bamyan,302.25,1128.3673214500507,0.00017644287872247333,0.00013005001504284643,68813.50817205712
Bamyan,302.5,1128.3673195029687,0.00017293183585970507,0.0001274621454239865,68813.5081801031
Bamyan,302.75,1128.3673175946021,0.00016949060552423867,0.00012492573222952732,68813.50818798912
Bamyan,303.0,1128.3673157241658,0.0001661177723918528,0.00012243973227316188,68813.50819571839
Bamyan,303.25,1128.367313890891,0.00016281195007603982,0.00012000312369763405,68813.5082032941
Bamyan,303.5,1128.3673120940232,0.00015957177795902075,0.00011761490363886399,68813.50821071936
Bamyan,303.75,1128.367310332814,0.00015639590681409,0.00011527407762682633,68813.50821799727
Bamyan,304.0,1128.3673086065744,0.00015328309389275454,0.00011297972967342847,68813.50822513066
Bamyan,304.25,1128.3673069146364,0.00015023213496082798,0.00011073097217865986,68813.50823212232
Bamyan,304.5,1128.367305256342,0.00014724184291913049,0.00010852693017216359,68813.50823897494
Bamyan,304.75,1128.367303631042,0.0001443110478034887,0.00010636674131323629,68813.50824569124
Bamyan,305.0,1128.3673020380973,0.00014143859678473586,0.00010424955589082825,68813.50825227381
Bamyan,305.25,1128.367300476878,0.00013862335416871174,0.00010217453682354329,68813.50825872528
Bamyan,305.5,1128.3672989467639,0.00013586420139626262,0.00010014085965963884,68813.50826504824
Bamyan,305.75,1128.3672974471442,0.00013316003704324136,9.814771257702596e-05,68813.50827124517
Bamyan,306.0,1128.3672959774174,0.00013050977682050731,9.619429638326923e-05,68813.50827731857
Bamyan,306.25,1128.367294536992,0.0001279123535739264,9.427982451558687e-05,68813.50828327089
Bamyan,306.5,1128.3672931252854,0.0001253667172843711,9.240352304085069e-05,68813.50828910453
Bamyan,306.75,1128.3672917417252,0.00012287183506772039,9.056463065558607e-05,68813.50829482186
Bamyan,307.0,1128.3672903857478,0.0001204266911748598,8.876239868597203e-05,68813.50830042522
Bamyan,307.25,1128.3672890567993,0.00011803028699168142,8.699609108784112e-05,68813.50830591688
Bamyan,307.5,1128.3672877543356,0.00011568164103908384,8.52649844466795e-05,68813.5083112991
Bamyan,307.75,1128.3672864778218,0.00011337978897297223,8.356836797762695e-05,68813.50831657408
Bamyan,308.0,1128.367285226733,0.00011112378358425826,8.190554352547683e-05,68813.508321744
Bamyan,308.25,1128.367284000553,0.00010891269479886016,8.027582556467606e-05,68813.50832681099
Bamyan,308.5,1128.3672827987755,0.00010674560967770271,7.867854119932518e-05,68813.50833177714
Bamyan,308.75,1128.367281620904,0.00010462163241671725,7.711303016317834e-05,68813.50833664449
Bamyan,309.0,1128.3672804664511,0.00010253988434684155,7.557864481964324e-05,68813.50834141507
Bamyan,309.25,1128.367279334939,0.00010049950393402006,7.407475016178119e-05,68813.50834609086
Bamyan,309.5,1128.3672782258993,9.849964677920367e-05,7.26007238123071e-05,68813.50835067379
Bamyan,309.75,1128.3672771388738,9.653948561834986e-05,7.115595602358947e-05,68813.50835516574
Bamyan,310.0,1128.36727607341,9.461820601260552e-05,6.973984650085648e-05,68813.50835956859
Bamyan,310.25,1128.3672750290666,9.273501066344736e-05,6.835180758174263e-05,68813.50836388418
Bamyan,310.5,1128.3672740054415,9.088917575358358e-05,6.699130576497204e-05,68813.50836811413
Bamyan,310.75,1128.3672730021433,8.907999498477524e-05,6.565782046214966e-05,68813.5083722601
Bamyan,311.0,1128.3672720187856,8.730677165611636e-05,6.435083815875897e-05,68813.50837632366
Bamyan,311.25,1128.3672710549874,8.556881866403385e-05,6.306985241416202e-05,68813.50838030639
Bamyan,311.5,1128.3672701103733,8.386545850228757e-05,6.181436386159935e-05,68813.50838420985
Bamyan,311.75,1128.3672691845723,8.219602326197024e-05,6.058388020819013e-05,68813.50838803558
Bamyan,312.0,1128.3672682772196,8.055985463150752e-05,5.937791623493199e-05,68813.50839178506
Bamyan,312.25,1128.3672673879555,7.895630389665797e-05,5.819599379670115e-05,68813.5083954598
Bamyan,312.5,1128.3672665164256,7.738473194051308e-05,5.703764182225238e-05,68813.50839906125
Bamyan,312.75,1128.3672656622805,7.584450924349724e-05,5.590239631421896e-05,68813.50840259087
Bamyan,313.0,1128.3672648251768,7.433501588336774e-05,5.4789800349112735e-05,68813.50840605007
Bamyan,313.25,1128.367264004776,7.28556415352148e-05,5.369940407732411e-05,68813.50840944023
Bamyan,313.5,1128.3672632007447,7.140578547146153e-05,5.2630764723122e-05,68813.50841276276
Bamyan,313.75,1128.3672624127553,6.998485656186397e-05,5.15834465846539e-05,68813.508416019
Bamyan,314.0,1128.3672616404851,6.859227327351109e-05,5.0557021033945795e-05,68813.50841921028
Bamyan,314.25,1128.3672608836173,6.722746367082472e-05,4.955106651690229e-05,68813.50842233791
Bamyan,314.5,1128.3672601418396,6.588986541555963e-05,4.8565168553306485e-05,68813.50842540318
Bamyan,314.75,1128.3672594148456,6.45789257668035e-05,4.7598919736820017e-05,68813.50842840737
Bamyan,315.0,1128.3672587023343,6.329410158097694e-05,4.665191973498309e-05,68813.5084313517
Bamyan,315.25,1128.3672580040097,6.203485931183345e-05,4.572377528921447e-05,68813.5084342374
Bamyan,315.5,1128.3672573195813,6.080067501045942e-05,4.481410021481142e-05,68813.5084370657
Bamyan,315.75,1128.3672566487637,5.959103432527419e-05,4.392251540094977e-05,68813.50843983774
Bamyan,316.0,1128.367255991277,5.840543250203001e-05,4.304864881068391e-05,68813.5084425547
Bamyan,316.25,1128.3672553468468,5.724337438381202e-05,4.219213548094674e-05,68813.5084452177
Bamyan,316.5,1128.367254715204,5.610437441103827e-05,4.1352617522549744e-05,68813.50844782786
Bamyan,316.75,1128.3672540960838,5.498795662145974e-05,4.0529744120182916e-05,68813.50845038627
Bamyan,317.0,1128.3672534892282,5.389365435157822e-05,3.9723171312330335e-05,68813.508452894
Bamyan,317.25,1128.367252894381,5.282100575144371e-05,3.893255868480873e-05,68813.50845535212
Bamyan,317.5,1128.3672523113119,5.176959597103825e-05,3.81576004655157e-05,68813.50845776155
Bamyan,317.75,1128.367251739802,5.073903037222503e-05,3.739800578010406e-05,68813.50846012322
Bamyan,318.0,1128.3672511796356,4.9728919330318864e-05,3.6653487449476273e-05,68813.50846243801
Bamyan,318.25,1128.3672506305988,4.873887823408625e-05,3.592376198978443e-05,68813.50846470681
Bamyan,318.5,1128.3672500924818,4.776852748574534e-05,3.5208549612430294e-05,68813.50846693049
Bamyan,318.75,1128.3672495650765,4.6817492500965936e-05,3.4507574224065257e-05,68813.50846910992
Bamyan,319.0,1128.3672490481779,4.588540370886951e-05,3.3820563426590354e-05,68813.5084712459
Bamyan,319.25,1128.3672485415839,4.497189655202918e-05,3.3147248517156276e-05,68813.50847333933
Bamyan,319.5,1128.3672480450953,4.407661148646973e-05,3.2487364488163354e-05,68813.50847539099
Bamyan,319.75,1128.3672475585151,4.319919398166762e-05,3.184065002726157e-05,68813.5084774017
Bamyan,320.0,1128.3672470816498,4.233929452055095e-05,3.120684751735055e-05,68813.50847937226
Bamyan,320.25,1128.3672466143082,4.149656859949947e-05,3.058570303657955e-05,68813.50848130348
Bamyan,320.5,1128.3672461563021,4.06706767283446e-05,2.9976966358347488e-05,68813.50848319611
Bamyan,320.75,1128.367245707446,3.986128443036944e-05,2.9380390951302934e-05,68813.50848505093
Bamyan,321.0,1128.3672452675573,3.9068062242308705e-05,2.8795733979344077e-05,68813.50848686871
Bamyan,321.25,1128.367244836456,3.8290685714348815e-05,2.8222756301618783e-05,68813.50848865016
Bamyan,321.5,1128.3672444139647,3.7528835410127805e-05,2.766122247252454e-05,68813.50849039604
Bamyan,321.75,1128.3672439999093,3.678219690673541e-05,2.711090074170849e-05,68813.50849210705
Bamyan,322.0,1128.3672435941182,3.605046079471299e-05,2.657156305406742e-05,68813.50849378391
Bamyan,322.25,1128.3672431964226,3.53333226780536e-05,2.604298504974777e-05,68813.50849542733
Bamyan,322.5,1128.3672428066563,3.46304831742019e-05,2.5524946064145605e-05,68813.50849703797
Bamyan,322.75,1128.3672424246563,3.394164791405428e-05,2.5017229127906655e-05,68813.50849861653
Bamyan,323.0,1128.367242050262,3.326652754195873e-05,2.4519620966926293e-05,68813.50850016365
Bamyan,323.25,1128.3672416833156,3.260483771571491e-05,2.4031912002349536e-05,68813.50850167999
Bamyan,323.5,1128.3672413236625,3.1956299106574175e-05,2.355389635057103e-05,68813.5085031662
Bamyan,323.75,1128.3672409711503,3.13206373992395e-05,2.3085371823235094e-05,68813.50850462289
Bamyan,324.0,1128.3672406256298,3.069758329186553e-05,2.2626139927235675e-05,68813.50850605071
Bamyan,324.25,1128.3672402869545,3.0086872496058576e-05,2.2176005864716365e-05,68813.50850745023
Bamyan,324.5,1128.3672399549803,2.9488245736876597e-05,2.1734778533070418e-05,68813.50850882205
Bamyan,324.75,1128.3672396295667,2.8901448752829225e-05,2.1302270524940716e-05,68813.50851016678
Bamyan,325.0,1128.3672393105746,2.8326231522639794e-05,2.0878297558114984e-05,68813.50851148496
Bamyan,325.25,1128.367238997879,2.7762368245337285e-05,2.046269320211987e-05,68813.50851277712
Bamyan,325.5,1128.3672386913654,2.7209652884452932e-05,2.005530559447265e-05,68813.50851404374
Bamyan,325.75,1128.3672383909213,2.6667881977428368e-05,1.9655984769840482e-05,68813.50851528527
Bamyan,326.0,1128.3672380964351,2.6136854452461342e-05,1.9264582525037827e-05,68813.50851650219
Bamyan,326.25,1128.3672378077965,2.561637162850572e-05,1.8880952419026453e-05,68813.50851769495
Bamyan,326.5,1128.3672375248966,2.5106237215271487e-05,1.850494977291545e-05,68813.50851886398
Bamyan,326.75,1128.367237247628,2.4606257313224738e-05,1.8136431669961204e-05,68813.50852000975
Bamyan,327.0,1128.3672369758847,2.411624041358769e-05,1.7775256955567425e-05,68813.50852113268
Bamyan,327.25,1128.3672367095614,2.3635997398338664e-05,1.742128623728513e-05,68813.50852223321
Bamyan,327.5,1128.3672364485546,2.3165341540212107e-05,1.707438188481264e-05,68813.50852331179
Bamyan,327.75,1128.3672361927624,2.2704088502698576e-05,1.67344080299956e-05,68813.50852436881
Bamyan,328.0,1128.3672359420839,2.2252056340044747e-05,1.640123056682695e-05,68813.50852540469
Bamyan,328.25,1128.3672356964191,2.1809065497253414e-05,1.6074717151446947e-05,68813.50852641986
Bamyan,328.5,1128.3672354556702,2.1374938810083478e-05,1.5754737202143167e-05,68813.50852741471
Bamyan,328.75,1128.36723521974,2.0949501505049957e-05,1.5441161899350487e-05,68813.50852838966
Bamyan,329.0,1128.3672349885328,2.0532581199423992e-05,1.5133864185651093e-05,68813.50852934508
Bamyan,329.25,1128.3672347619547,2.0124007901232836e-05,1.4832718765774492e-05,68813.50853028138
Bamyan,329.5,1128.3672345399125,1.972361400925985e-05,1.4537602106597494e-05,68813.50853119894
Bamyan,329.75,1128.3672343223147,1.933123431304452e-05,1.424839243714422e-05,68813.50853209812
Bamyan,330.0,1128.367234109071,1.8946705992882452e-05,1.39649697485861e-05,68813.50853297932
Bamyan,330.25,1128.3672339000923,1.8569868619825343e-05,1.3687215794241884e-05,68813.50853384289
Bamyan,330.5,1128.367233695291,1.8200564155681035e-05,1.3415014089577621e-05,68813.5085346892
Bamyan,330.75,1128.367233494581,1.7838636953013466e-05,1.3148249912206682e-05,68813.5085355186
Bamyan,331.0,1128.367233297877,1.7483933755142704e-05,1.2886810301889738e-05,68813.50853633144
Bamyan,331.25,1128.3672331050955,1.7136303696144916e-05,1.2630584060534777e-05,68813.50853712809
Bamyan,331.5,1128.367232916154,1.6795598300852395e-05,1.2379461752197093e-05,68813.50853790886
Bamyan,331.75,1128.3672327309719,1.646167148485355e-05,1.2133335703079302e-05,68813.50853867408
Bamyan,332.0,1128.367232549469,1.61343795544929e-05,1.1892100001531313e-05,68813.50853942412
Bamyan,332.25,1128.3672323715673,1.5813581206871082e-05,1.165565049805036e-05,68813.50854015927
Bamyan,332.5,1128.3672321971897,1.5499137529844855e-05,1.142388480528098e-05,68813.50854087985
Bamyan,332.75,1128.3672320262601,1.5190912002027085e-05,1.1196702298015028e-05,68813.50854158618
Bamyan,333.0,1128.3672318587048,1.4888770492786745e-05,1.097400411319166e-05,68813.50854227858
Bamyan,333.25,1128.3672316944503,1.4592581262248947e-05,1.0755693149897354e-05,68813.50854295734
Bamyan,333.5,1128.367231533425,1.4302214961294903e-05,1.0541674069365888e-05,68813.50854362275
Bamyan,333.75,1128.36723137556,1.4017547508272887e-05,1.0331855415190227e-05,68813.5085442751
Bamyan,334.0,1128.367231220797,1.3738473643122066e-05,1.0126159603620453e-05,68813.50854491463
Bamyan,334.25,1128.3672310690815,1.3464895325422984e-05,9.924514372389858e-06,68813.50854554157
Bamyan,334.5,1128.36723092036,1.3196715525472597e-05,9.726848204198813e-06,68813.50854615614
Bamyan,334.75,1128.367230774579,1.2933838217100174e-05,9.533090321418471e-06,68813.50854675854
Bamyan,335.0,1128.3672306316857,1.2676168377667303e-05,9.34317068609077e-06,68813.50854734903
Bamyan,335.25,1128.367230491628,1.2423611988067884e-05,9.157019999928431e-06,68813.5085479278
Bamyan,335.5,1128.367230354355,1.2176076032728133e-05,8.97456970431495e-06,68813.50854849505
Bamyan,335.75,1128.3672302198145,1.193346849960658e-05,8.795751980304619e-06,68813.50854905102
Bamyan,336.0,1128.3672300879568,1.1695698380194069e-05,8.6204997486225e-06,68813.5085495959
Bamyan,336.25,1128.367229958732,1.146267566951376e-05,8.448746669664446e-06,68813.5085501299
Bamyan,336.5,1128.3672298320905,1.1234311366121133e-05,8.28042714349709e-06,68813.50855065323
Bamyan,336.75,1128.3672297079834,1.1010517472103971e-05,8.115476309857849e-06,68813.50855116609
Bamyan,337.0,1128.3672295863628,1.0791206993082384e-05,7.953830048154916e-06,68813.50855166865
Bamyan,337.25,1128.3672294671808,1.0576293938208788e-05,7.795424977467279e-06,68813.50855216116
Bamyan,337.5,1128.36722935039,1.036569332016792e-05,7.640198456544697e-06,68813.50855264378
Bamyan,337.75,1128.3672292359445,1.0159321155176824e-05,7.48808858380772e-06,68813.5085531167
Bamyan,338.0,1128.3672291237979,9.95709446298487e-06,7.3390341973476755e-06,68813.50855358013
Bamyan,338.25,1128.3672290139045,9.758931266873736e-06,7.192974874926676e-06,68813.50855403426
Bamyan,338.5,1128.36722890622,9.564750593657414e-06,7.049850933977618e-06,68813.50855447924
Bamyan,338.75,1128.3672288006994,9.37447247368221e-06,6.909603431604177e-06,68813.50855491529
Bamyan,339.0,1128.3672286972992,9.188017940826754e-06,6.772174164580812e-06,68813.50855534257
Bamyan,339.25,1128.3672285959763,9.005309032501977e-06,6.637505669352771e-06,68813.50855576126
Bamyan,339.5,1128.3672284966879,8.826268789651139e-06,6.505541222036076e-06,68813.50855617157
Bamyan,339.75,1128.3672283993917,8.650821256749804e-06,6.376224838417536e-06,68813.50855657362
Bamyan,340.0,1128.3672283040466,8.478891481805855e-06,6.249501273954743e-06,68813.50855696762
Bamyan,340.25,1128.367228210611,8.31040551635949e-06,6.125316023776071e-06,68813.50855735372
Bamyan,340.5,1128.367228119045,8.14529041548322e-06,6.003615322680676e-06,68813.50855773212
Bamyan,340.75,1128.3672280293083,7.983474237781879e-06,5.884346145138499e-06,68813.50855810293
Bamyan,341.0,1128.3672279413618,7.8248860453926e-06,5.767456205290261e-06,68813.50855846636
Bamyan,341.25,1128.3672278551664,7.669455903984846e-06,5.652893956947468e-06,68813.50855882255
Bamyan,341.5,1128.3672277706844,7.517114882760386e-06,5.540608593592406e-06,68813.50855917165
Bamyan,341.75,1128.3672276878776,7.367795054453307e-06,5.430550048378145e-06,68813.50855951384
Bamyan,342.0,1128.3672276067093,7.2214294953300125e-06,5.322668994128541e-06,68813.50855984926
Bamyan,342.25,1128.3672275271426,7.077952285189218e-06,5.216916843338229e-06,68813.50856017804
Bamyan,342.5,1128.3672274491416,6.9372985073619535e-06,5.113245748172625e-06,68813.50856050037
Bamyan,342.75,1128.367227372671,6.7994042487115685e-06,5.011608600467934e-06,68813.50856081638
Bamyan,343.0,1128.367227297696,6.664206599633721e-06,4.911959031731138e-06,68813.5085611262
Bamyan,343.25,1128.367227224182,6.531643654056385e-06,4.814251413140004e-06,68813.50856142998
Bamyan,343.5,1128.3672271520961,6.401655742889196e-06,4.718441764659576e-06,68813.50856172787
Bamyan,343.75,1128.3672270814127,6.274197083965964e-06,4.624496341726396e-06,68813.50856201995
Bamyan,344.0,1128.367227012109,6.149226444077917e-06,4.532384752715149e-06,68813.50856230634
Bamyan,344.25,1128.3672269441622,6.026702381432878e-06,4.442076452277649e-06,68813.50856258711
Bamyan,344.5,1128.3672268775492,5.906583798127951e-06,4.353541148535817e-06,68813.50856286238
Bamyan,344.75,1128.3672268122477,5.7888299401495235e-06,4.266748803081682e-06,68813.50856313223
Bamyan,345.0,1128.3672267482352,5.673400397373262e-06,4.181669630977384e-06,68813.50856339675
Bamyan,345.25,1128.3672266854894,5.560255103564121e-06,4.098274100755166e-06,68813.50856365604
Bamyan,345.5,1128.3672266239885,5.449354336376332e-06,4.016532934417384e-06,68813.50856391019
Bamyan,345.75,1128.3672265637103,5.340658717353413e-06,3.936417107436499e-06,68813.50856415927
Bamyan,346.0,1128.3672265046334,5.234129211928162e-06,3.857897848755083e-06,68813.5085644034
Bamyan,346.25,1128.3672264467361,5.129727129422664e-06,3.780946640785814e-06,68813.50856464265
Bamyan,346.5,1128.3672263899975,5.027414123048281e-06,3.7055352194114796e-06,68813.5085648771
Bamyan,346.75,1128.3672263343963,4.9271521899056605e-06,3.6316355739849742e-06,68813.50856510688
Bamyan,347.0,1128.3672262799116,4.828903670984732e-06,3.559219947329302e-06,68813.50856533203
Bamyan,347.25,1128.367226226523,4.732631251164708e-06,3.488260835737574e-06,68813.50856555265
Bamyan,347.5,1128.3672261742095,4.638297959214083e-06,3.4187309889730106e-06,68813.50856576882
Bamyan,347.75,1128.3672261229513,4.545867167790635e-06,3.3506034102689393e-06,68813.50856598064
Bamyan,348.0,1128.3672260727278,4.455302593441425e-06,3.283851356328797e-06,68813.50856618817
Bamyan,348.25,1128.3672260235194,4.366568296602793e-06,3.218448337326128e-06,68813.50856639152
Bamyan,348.5,1128.3672259753062,4.279628681600364e-06,3.1543681169045844e-06,68813.50856659075
Bamyan,348.75,1128.3672259280686,4.194448496649049e-06,3.091584712177929e-06,68813.50856678595
Bamyan,349.0,1128.3672258817876,4.110992833853035e-06,3.030072393730029e-06,68813.50856697721
Bamyan,349.25,1128.3672258364436,4.029227129205796e-06,2.969805685614862e-06,68813.50856716458
Bamyan,349.5,1128.367225792018,3.9491171625900874e-06,2.9107593653565145e-06,68813.50856734817
Bamyan,349.75,1128.3672257484916,3.870629057777948e-06,2.8529084639491798e-06,68813.50856752803
Bamyan,350.0,1128.367225705846,3.793729282430697e-06,2.79622826585716e-06,68813.50856770425
Bamyan,350.25,1128.367225664063,3.7183846480989377e-06,2.7406943090148653e-06,68813.50856787691
Bamyan,350.5,1128.367225623124,3.644562310222557e-06,2.6862823848268135e-06,68813.50856804609
Bamyan,350.75,1128.3672255830115,3.5722297681307233e-06,2.6329685381676325e-06,68813.50856821185
Bamyan,351.0,1128.367225543707,3.5013548650418855e-06,2.5807290673820565e-06,68813.50856837427
Bamyan,351.25,1128.3672255051936,3.431905788063778e-06,2.5295405242849285e-06,68813.50856853342
Bamyan,351.5,1128.3672254674532,3.3638510681934183e-06,2.4793797141611995e-06,68813.50856868937
Bamyan,351.75,1128.3672254304688,3.297159580317104e-06,2.4302236957659297e-06,68813.50856884221
Bamyan,352.0,1128.3672253942232,3.2318005432104158e-06,2.3820497813242864e-06,68813.50856899198
Bamyan,352.25,1128.3672253587,3.1677435195382176e-06,2.334835536531545e-06,68813.50856913878
Bamyan,352.5,1128.3672253238817,3.1049584158546553e-06,2.2885587805530917e-06,68813.50856928265
Bamyan,352.75,1128.3672252897525,3.04341548260316e-06,2.2431975860244165e-06,68813.50856942369
Bamyan,353.0,1128.3672252562958,2.983085314116441e-06,2.198730279051121e-06,68813.50856956195
Bamyan,353.25,1128.3672252234958,2.9239388486164934e-06,2.155135439208914e-06,68813.50856969749
Bamyan,353.5,1128.367225191336,2.865947368214594e-06,2.112391899543612e-06,68813.50856983039
Bamyan,353.75,1128.367225159801,2.8090824989113005e-06,2.0704787465711417e-06,68813.5085699607
Bamyan,354.0,1128.3672251288754,2.7533162105964574e-06,2.029375320277535e-06,68813.5085700885
Bamyan,354.25,1128.3672250985435,2.6986208170491867e-06,1.989061214118933e-06,68813.50857021383
Bamyan,354.5,1128.3672250687903,2.6449689759378966e-06,1.949516275021588e-06,68813.50857033678
Bamyan,354.75,1128.367225039603,2.5923372025292103e-06,1.9107231931994626e-06,68813.5085704574
Bamyan,355.0,1128.3672250109837,2.540730112671336e-06,1.8726853707102436e-06,68813.50857057566
Bamyan,355.25,1128.3672249829262,2.490135726394781e-06,1.8353939774847886e-06,68813.5085706916
Bamyan,355.5,1128.3672249554204,2.4405365435496823e-06,1.7988361147463563e-06,68813.50857080526
Bamyan,355.75,1128.367224928457,2.3919152322179853e-06,1.762999007717011e-06,68813.50857091669
Bamyan,356.0,1128.3672249020265,2.344254628713445e-06,1.727870005617622e-06,68813.50857102592
Bamyan,356.25,1128.367224876119,2.2975377375816283e-06,1.6934365816678645e-06,68813.50857113297
Bamyan,356.5,1128.367224850726,2.25174773159991e-06,1.6596863330862187e-06,68813.50857123791
Bamyan,356.75,1128.3672248258374,2.2068679517774753e-06,1.6266069810899706e-06,68813.50857134075
Bamyan,357.0,1128.3672248014445,2.1628819073553204e-06,1.5941863708952118e-06,68813.50857144155
Bamyan,357.25,1128.3672247775382,2.11977327580625e-06,1.562412471716839e-06,68813.50857154034
Bamyan,357.5,1128.3672247541094,2.07752590283488e-06,1.5312733767685541e-06,68813.50857163715
Bamyan,357.75,1128.3672247311497,2.036123802377634e-06,1.5007573032628654e-06,68813.50857173203
Bamyan,358.0,1128.3672247086497,1.995551156602749e-06,1.4708525924110856e-06,68813.508571825
Bamyan,358.25,1128.367224686601,1.9557923159102683e-06,1.4415477094233338e-06,68813.50857191611
Bamyan,358.5,1128.367224664995,1.9168317989320475e-06,1.4128312435085338e-06,68813.5085720054
Bamyan,358.75,1128.3672246438234,1.8786542925317509e-06,1.384691907874415e-06,68813.50857209289
Bamyan,359.0,1128.3672246230776,1.8412446518048536e-06,1.357118539727513e-06,68813.50857217862
Bamyan,359.25,1128.3672246027493,1.80458790007864e-06,1.3301001002731676e-06,68813.50857226262
Bamyan,359.5,1128.3672245828302,1.7686692289122044e-06,1.303625674715525e-06,68813.50857234493
Bamyan,359.75,1128.3672245633122,1.7334739980964513e-06,1.2776844722575366e-06,68813.50857242559
Bamyan,360.0,1128.3672245441876,1.698987735654095e-06,1.2522658261009593e-06,68813.50857250462
Bamyan,360.25,1128.3672245254481,1.6651961378396595e-06,1.227359193446355e-06,68813.50857258205
Bamyan,360.5,1128.3672245070861,1.632085069139479e-06,1.2029541554930918e-06,68813.50857265794
Bamyan,360.75,1128.3672244890938,1.5996405622716973e-06,1.1790404174393429e-06,68813.50857273229
Bamyan,361.0,1128.3672244714633,1.5678488181862688e-06,1.1556078084820864e-06,68813.50857280515
Bamyan,361.25,1128.3672244541874,1.5366962060649569e-06,1.132646281817107e-06,68813.50857287653
Bamyan,361.5,1128.3672244372583,1.5061692633213356e-06,1.1101459146389941e-06,68813.50857294649
Bamyan,361.75,1128.367224420669,1.4762546956007882e-06,1.0880969081411428e-06,68813.50857301505
Bamyan,362.0,1128.367224404412,1.446939376780508e-06,1.0664895875157532e-06,68813.50857308222
Bamyan,362.25,1128.3672243884798,1.4182103489694992e-06,1.0453144019538315e-06,68813.50857314805
Bamyan,362.5,1128.367224372866,1.3900548225085745e-06,1.0245619246451887e-06,68813.50857321257
Bamyan,362.75,1128.3672243575631,1.3624601759703575e-06,1.0042228527784419e-06,68813.50857327582
Bamyan,363.0,1128.3672243425644,1.3354139561592813e-06,9.842880075410138e-07,68813.5085733378
Bamyan,363.25,1128.367224327863,1.3089038781115885e-06,9.647483341191316e-07,68813.50857339855
Bamyan,363.5,1128.3672243134522,1.2829178250953333e-06,9.455949016978287e-07,68813.5085734581
Bamyan,363.75,1128.3672242993252,1.2574438486103773e-06,9.268189034609431e-07,68813.50857351648
Bamyan,364.0,1128.367224285476,1.2324701683883937e-06,9.084116565911199e-07,68813.50857357371
Bamyan,364.25,1128.3672242718976,1.2079851723928656e-06,8.903646022698081e-07,68813.50857362982
Bamyan,364.5,1128.3672242585837,1.183977416819085e-06,8.726693056772626e-07,68813.50857368483
Bamyan,364.75,1128.3672242455286,1.1604356260941545e-06,8.553174559925441e-07,68813.50857373879
Bamyan,365.0,1128.3672242327254,1.1373486928769873e-06,8.383008663935186e-07,68813.50857379168
